,label
AAACAAGTATCTCCCA-1,L3
AAACAATCTACTAGCA-1,L1
AAACACCAATAACTGC-1,WM
AAACAGAGCGACTCCT-1,L3
AAACAGGGTCTATATT-1,L6
AAACATTTCCCGGATT-1,L3
AAACCCGAACGAAATC-1,L3
AAACCGGGTAGGTACC-1,L6
AAACCGTTCGTCCAGG-1,WM
AAACCTAAGCAGCCGG-1,L5
AAACCTCATGAAGTTG-1,L5
AAACGAAGAACATACC-1,L2
AAACGAGACGGTTGAT-1,L6
AAACGGGCGTACGGGT-1,L4
AAACGGTTGCGAACTG-1,L6
AAACTCGGTTCGCAAT-1,L6
AAACTCGTGATATAAG-1,L2
AAACTGCTGGCTCCAA-1,L6
AAACTTAATTGCACGC-1,WM
AAACTTGCAAACGTAT-1,L6
AAAGACATGAAGTTTA-1,L1
AAAGACCCAAGTCGCG-1,L2
AAAGACTGGGCGCTTT-1,L3
AAAGGCCCTATAATAC-1,WM
AAAGGCTACGGACCAT-1,WM
AAAGGCTCTCGCGCCG-1,WM
AAAGGGATGTAGCAAG-1,L5
AAAGGGCAGCTTGAAT-1,L3
AAAGGTAAGCTGTACC-1,L1
AAAGTAGCATTGCTCA-1,WM
AAAGTCACTGATGTAA-1,L2
AAAGTCGACCCTCAGT-1,L5
AAAGTGTGATTTATCT-1,L5
AAAGTTGACTCCCGTA-1,L5
AAATAACCATACGGGA-1,L3
AAATAAGGTAGTGCCC-1,L2
AAATACCTATAAGCAT-1,L6
AAATAGCTTAGACTTT-1,L3
AAATAGGGTGCTATTG-1,L5
AAATCCGATACACGCC-1,L4
AAATCGTGTACCACAA-1,L6
AAATCTAGCCCTGCTA-1,L3
AAATGATTCGATCAGC-1,L3
AAATGCTCGTTACGTT-1,L2
AAATGGCATGTCTTGT-1,L3
AAATGGCCCGTGCCCT-1,L6
AAATGGTCAATGTGCC-1,L6
AAATTAACGGGTAGCT-1,L6
AAATTACACGACTCTG-1,L3
AAATTACCTATCGATG-1,L4
AAATTCCAGGTCCAAA-1,L3
AAATTGATAGTCCTTT-1,WM
AAATTGCGGCGGTTCT-1,L1
AAATTTACCGAAATCC-1,L3
AAATTTGCGGGTGTGG-1,WM
AACAACTGGTAGTTGC-1,L5
AACAATACATTGTCGA-1,WM
AACAATTACTCTACGC-1,L4
AACACACGCTCGCCGC-1,L5
AACACGACTGTACTGA-1,L3
AACACGAGACGCGGCC-1,L6
AACACGCGGCCGCGAA-1,L1
AACAGCTGTGTGGCAA-1,WM
AACAGGAAATCGAATA-1,L3
AACAGGATGGGCCGCG-1,L4
AACAGGTAGTATGGAT-1,L3
AACATATCAACTGGTG-1,L4
AACATCGATACGTCTA-1,L2
AACATTGAAGTTGATC-1,WM
AACATTGTGACTCGAG-1,WM
AACCAAGACTTCTCTG-1,L5
AACCAGTATCACTCTT-1,L3
AACCATAGGGTTGAAC-1,WM
AACCATGGGATCGCTA-1,L2
AACCCAGAGACGGAGA-1,L3
AACCCATCCCATGATC-1,WM
AACCCGACAACCCGTG-1,WM
AACCCGAGCAGAATCG-1,L3
AACCCTACTGTCAATA-1,L5
AACCCTGGTGGAACCA-1,L3
AACCGAGCTTGGTCAT-1,L5
AACCGCTAAGGGATGC-1,L5
AACCGTTGTGTTTGCT-1,L3
AACCTAAAGCCGTCCG-1,L1
AACCTCGCTTTAGCCC-1,L5
AACCTGTCACGGAATT-1,L2
AACCTTTAAATACGGT-1,L6
AACCTTTACGACGTCT-1,L3
AACGATAATGCCGTAG-1,L6
AACGATAGAAGGGCCG-1,L3
AACGATATGTCAACTG-1,L5
AACGCATGATCTGGGT-1,L3
AACGCGAACGGCAACA-1,L1
AACGCGACCTTGGGCG-1,L6
AACGCGGTCTCCAGCC-1,L5
AACGCTGTTGCTGAAA-1,L4
AACGGACGTACGTATA-1,L5
AACGGCCATCTCCGGT-1,WM
AACGTACTGTGGGTAC-1,WM
AACGTAGTCTACCCAT-1,L1
AACGTCAGACTAGTGG-1,L4
AACGTGATGAAGGACA-1,L3
AACGTGCGAAAGTCTC-1,L6
AACTACCCGTTTGTCA-1,L3
AACTAGGCTTGGGTGT-1,L6
AACTCAAGTTAATTGC-1,L6
AACTCCAGAGCGTGTT-1,L4
AACTCCTAATCCCATG-1,L3
AACTCGATGGCGCAGT-1,L1
AACTCTCAATAGAGCG-1,L5
AACTCTCAGTGTGCTC-1,WM
AACTGATATTAGGCCT-1,L3
AACTGGGTCCCGACGT-1,L5
AACTGGGTTCGAGCCG-1,L2
AACTGGTGTGGGCCTT-1,L1
AACTTCTGCGTCTATC-1,L2
AACTTGCCCGTATGCA-1,L4
AACTTGCGTTCTCGCG-1,L1
AAGAAGGATCAGTTAG-1,L1
AAGACCCAACTGAACA-1,WM
AAGACTAACCCGTTGT-1,L1
AAGACTCACGCCCACT-1,L1
AAGACTGCAAGCTACT-1,L6
AAGAGATGAATCGGTA-1,L3
AAGAGCTCTTTATCGG-1,L6
AAGAGGATGTACGCGA-1,L6
AAGAGGCATGGATCGC-1,L6
AAGAGGCCCTTTGGAA-1,L3
AAGATGGCACCGGACC-1,WM
AAGATTGGCGGAACGT-1,L5
AAGCACCCTGCGTATC-1,L6
AAGCATACTCTCCTGA-1,L6
AAGCCGAAGCGGTTTA-1,L3
AAGCCGCCGTGAAATC-1,WM
AAGCGCAGGGCTTTGA-1,L5
AAGCGGCGTCATGGGT-1,L3
AAGCGTCCCTCATCGA-1,WM
AAGCTAGATCGAGTAA-1,L6
AAGCTCGTGCCAAGTC-1,L6
AAGCTCTTTCATGGTG-1,L5
AAGGAGCGGTTGGTGC-1,L5
AAGGATCGATCGCTTG-1,L3
AAGGATGAGGGACCTC-1,L5
AAGGCAGGCTGTCTCC-1,L3
AAGGCGCGTAAAGCTT-1,L4
AAGGCTGTGCTCATCG-1,L5
AAGGGAACGACTGGCT-1,WM
AAGGGACAGATTCTGT-1,L5
AAGGGACTATGCATTC-1,WM
AAGGTATCCTAATATA-1,L5
AAGGTGATAAACCAGC-1,L5
AAGTAAGCTTCCAAAC-1,L1
AAGTAGAAGACCGGGT-1,L3
AAGTAGTGACGCGAGG-1,L5
AAGTCAATTGTCGTCA-1,L4
AAGTGACGACCGAATT-1,L6
AAGTGAGTCGGGTTTA-1,WM
AAGTGCCTTGACTGTA-1,L3
AAGTGCGTTAGAATCT-1,WM
AAGTGTTTGGAGACGG-1,L5
AAGTTCACTCCAAGCT-1,L5
AAGTTCAGTCTGCGTA-1,L3
AAGTTCGGCCAACAGG-1,WM
AAGTTTACTAATGGCA-1,L1
AAGTTTATGGGCCCAA-1,L6
AATAACAACGCTCGGC-1,L5
AATAACACTAGAACAA-1,WM
AATAAGTCCTCGAGAC-1,L2
AATAATCTTCGTATCG-1,L2
AATACAATGTTTCAGG-1,L3
AATACCGGAGGGCTGT-1,WM
AATAGAACAGAGTGGC-1,WM
AATAGAATCTGTTTCA-1,L5
AATAGCTACCGCGTGC-1,L2
AATAGTCCGTCCCGAC-1,WM
AATATCAAGGTCGGAT-1,L1
AATATCGAATCAATGC-1,L3
AATATCGAGGGTTCTC-1,L3
AATATTGGAGTATTGA-1,L5
AATCAGACTGCAGGAC-1,L1
AATCATGTAAAGACTC-1,L4
AATCCAAGGGCCTGAG-1,L3
AATCCATGCAAGGGTG-1,L1
AATCGCCTCAGCGCCA-1,L6
AATCGCGCAGAGGACT-1,L3
AATCGGGACACTACGA-1,L2
AATCTAGGTTTACTTG-1,WM
AATCTATGCCGGAGCC-1,L3
AATCTGCGTTGGGACG-1,L5
AATCTGGCTTTCTAGT-1,WM
AATCTGGGTAGACCCT-1,L2
AATGACAGCAATGTCT-1,WM
AATGACGTAGGATGTC-1,L6
AATGACTGTCAGCCGG-1,L5
AATGAGTTCGCATATG-1,L1
AATGATGATACGCTAT-1,L4
AATGATGCGACTCCTG-1,L3
AATGCAACCGGGTACC-1,L5
AATGCACCAAGCAATG-1,L3
AATGGTCCACCGTTCA-1,L3
AATGGTTCTCACAAGC-1,L3
AATGTGCCCGAGGTGT-1,WM
AATGTGCTAATCTGAG-1,WM
AATTAAAGGTCGGCGT-1,L6
AATTAACGGATTTCCA-1,L6
AATTAGCGCTGCAGCG-1,L6
AATTCATAAGGGATCT-1,L4
AATTCCAAGCATGTAC-1,L6
AATTCGATTCGAGGAT-1,L5
AATTCTAGAGTTAGGC-1,L6
AATTGAACGCTCTGGT-1,L5
AATTGCAGCAATCGAC-1,L3
AATTGCGTGGATTACA-1,WM
AATTTGGGACATAGTA-1,L3
AATTTGGTTCCAAAGA-1,L3
ACAAACCATGCGTCCT-1,WM
ACAAACCGACAAGGCG-1,L1
ACAAAGCATGACCTAG-1,L3
ACAAATCGCACCGAAT-1,L5
ACAAATGGTAGTGTTT-1,L5
ACAAATTCAGATCTGA-1,L1
ACAACAGCATGAGCTA-1,L6
ACAACGGTCCCTGCGA-1,L3
ACAAGCAGTGCCTAGC-1,L4
ACAAGGAAATCCGCCC-1,L6
ACAAGGACAAGAGGTT-1,L5
ACAAGGATGCTTTAGG-1,L5
ACAAGGGCAGGCTCTG-1,L6
ACAATAGTCGTACGTT-1,L5
ACAATCCATTTAAACC-1,L5
ACAATGAATACGGAGA-1,WM
ACAATTGTGTCTCTTT-1,L4
ACAATTTGAGCAGTGG-1,L5
ACAATTTGGCCATATT-1,L2
ACACAAAGACGGGTGG-1,L5
ACACACCAGGACCAGT-1,L5
ACACACTTTCTACACG-1,L3
ACACATGATCAAATCT-1,WM
ACACCACATAATTAGC-1,L2
ACACCCAGCATGCAGC-1,L5
ACACCCGAGAAATCCG-1,L3
ACACCGGTCTGACCGC-1,WM
ACACCTTAAGTAGGGC-1,L5
ACACCTTACTACTTGC-1,L3
ACACGAGACTCCTTCT-1,L6
ACACGGCACTATGCAT-1,L3
ACACGGGAACTTAGGG-1,L6
ACACGTAGGCCACAAG-1,L3
ACACTCCAATGTCACT-1,L1
ACACTGATCAAGGTGT-1,WM
ACACTGGGACAGTCGT-1,L3
ACAGAACTGAGAACAA-1,WM
ACAGATTAGGTTAGTG-1,L2
ACAGCATAGAGCCAGT-1,L3
ACAGCGACATTCTCAT-1,L3
ACAGCGCACCCGCAGC-1,L3
ACAGGCTTGCCCGACT-1,L5
ACAGGTGGAGGTGAGG-1,WM
ACAGTAATACAACTTG-1,L6
ACATAATAAGGCGGTG-1,L5
ACATCCCGGCCATACG-1,WM
ACATCCTGGTAACTGT-1,L4
ACATCGATCGTTTACC-1,L6
ACATCGGTCAGCCGCG-1,L6
ACATCGTATGCAATGG-1,L5
ACATCGTTAACCTAGT-1,L3
ACATCTCAACGCGTAA-1,L2
ACATGGCGCCAAAGTA-1,L3
ACATGGCTCAATTTAG-1,L1
ACATTAGTTTATATCC-1,L6
ACCAAACTAGAAATCC-1,L1
ACCAACACCACACACT-1,L3
ACCAACCGCACTCCAC-1,L3
ACCAACGCTTATTTAT-1,WM
ACCAAGAACGCGTGTC-1,L3
ACCAATATGCAAGTTA-1,L5
ACCACAACTCAGAACA-1,L3
ACCACAAGTTTCTATC-1,L5
ACCACCAATGTAACAA-1,L3
ACCACGTGCAGCTATA-1,L6
ACCAGCCCGGTCTTTG-1,L2
ACCAGTGCCCGGTCAA-1,L1
ACCAGTGCGGGAGACG-1,L5
ACCATATCCGCAATAA-1,L6
ACCATCGTATATGGTA-1,L6
ACCCAACGCCCGTGGC-1,L5
ACCCACCTACATGCTC-1,L3
ACCCATCTTGAGGGTA-1,L6
ACCCATTTGTCCCTCT-1,L3
ACCCGAGCGAAATTAC-1,WM
ACCCGGAAACTCCCAG-1,L6
ACCCGGATGACGCATC-1,L4
ACCCGGTTACACTTCC-1,L6
ACCCGTGTCATCAGTA-1,WM
ACCCTATGCCATATCG-1,WM
ACCCTCCCTTGCTATT-1,L5
ACCCTGGTAACGCCCT-1,L2
ACCCTTCATCTGCGAA-1,L3
ACCCTTTAGTTCTCCA-1,L3
ACCGAAAGGGCCCTGC-1,L2
ACCGACACATCTCCCA-1,L6
ACCGACTGAGTCCCAC-1,L6
ACCGATAGGCATAACC-1,L2
ACCGATATTTAATCAT-1,L2
ACCGATGGTAGCATCG-1,L5
ACCGCAATAACTGCCT-1,L6
ACCGCGGTGGAAGTCG-1,L3
ACCGGGCCTTTGTTGA-1,L4
ACCGGTCAGGTACACC-1,WM
ACCGGTCTGAGTACGG-1,L1
ACCGTGACCACGTGGG-1,WM
ACCGTTCCCGCTCTGA-1,L1
ACCTAAGTACCTTTCA-1,WM
ACCTAATCGACTTCCT-1,L5
ACCTACAGTATGTGGT-1,L3
ACCTCCGCCCTCGCTG-1,L3
ACCTCCGTTATTCACC-1,L3
ACCTCGAACTTATGCT-1,WM
ACCTGCGTGTCATGTT-1,L6
ACGAAATGGGCGGCAC-1,L5
ACGACTGGTCATACTC-1,WM
ACGAGAACCCATCACG-1,L1
ACGAGATATTTGCTTA-1,L3
ACGAGGATACCACTCT-1,WM
ACGAGGTTTACAACGT-1,WM
ACGAGTACGGATGCCC-1,L3
ACGATACATAGAACTA-1,L5
ACGATCATACATAGAG-1,L5
ACGATCATCTTGTAAA-1,L4
ACGATGCATATGTTAT-1,L6
ACGATGGATCCGATGC-1,L3
ACGCAAACTAATAGAT-1,WM
ACGCAATCACTACAGC-1,L3
ACGCATACGTTTACTA-1,L3
ACGCATTCGTGAGTAC-1,L6
ACGCCAGATGATTTCT-1,L4
ACGCCCAGCTGTCGAT-1,L1
ACGCCGCTAGACGACC-1,L6
ACGCGAAGTCAGACGA-1,L6
ACGCGCTACACAGGGT-1,L6
ACGCGGGCCAAGGACA-1,L6
ACGCTAGTGATACACT-1,L4
ACGCTTAGTGTCTCTC-1,L2
ACGGAATTTAGCAAAT-1,L2
ACGGACTCTCAAAGCG-1,L5
ACGGAGCGCAAATTAC-1,L3
ACGGATGGTGCGGATA-1,L5
ACGGCACTTGCTTGGG-1,L6
ACGGCCAACATGGACT-1,WM
ACGGCGACGATGGGAA-1,L6
ACGGCGGGTTGCCCTG-1,L1
ACGGCTGGATGTAGAA-1,WM
ACGGGAGTGTCGGCCC-1,L6
ACGTACAGATTTCTCT-1,L3
ACGTAGATTGCTGATG-1,L6
ACGTATTACTCCGATC-1,L4
ACGTGCGCCTCGTGCA-1,L4
ACGTGGTCGAATGTGC-1,L2
ACGTTAATGTCGAAGA-1,L6
ACGTTAGATTTGCCCG-1,L6
ACGTTCCGCGCTCCGT-1,L2
ACGTTCGCAATCAATT-1,L3
ACGTTCGTTCAGGAAA-1,WM
ACGTTTAGTTGTGATC-1,L3
ACTAATACGTCAGGCG-1,L2
ACTACATCCCGACAAG-1,WM
ACTACCAGCTCTCTGG-1,L5
ACTACGCGTTAGAATT-1,WM
ACTAGTTGCGATCGTC-1,L3
ACTATATGCTGTGTTC-1,L2
ACTATCCAGGGCATGG-1,L3
ACTATCTGCCCGCGTA-1,L3
ACTATGTCCAGCTGCC-1,WM
ACTATTCGTCCGTGGT-1,L3
ACTATTTCCGGGCCCA-1,WM
ACTCAAGTGCAAGGCT-1,L5
ACTCAATAAAGGCACG-1,L5
ACTCAGACCTGCTTCT-1,L1
ACTCATGGCAGCCTTC-1,WM
ACTCCAATATCATCAT-1,WM
ACTCCCATTCCTAAAG-1,L6
ACTCCCGAATTCGTTT-1,L3
ACTCCCTAATGCTAAA-1,L6
ACTCCCTAGAATAGTA-1,L6
ACTCGTAACCCGTCCT-1,WM
ACTCGTCAGTAATCCC-1,L6
ACTCTCTGACTTAGGT-1,L6
ACTCTCTTATACACGA-1,L3
ACTCTTGTATAGTAAC-1,L6
ACTGAAACGCCGTTAG-1,L4
ACTGAATGGCGAAAGT-1,L5
ACTGATTTAGTGATTC-1,L3
ACTGCCGTCGTAACTC-1,L4
ACTGCGGACACACCGT-1,L2
ACTGTACGATACACAT-1,L6
ACTGTAGCACTTTGGA-1,L5
ACTGTATACGCGAGCA-1,L1
ACTGTCCAGGATTATA-1,L6
ACTGTCTTCTTTAGAA-1,L6
ACTGTGCTAGTAGATC-1,L2
ACTGTTTAGTGTAGGC-1,L1
ACTTACCGGGCGCGCA-1,L3
ACTTACGCATCCACGC-1,L5
ACTTAGTACGACAAGA-1,L2
ACTTATACTTACCCGG-1,L5
ACTTATCTGATCTATA-1,L1
ACTTATTAGGATCGGT-1,L6
ACTTATTTATGTGCCA-1,L5
ACTTCAGGCTGATCCC-1,L5
ACTTCCATGCGGGACA-1,L5
ACTTCGCCATACGCAC-1,L5
ACTTGACTCCCTCTTT-1,L6
ACTTGCCATATTGTAC-1,L1
ACTTGGGACCCGGTGG-1,L5
ACTTGTGGATGGAACG-1,L3
ACTTTACCCTCATGAA-1,L3
ACTTTCCTATAGCTTC-1,L6
ACTTTGGTCGTGCTCC-1,WM
ACTTTGTCGACGCACT-1,L2
AGAAATTATGACTCGC-1,L3
AGAACCCAGCGTGACA-1,L2
AGAACGTGGTACATTC-1,L6
AGAAGAGCGCCGTTCC-1,L5
AGAAGGTACACTTCAC-1,WM
AGAAGGTTGCCGAATT-1,L6
AGAAGGTTGTAGGTCG-1,L5
AGAAGTGATTCGTGAT-1,WM
AGAATGCGGGTTCGGA-1,L1
AGAATTATGGATTCGA-1,L4
AGAATTGTTTGACATA-1,L2
AGACATAGATCCTTCC-1,L1
AGACCATGGGATACAA-1,L3
AGACCCACCGCTGATC-1,L6
AGACCCGCCCTCCTCG-1,L5
AGACCGCTCCGCGGTT-1,L3
AGACCGGGAAACCCTG-1,L5
AGACGAAGTGCCGGTC-1,L4
AGACGACGATGCCGCT-1,WM
AGACGCCCACTTCGCC-1,L2
AGACGGGATTGGTATA-1,L1
AGACGGGCCGATTTAA-1,L1
AGACTAGCCTTCCAGA-1,L5
AGACTGTTACCGGGTC-1,WM
AGAGAACCGTCTAGGA-1,L5
AGAGAAGGAGTACAAT-1,WM
AGAGATCTCTAAAGCG-1,L5
AGAGCAGTTATGAGAC-1,L3
AGAGCCGCCGAGATTT-1,L3
AGAGCGGGCTAATCAT-1,L3
AGAGCGTACAAGCTCG-1,L3
AGAGCTACGAAAGCAT-1,L1
AGAGGCTTCGGAAACC-1,L3
AGAGTAAACTTCACTA-1,L3
AGAGTTAGAGACCGAT-1,L2
AGATAACTTCAGGGCC-1,L5
AGATACCGGTGTTCAC-1,L6
AGATACGACTTCATAT-1,L3
AGATACTCAAGATCGA-1,L5
AGATATAATACGACTA-1,L5
AGATCGTGCATAAGAT-1,L3
AGATCTCAGGTGTGAT-1,L6
AGATGACTCGCCCACG-1,L5
AGATGAGGGTTGCGAT-1,L3
AGATGATGGAGTCTGG-1,L3
AGATGCAAGACGTGCA-1,WM
AGATTATAGGACGTTT-1,L6
AGATTCACAACCGATA-1,WM
AGCAAAGGCCGCTAGT-1,L6
AGCAACATATCTTATT-1,L5
AGCAACCGAAAGTAAT-1,WM
AGCACACGTTTAGACT-1,WM
AGCACCAGTACTCACG-1,L5
AGCACTACCGGCCTGT-1,L5
AGCACTACCTCACCAG-1,L5
AGCACTTAAGGACGCC-1,L5
AGCAGAAGGAGAAAGA-1,L6
AGCAGCCAGATGAATA-1,WM
AGCATATCAATATGCT-1,L4
AGCATCATTTCGAAAG-1,WM
AGCATCGTCGATAATT-1,L5
AGCCAAGCTTTGTGTC-1,L6
AGCCACAGGTTACCCG-1,L4
AGCCACTCCCGTGCTT-1,L5
AGCCCATACATGTAAG-1,L6
AGCCCGGCATTAGAGG-1,WM
AGCCCGGTAGCCTGTA-1,WM
AGCCCTAAGCGAAGTT-1,L3
AGCCCTCCCTGGTGGC-1,WM
AGCCCTGTCGCACCGT-1,L2
AGCCCTTCTAATCCGA-1,L3
AGCCCTTGGACATCCC-1,L3
AGCCGTGGCTAAATGT-1,WM
AGCCTAATACCCACGT-1,L6
AGCGACAGGAACGGTC-1,WM
AGCGACATCCCATTCA-1,L4
AGCGACCAACGATATT-1,L5
AGCGAGACGTGAAGGC-1,WM
AGCGCATAATGAATCG-1,WM
AGCGCGGGTGCCAATG-1,L4
AGCGCTAGAGCGATGT-1,L2
AGCGCTTATGGGCAAG-1,L2
AGCGGACACTTCGTAG-1,L6
AGCGGCGGTTAGCGGT-1,L6
AGCGGGAAGGGTCCAT-1,L2
AGCGGGTCTGACACTC-1,L6
AGCGGTTGAGATGTAC-1,L1
AGCGTACGAGAGCTAG-1,L1
AGCGTAGCGCTAGACC-1,L1
AGCGTCTGAACCCGCA-1,L1
AGCGTGGTATTCTACT-1,L6
AGCGTTCCGATTTAAA-1,L2
AGCTAACAAGCAATGT-1,WM
AGCTAAGTACGCAGGC-1,L5
AGCTAGAAGCAGAAGT-1,L3
AGCTATTTAATCCAAC-1,L3
AGCTCCATATATGTTC-1,L3
AGCTCCTTCGCACATC-1,L5
AGCTCTAGACGTTCCA-1,L6
AGCTCTTCCCAGTGCA-1,L3
AGCTCTTCGTAACCTT-1,L3
AGCTCTTTACTCAGTT-1,L6
AGCTGAAGTAAACCAA-1,L4
AGCTGTAACCTCAATC-1,WM
AGCTTCAATACTTTGA-1,L1
AGCTTGATCTTAACTT-1,L5
AGGAAGCTGTCCGCCG-1,L6
AGGACAGTCGAATCCC-1,L5
AGGACATCGCACGTCG-1,L3
AGGACGACCCATTAGA-1,WM
AGGACGCTCGATGTTG-1,L3
AGGAGGCCTTCGCGCG-1,L4
AGGATAAAGTCGGGAT-1,L6
AGGATATAGGGATTTA-1,L4
AGGATCACGCGATCTG-1,L6
AGGCAAAGAGGAATCA-1,L1
AGGCACGTGACTGTCC-1,L3
AGGCAGATGCGTAAAC-1,L5
AGGCAGGGAGCGTACT-1,WM
AGGCATTGTCGTAGGG-1,L4
AGGCCACCCGTTATGA-1,L5
AGGCCCAGTGACTGGT-1,L1
AGGCCCATTGTACAGG-1,L3
AGGCCCTAGAACGCCA-1,L6
AGGCCTGAGAATCTCG-1,L5
AGGCGATAACTGGCGT-1,L2
AGGCGGTTTGTCCCGC-1,WM
AGGCGTCTATGGACGG-1,L2
AGGCTATGGTTAGCTT-1,L3
AGGCTTCCCGAAGAAG-1,WM
AGGCTTGCTAGACACC-1,L3
AGGGAAACGAGGTACT-1,L3
AGGGACCGGCTGCGTT-1,L3
AGGGACTCTACGCGAC-1,WM
AGGGAGACATACTTCG-1,L3
AGGGCAGCGGCGTGGT-1,L3
AGGGCGAGCAGCTGAT-1,L6
AGGGCGTGATCGGCTA-1,L3
AGGGCTGCAGTTACAG-1,L6
AGGGTCAGTAACCCTA-1,L2
AGGGTCGATGCGAACT-1,L5
AGGGTGCCGTTCTTTA-1,WM
AGGGTGCTCTCGAGGG-1,L5
AGGGTTCAGACGGTCC-1,WM
AGGGTTCCCTTTGGTT-1,L5
AGGGTTTAGTTCGGGA-1,L6
AGGTAACCTCCTATTC-1,L2
AGGTACGATATTGCCA-1,L3
AGGTAGATCGAGATAT-1,WM
AGGTAGGTACAAAGCT-1,L5
AGGTATAATTGATAGT-1,L3
AGGTCAGGTGAGAGTG-1,L6
AGGTCGCCACTTCGGT-1,L1
AGGTCGCGGAGTTACT-1,L3
AGGTGGTGACCTTCGC-1,L6
AGGTGTATCGCCATGA-1,L5
AGGTTACACCATGCCG-1,L3
AGGTTGAGGCACGCTT-1,L5
AGGTTTCACACACCTT-1,L6
AGTAACGTTCATCCTG-1,L2
AGTAATGTCTTGCCGC-1,L3
AGTAATTTGCAAGCGT-1,WM
AGTACATCATTTATCA-1,L3
AGTACCTTCGAGTGCT-1,L1
AGTACGGGCACCTGGC-1,L5
AGTACGTGGCCTGTCT-1,L3
AGTACTCTTATGCCCA-1,L5
AGTAGCGTGAACGAAC-1,L1
AGTAGCTAGACGCCGA-1,L1
AGTAGGAAGGAAGTTG-1,L3
AGTAGGTAACATACAT-1,L3
AGTATAATACTAGGCA-1,L3
AGTATACACAGCGACA-1,WM
AGTATGCTGGAGACCA-1,WM
AGTATTTGGCACGACC-1,WM
AGTCAAATGATGTGAT-1,WM
AGTCAACACCACCATC-1,L6
AGTCAAGATGACACTT-1,L5
AGTCACTAGCTCTCGA-1,L4
AGTCACTCCGCCTCAT-1,L1
AGTCAGCCACCGCCTG-1,L2
AGTCCATTGGCTGATG-1,L4
AGTCCCGCCTTTAATT-1,L3
AGTCGACGGTCTCAAG-1,L5
AGTCGGCCCAAACGAC-1,L4
AGTCGGCTCAACTTTA-1,L6
AGTCGGTTGCGTGAGA-1,L3
AGTCGTATAAAGCAGA-1,L5
AGTCGTCGACCACCAA-1,L5
AGTCGTGGGCATTACG-1,WM
AGTCTAAAGTATACTC-1,L3
AGTCTCACAAGACTAC-1,WM
AGTCTGGACATCCTTG-1,L2
AGTCTTCTCCTCAAAT-1,L5
AGTGAACAAACTTCTC-1,L4
AGTGACCTACTTTACG-1,WM
AGTGACTGTGACACAA-1,WM
AGTGAGACTTCCAGTA-1,L5
AGTGAGCCTCGCCGCC-1,L3
AGTGAGGGTTTCTGAC-1,L3
AGTGATAACCTGCGCG-1,L5
AGTGATATGAGTAGTT-1,WM
AGTGATTCAAGCAGGA-1,L5
AGTGCACGCTTAAGAA-1,L4
AGTGCGTAGCTCGTAA-1,WM
AGTGCTAAACACAGCA-1,L4
AGTGCTTGCACGAATA-1,L5
AGTGGCGGCAATTTGA-1,L4
AGTGGCGTCTGAAGGT-1,L5
AGTGTATTGCGCATTG-1,L3
AGTGTGGTCTATTGTG-1,L3
AGTTAAACACTTGCGA-1,L6
AGTTAAGCGGTCCCGG-1,L3
AGTTAAGTCAACCGCT-1,WM
AGTTACCGCACATGGT-1,L3
AGTTACTCTATCGTGG-1,L3
AGTTATTGAAAGGTAA-1,L1
AGTTCCTACAGAATTA-1,L5
AGTTCCTATTTATGTT-1,L6
AGTTCTGCGTTGTATC-1,L1
AGTTGACGGTCCTTGC-1,L6
AGTTGCTGACTGATAT-1,L1
AGTTTCGCAGGTCGGA-1,L3
AGTTTGCACCTGCCTC-1,L6
AGTTTGGCACGGGTTG-1,L3
AGTTTGGCCAGACCTA-1,WM
ATAAACCATTGGACGG-1,L1
ATAAACGGACCCGTAA-1,L6
ATAAACGTTGCACCAC-1,L3
ATAAAGGCTCGGTCGT-1,L6
ATAAAGGTCAAGTACG-1,L3
ATAAATATTAGCAGCT-1,L5
ATAACGCCGGAGGGTC-1,L6
ATAACGGAGTCCAACG-1,L5
ATAAGGTGGAGAACAT-1,L6
ATAAGTAGGATTCAGA-1,L3
ATAAGTAGGGCGACTC-1,L3
ATAAGTTACCGCGACG-1,WM
ATAATAGCTGTTGAAT-1,L6
ATAATAGTGTAGGGAC-1,L3
ATAATCTTGGAGAACC-1,L5
ATAATTAGCTAAGTAG-1,L6
ATACAGGCCCTCCAAT-1,L6
ATACCACGGGCAACTT-1,L5
ATACCAGCAAATTGCT-1,L1
ATACCAGGCTAATAGA-1,L2
ATACCTAACCAAGAAA-1,L6
ATACGCCGATCTACCG-1,L1
ATACGCCGGCGAAACC-1,L6
ATACGGAACGTCGTTT-1,WM
ATACGGGTTTCGATTG-1,L5
ATACGTACTTAGCCAC-1,L5
ATACGTCCACTCCTGT-1,L5
ATACGTTATGCACGGA-1,L6
ATACTACCCGTACCAC-1,L3
ATACTAGCATGACCCT-1,L5
ATACTGCCTTACACCG-1,L5
ATAGACAACGGGACCT-1,L5
ATAGACGAAGAGAAAG-1,L5
ATAGAGTACTGGGACA-1,L5
ATAGAGTTATCAACTT-1,L5
ATAGCAACTAGGGAAG-1,L3
ATAGGAATCTAAGCTT-1,L1
ATAGGCGGCTATAGAA-1,L6
ATAGGCTAGCTTCGCA-1,L4
ATAGGGATATCCTTGA-1,L5
ATAGGTTGGGCAGATG-1,L6
ATAGTCTTTGACGTGC-1,L3
ATAGTGAAGCGTTCTC-1,L6
ATAGTTCCACCCACTC-1,L4
ATATAAAGCGCTCGTG-1,L6
ATATAAATGTAGCTGC-1,L6
ATATACGCTCGTGACG-1,L3
ATATAGAGTATTGGTC-1,WM
ATATCAACCTACAGAG-1,L3
ATATCGGTAGGGAGAT-1,L3
ATATCGTGCCAGACCC-1,L2
ATATCGTTCCTCGAAC-1,L4
ATATCTCCCTCGTTAA-1,L4
ATATCTTAGGGCCTTC-1,L6
ATATGTCTCCCTAGCC-1,L5
ATATTCAGTTAAACCT-1,WM
ATATTCCACATAGTGA-1,L6
ATATTCCCACAGGTCA-1,L3
ATATTGCTGTCAAAGT-1,L3
ATATTGGAGAGGCCTT-1,L2
ATATTTAACCCTCAAG-1,L6
ATCAAACACTGTTCCA-1,L3
ATCAAACGAAGGTTTG-1,WM
ATCAATCTGGGCTGCA-1,L6
ATCAATGCCGTGGCTG-1,WM
ATCACATTAGAATATC-1,L4
ATCACGTGCTAATTAA-1,WM
ATCACTTCATCCTCGC-1,L5
ATCAGACGGCACGCCG-1,WM
ATCAGCCTCATGCTGC-1,L5
ATCAGCTCGTCCACTA-1,L6
ATCAGGTCGCCATTGC-1,L3
ATCAGTAGGCAGGGAT-1,L5
ATCATAGCCCTATGTA-1,L3
ATCATCCAATATTTGT-1,L6
ATCATCTGCCCAGTGT-1,L2
ATCCAACGCAGTCATA-1,L4
ATCCAATGGAGGGTCC-1,L6
ATCCACATCGACAGAA-1,L6
ATCCACGCTAAATGTT-1,L3
ATCCAGAGCAACAACC-1,WM
ATCCAGGATTCGTGAA-1,L6
ATCCCATCCACAGCGC-1,WM
ATCCTACCTAAGCTCT-1,WM
ATCCTGAATCGCTGCG-1,L5
ATCCTGCGTGGAATGG-1,WM
ATCGACCCAATACAGA-1,L6
ATCGACTCTTTCCGTT-1,L5
ATCGCACGATTGTTCA-1,L1
ATCGCACGCCGGGAGA-1,L5
ATCGCCAGTCAACATT-1,L3
ATCGCTGCGTGCAGCA-1,L3
ATCGGAGACAGACGGC-1,L6
ATCGGCAAGCAGTCCA-1,L3
ATCGTCCAATCGAGTC-1,L1
ATCGTGGAAAGTCTGG-1,WM
ATCGTTAGCTAGCGGA-1,L4
ATCGTTCACTTTCGCC-1,L3
ATCTAATATCCTACGG-1,L6
ATCTAGCTTGTGAGGG-1,L6
ATCTCCCACGGAATAT-1,L3
ATCTCCCTGCAATCTA-1,L4
ATCTCGTGAGCGAAAC-1,L3
ATCTGACATGGAAGGA-1,WM
ATCTGATAGTGTCTTA-1,L1
ATCTGCACCTCTGCGA-1,L4
ATCTGCTGTTATCGCC-1,L6
ATCTGGGCTGTTCTTG-1,L6
ATCTGGTTAAGACTGT-1,L5
ATCTGTAATTGTACCC-1,L3
ATCTTAGGGCATTAAT-1,WM
ATCTTATCGCACACCC-1,L3
ATCTTGACCTGCAACG-1,L5
ATCTTGACTTGTCCAA-1,L3
ATGAAGCCAAGGAGCC-1,L4
ATGACGCCGGCTCTAA-1,L3
ATGACGCGTTCTATCC-1,WM
ATGACTATCAGCTGTG-1,WM
ATGACTATGCGACATT-1,L5
ATGAGGAGTGTTAATC-1,L4
ATGAGGGCAGCGGCTA-1,L2
ATGATCGGGAATAGAC-1,L3
ATGATGCAATGGTACA-1,WM
ATGCACTACCGCATTG-1,L5
ATGCATGATCCAGGAT-1,L5
ATGCATTCCGTGATGG-1,L1
ATGCCAATCGCTCTGC-1,L3
ATGCCATTTGCGACCA-1,L5
ATGCCGGTCTTGCATA-1,L6
ATGCCGGTTGATGGGA-1,L4
ATGCGACAATTGGTCC-1,L1
ATGCGACAGTCCCATT-1,L6
ATGCGAGTCCCACCAC-1,L3
ATGCTCAGTGTTGCAT-1,L3
ATGCTCTGGCGCGGTA-1,L5
ATGCTTAGGAGTTGAT-1,L3
ATGGAACCTTTGCACA-1,L2
ATGGAGCAGGCCGTGA-1,L6
ATGGATCCGGCGTCCG-1,L4
ATGGATTGACCAAACG-1,L5
ATGGCAGCATTACGAT-1,WM
ATGGCTGGAAATGGCC-1,L3
ATGGGAACGGAAGCGG-1,L2
ATGGGACCTGCTGAAC-1,WM
ATGGGCCTCGGCCTCT-1,L5
ATGGGTGTATACCTCC-1,WM
ATGGTATTTACTGATT-1,WM
ATGGTCGCGTGGTTTC-1,L5
ATGTAAGGCTGCTCTT-1,L3
ATGTACGATGACGTCG-1,L6
ATGTGAAAGCCTAATG-1,L6
ATGTGCATCCGACGCA-1,L5
ATGTGGACATCTTGAT-1,L6
ATGTGTAGTTTAGTCA-1,L1
ATGTTACGAGCAATAC-1,L2
ATGTTCGTCGACCCAC-1,L4
ATGTTGTAGTCTGTTT-1,WM
ATTAAACATGCGGACC-1,L6
ATTAATACTACGCGGG-1,L5
ATTAATGAACCAGTCG-1,L5
ATTAATTCGGTCACTC-1,L3
ATTACAACTACCGGCC-1,L3
ATTACATGTCAGTCTT-1,L3
ATTACCACACTGCCTG-1,L3
ATTACGCGCTGGCAGG-1,L6
ATTACTAGCCTCTTGC-1,L3
ATTACTTACTGGGCAT-1,L3
ATTAGATTCCTCAGCA-1,L3
ATTAGATTGATAGCGG-1,L4
ATTAGGCGATGCTTTC-1,L6
ATTATACTTTGCTCGT-1,L4
ATTATAGCTACTTTAC-1,L3
ATTATCTCGACAGATC-1,L2
ATTATGAGACCCAATT-1,WM
ATTATGCCATAGGGAG-1,L5
ATTATTATGTCCGTCA-1,WM
ATTCAACCATTTAAGG-1,L3
ATTCACTGATGTTGGA-1,L6
ATTCAGGACCTATTTC-1,L3
ATTCAGGATCGCCTCT-1,L2
ATTCAGTAGCAGGGTC-1,L3
ATTCATATACTGTCCA-1,L6
ATTCATCGTTGAGGCA-1,L5
ATTCCCACATAAACAA-1,L3
ATTCCTAAGACGTGGA-1,L2
ATTCCTCCGCCAGTGC-1,L4
ATTCGACGCCGGGCCT-1,L5
ATTCGTGCTATCTCTT-1,L3
ATTCTCGTCTCTTTAG-1,L3
ATTCTGAGTATGAACT-1,L3
ATTCTTCGTACTTATG-1,L3
ATTGAAGATCTTAGTG-1,L5
ATTGACCGGCGATGAC-1,L2
ATTGACGTAACTCGGT-1,L3
ATTGATAGCAACGAGA-1,L1
ATTGATGAGTCCTAAC-1,L4
ATTGCCTATTAGACCG-1,WM
ATTGCCTTTATGTTTG-1,L5
ATTGCGATCAGTAACT-1,L4
ATTGCTGCTCCTCCAT-1,L6
ATTGGATTACAGCGTA-1,L3
ATTGGGAATATCTTGG-1,L3
ATTGTACAACTCGGCT-1,L4
ATTGTCGCAATACCTT-1,L3
ATTGTGACTTCGCTGC-1,L1
ATTGTTCAACGATCCG-1,L2
ATTTAACTCGTATTAC-1,L3
ATTTACAGTTTACTGG-1,L5
ATTTACTAAGTCCATT-1,L3
ATTTCATTATTTCGCG-1,L3
ATTTCCGGGTTCTGCG-1,WM
ATTTGCGCGAGTAGCT-1,WM
ATTTGTCTTGGGAGCT-1,L5
ATTTGTTCCAGGGCTC-1,L5
CAAACGAGTATCGCAG-1,WM
CAAACGGTCGCACTTT-1,L5
CAAACGTGGTCTTGCG-1,L2
CAAACTACGATAGAGA-1,L3
CAAACTATTGAGCTTC-1,L3
CAAACTCGCGACGCCG-1,L3
CAAAGATTATTGGGCC-1,WM
CAAAGGTCATCTGAAA-1,L2
CAAATCTCTCACAAGG-1,L6
CAAATGTCCTTCCGTG-1,WM
CAAATTGGATTATGCC-1,L2
CAAATTGTCAGCAAGC-1,L3
CAACAGAATAACGCTA-1,L1
CAACCAGTGGCCTACC-1,L3
CAACCTACCGAGCAGT-1,L3
CAACGACCCGTTTACA-1,L4
CAACGGTTCTTGATAC-1,L3
CAACGTGGTGGAGTCT-1,L3
CAACTATATCGAATGC-1,L3
CAACTCCAACGTTTAG-1,L3
CAACTCCTTGATCCCG-1,L3
CAACTGCTCATCCGAT-1,WM
CAACTTGTAGTGGGCA-1,L1
CAAGAGGGCGGAGTAC-1,L6
CAAGATATTATAACGT-1,L5
CAAGCAACGTCGGAGT-1,L5
CAAGCACCAAATGCCT-1,L4
CAAGCGGCACATAATT-1,L6
CAAGGATCGCATGTTC-1,L6
CAAGGTCCTATAGGCT-1,L3
CAAGTGAACTTTGGTT-1,L1
CAAGTGTGGTTGCAAA-1,L5
CAATAAACCTTGGCCC-1,L5
CAATACGAGAGTCTGA-1,L2
CAATATGTAGATTTAC-1,L1
CAATATTCTTGACCTA-1,WM
CAATATTGGACTAGTG-1,L1
CAATCCCTATACCAGC-1,L3
CAATCCTGCCGTGGAG-1,L1
CAATGCGAGAAGTATC-1,L5
CAATGGAATCTACATA-1,L3
CAATGGATCTCTACCA-1,L5
CAATGGTCGGCCTGGG-1,L1
CAATGTGCCAACCCTT-1,L3
CAATTAAGGGTGATGA-1,L6
CAATTTCGTATAAGGG-1,L6
CACAAGAAAGATATTA-1,L2
CACAAGCTAAGAAAGG-1,WM
CACAATGAGCTGCTAT-1,L6
CACACACGCTAACGAG-1,L3
CACACAGCTTGCGCTC-1,L3
CACACAGGGATAGATT-1,L3
CACACGCGCTGTCTTA-1,L5
CACACGTTTCAATGGG-1,L3
CACAGAGACGAGGACG-1,WM
CACAGCACCCACGGCA-1,L6
CACAGCTAGGGAGTGA-1,L5
CACAGGGCCATATAGT-1,L4
CACAGGGCCGTTGTCA-1,L6
CACAGTCCCGCTTCGC-1,L3
CACAGTTCGCTTCCCA-1,L3
CACATAAGGCGACCGT-1,L1
CACATATTAGCAGGAT-1,L6
CACATCGTGCACGCGC-1,WM
CACATCTCACCGACGA-1,L6
CACATGATTCAGCAAC-1,L6
CACATTCTTTCGATGG-1,L3
CACATTTCTTGTCAGA-1,L3
CACCAGTCAGCATGCA-1,WM
CACCATCGGAGGAGAC-1,L3
CACCCAAATCTTATGT-1,L3
CACCCACGAGGCAATT-1,L4
CACCCGGTTTGTGACT-1,WM
CACCCTAACAAGATCT-1,L5
CACCCTTGGTGAGACC-1,L6
CACCCTTTCCTCGCTC-1,L1
CACCGATACACCGAGC-1,L3
CACCGCCAGAAGGTTT-1,L5
CACCGCCGACCAGCGA-1,L3
CACCGCGTCCACTCTA-1,L3
CACCGGAGATATCTCC-1,L3
CACCGGTAGAGACATT-1,WM
CACCGTATCCCATCCG-1,L3
CACCGTTAGGGATCAC-1,WM
CACCGTTGCGCGATAT-1,WM
CACCTAATAGAGTCGT-1,L2
CACCTAATCAGTTTAC-1,L5
CACCTCGATGGTGGAC-1,L4
CACCTTGCGAAACTCG-1,L5
CACCTTGGCGCCTTTG-1,L3
CACGAAAGTTAGTCCC-1,L5
CACGACCACAGACTTT-1,L1
CACGATTGGTCGTTAA-1,L1
CACGCACAGCGCAGCT-1,L5
CACGCAGCGAGGCTTT-1,L5
CACGCGGAACTGTTGC-1,L4
CACGGCGCGCCAAAGG-1,L3
CACGTCAATCAATGGA-1,L2
CACGTCGGCAACCTCT-1,WM
CACGTCTATGATGTGG-1,L2
CACGTTCGTGCTCTAG-1,L6
CACGTTTCGTACACAC-1,L5
CACTAAAGTTGCCTAT-1,L6
CACTACGGGAGCTGCC-1,L3
CACTACTCAGTTCTGT-1,L3
CACTCAAGAGCTATGG-1,L6
CACTCAGCTCTTGAGG-1,L3
CACTCCTATGTAAGAT-1,WM
CACTCCTCTCGGTCGG-1,L3
CACTCGAGCTGAACAA-1,L6
CACTCTCAAGCATCGA-1,WM
CACTCTTCTGCTAGCC-1,L3
CACTGACGATTGTGGA-1,WM
CACTGTCCAAGTGAGA-1,L3
CACTTAATCAGACGGA-1,L6
CACTTCGCCACAGGCT-1,L3
CACTTCGTCTTATCTC-1,L1
CAGAACTTAGCCCTCT-1,L5
CAGAATAACACACGGA-1,L3
CAGAATATTCGTTATC-1,L2
CAGACACCGATCGCTG-1,WM
CAGACCTGTAAGTGTT-1,L4
CAGACGAACCTGATAC-1,WM
CAGAGACGGTCACCCA-1,WM
CAGAGCATGAGCTTGC-1,L5
CAGAGGCGATGCATGA-1,WM
CAGAGTGATTTAACGT-1,L3
CAGATACTAACATAGT-1,L5
CAGATATGAAGATGAC-1,WM
CAGATCATTTAAAGTC-1,L3
CAGATCCTGGTTTGAA-1,WM
CAGCAGCCCGTTCCTT-1,L6
CAGCAGTCCAGACTAT-1,L4
CAGCAGTCTGTGCTGC-1,L5
CAGCCCTCACAGGCAG-1,L1
CAGCCGGGCCCTCTAT-1,L3
CAGCCTCCTGCAGAGG-1,L5
CAGCCTCGATAGCGGT-1,
CAGCCTCTCCTCAAGA-1,L3
CAGCGATTCCCTTCAA-1,WM
CAGCTCACTGAGACAT-1,L6
CAGCTCGACAAGTTAA-1,L5
CAGCTCGTGCTTGTGT-1,L3
CAGCTGGCGTAACCGT-1,L6
CAGCTTAGTAGGTAGC-1,L5
CAGGAAGACTTTATAT-1,L3
CAGGATATATCGTTGT-1,L6
CAGGATCCGCCCGACC-1,L1
CAGGCAGTCTTACCAG-1,L5
CAGGCCGTTTGGGTGT-1,L6
CAGGCGCACGGTGGTC-1,WM
CAGGCGCCATGCTAGG-1,L6
CAGTAACTATTTATTG-1,L3
CAGTAATCCCTCCCAG-1,L3
CAGTACATTCTCTAAA-1,L3
CAGTACCAGTTTACGT-1,L6
CAGTAGCCCACGCGGT-1,L5
CAGTAGCGAGGTAGTA-1,L1
CAGTCGAGGATGCAAT-1,L3
CAGTCTCTCGGCTAAT-1,L1
CAGTCTGTATACTGGG-1,L6
CAGTGAATAAATGACT-1,L5
CAGTGGTTGCACATGA-1,L2
CAGTGTCCGCAGAATG-1,L3
CAGTGTCGGCTGGCCC-1,L5
CAGTTCAAATTGACAC-1,L5
CAGTTCCGCGGGTCGA-1,L3
CAGTTCGAGGACCCGA-1,WM
CATAACGGACAGTCGT-1,L5
CATAAGAAGCTTGGCT-1,L6
CATAAGCTCTCCGTCT-1,L5
CATAATGAGCGGGCGA-1,L1
CATACAAAGCCGAACC-1,L2
CATACACGGTTCCCAC-1,WM
CATACCCGTACCCAGT-1,L5
CATACGAACTAGCTGG-1,WM
CATACGGCGTCTGGGC-1,L6
CATACTATGTAATTGT-1,L6
CATACTTAGGCAATAC-1,L3
CATACTTCTTTCTCCG-1,WM
CATAGCCGCCCGGGAT-1,L3
CATAGCGTTGCCCACC-1,WM
CATAGTACATTGAGAG-1,L3
CATAGTAGCATAGTAG-1,L3
CATAGTCCACAAGAAC-1,WM
CATATACTACTGATAA-1,L3
CATATAGGTACAGTCA-1,L6
CATATGTCAGGCTACG-1,WM
CATATTATTTGCCCTA-1,L3
CATCATCTACCCGGAC-1,L3
CATCATTACCCTGAGG-1,L4
CATCCAATATAGTTTG-1,WM
CATCCGCAGGCCCGAA-1,L1
CATCCTCTCAAAGATC-1,L5
CATCGCCCGCGGCCAA-1,L3
CATCGGACGGGTTAAT-1,L6
CATCTAGTGAAGGGAA-1,L2
CATCTATCCCGTGTCT-1,L3
CATCTTACACCACCTC-1,L4
CATGAACCGACATTTG-1,L2
CATGAACCTCTTATCA-1,L2
CATGACTTCGCTGAAT-1,L3
CATGAGATGCACTCTC-1,L5
CATGATCGCTTTGAGA-1,
CATGATGCACAATTCT-1,L5
CATGATGGAAGTTAGC-1,L3
CATGCACGTGTTACTG-1,L2
CATGCATGGAGACCCT-1,L3
CATGCCAACTCGCAAA-1,L6
CATGCGACCAGTTTAA-1,L4
CATGCGTTAGACAGAA-1,L3
CATGCTGGCTCCAATT-1,L3
CATGGAAATGGGACCA-1,L1
CATGGATTGTCTTCCG-1,L3
CATGGCAGGAAGATCG-1,L3
CATGGGTATGCCTTAT-1,L5
CATGGGTCGGGTGTGG-1,L4
CATGGTAAGTAGCGTT-1,L6
CATGGTCTAGATACCG-1,L5
CATGTAAGAGACATTT-1,L5
CATGTAGGAGCGCCAA-1,L2
CATGTCTCATTTATGG-1,L5
CATTACATAGATTGTG-1,L2
CATTACGTCGGCCCGT-1,L4
CATTATCCCATTAACG-1,WM
CATTATGCTTGTTGTG-1,L5
CATTCACTGACAGCTA-1,L2
CATTCAGGTCAGTGCG-1,L1
CATTCCCATTCCGTCG-1,L2
CATTGCAAAGCATAAT-1,L2
CATTGCGGGTCAATTC-1,L2
CATTTAGCGGACCATG-1,L5
CATTTATCGTTCAAGA-1,L3
CATTTCTAGCAGACTA-1,L2
CATTTGAGTGGTACGT-1,WM
CCAAACAGAACCCTCG-1,L5
CCAAAGTCCCGCTAAC-1,L1
CCAAATAACAAGATTC-1,L3
CCAAATCAAAGGGCAA-1,
CCAACCTTATGTAACT-1,WM
CCAACGATGCACTGAT-1,L5
CCAACGCTTGCCAGGG-1,L2
CCAACTTGATAGATCC-1,L2
CCAAGAAAGTGGGCGA-1,WM
CCAAGACTTCTGCGAA-1,L5
CCAAGCGTAACTCGTA-1,L6
CCAAGGAACAGAGAGG-1,L3
CCAATAGTGCCGTCGA-1,L5
CCAATCGGTAGATCGA-1,L3
CCAATGTCACAGCAAG-1,L6
CCAATTACGGGTCGAG-1,L3
CCAATTGAATGTTAAT-1,L3
CCACAATGTACGTCTT-1,L5
CCACACTGAGATATTA-1,L6
CCACAGCTGAAATCAT-1,L1
CCACAGTACCCATCCT-1,L5
CCACATACTGCACCCA-1,L3
CCACCAACTTTACTGT-1,WM
CCACCCAAGGAAAGTG-1,L6
CCACGAATTTAACCTC-1,L3
CCACGAGAAGAGAATC-1,L4
CCACGGAGCCATAAGA-1,WM
CCACGGTGCCCGGTAG-1,L3
CCACTATCCGGGTCAC-1,L2
CCACTGGTGGCTGGTT-1,L5
CCACTGTTTGGATTAA-1,L3
CCAGAAAGCAACTCAT-1,WM
CCAGAGACAAAGCCGG-1,L3
CCAGATAGTTGAGTGA-1,L5
CCAGCCTGGACCAATA-1,L6
CCAGCTACGCCTCATA-1,L1
CCAGCTCGAACGCATT-1,L6
CCAGCTGATGGTACTT-1,L5
CCAGCTTCCGCCCGCA-1,L3
CCAGGCTGGCGTCTGA-1,L2
CCAGGGACGTGGCCTC-1,L5
CCAGTAGTCTGATCCA-1,L5
CCAGTCTAGACGGCGC-1,L5
CCAGTCTTGTCATAGA-1,L6
CCATAAACAACCCGAC-1,L3
CCATACCTTTACTTGT-1,L3
CCATAGGTTGGCGTGG-1,L4
CCATAGTCAGTAACCC-1,L1
CCATATGGAAACTATA-1,L3
CCATCCATACCAAGTC-1,L3
CCATCGCAGTTAAACT-1,L6
CCATCTCACCAGTGAA-1,L4
CCATCTTGTTCACAAT-1,L1
CCATGCCCTAGATTTC-1,L4
CCATGCCTGTTTAGTA-1,L6
CCATGCTCTGCAGGAA-1,L3
CCATGGCCCTTGTACC-1,L4
CCATGTTCATCTATAT-1,WM
CCATTAGCGATAATCC-1,L5
CCATTCCCTGCCCACA-1,L5
CCATTTCTACCTATTA-1,L6
CCCAAACATGCTGCTC-1,L5
CCCAACATACGTCGCG-1,L6
CCCAACCACACTAACA-1,L3
CCCAAGAATGCACGGT-1,L2
CCCAATGAGATTTGCA-1,WM
CCCAATTTCACAACTT-1,L6
CCCAGAGGAGGGCGTA-1,L3
CCCAGGTCTGAAGGCT-1,L3
CCCAGTAAACTTGGGA-1,WM
CCCAGTTAAGGCGCCG-1,L5
CCCATATAGGTCGATT-1,
CCCGACCATAGTCCGC-1,L5
CCCGAGTTTCTCCGTA-1,L3
CCCGCAGCGCGAACTA-1,L6
CCCGCAGGGCCCAAAG-1,L3
CCCGCCATGCTCCCGT-1,L3
CCCGCGCAATGCACCC-1,L3
CCCGCTAGAGGGTTAA-1,L1
CCCGCTTGCCCTCGTC-1,L1
CCCGGGTCGTTCAGGG-1,L6
CCCGGTGGAAGAACCT-1,L3
CCCGGTGTATCGGAAT-1,WM
CCCGTAAGTCTAGGCC-1,L6
CCCGTAGCTGGGAAGA-1,WM
CCCGTCAGCGTCTGAC-1,L5
CCCGTTTCGCAGATGT-1,L3
CCCTATGTAGAGCAGA-1,WM
CCCTCATTCTGGAATT-1,L3
CCCTCCTCGCTCGTAT-1,L3
CCCTGAAATGAGTTGA-1,L5
CCCTGATGTAACTCGT-1,L1
CCCTGCCCAATCCGCT-1,L5
CCCTGCGCTACGCATA-1,L5
CCCTGGTATGGGCGGC-1,L3
CCCTTCTCGTACGCGA-1,L1
CCCTTTAATGGAGTTC-1,L3
CCCTTTGACAGGTCTT-1,WM
CCGAAAGTGGTGAGCA-1,L2
CCGAACACTGGGCCTC-1,L6
CCGAACCTTCCCGGCC-1,L6
CCGAAGTATATTGTTC-1,L3
CCGACAAAGGGAGTGC-1,L5
CCGACAATAGGCCGCC-1,L3
CCGACGGGCATGAGGT-1,WM
CCGACGTAAACACAAC-1,L3
CCGACTCGCATAGTCT-1,L2
CCGAGAAGTCGCATAA-1,L3
CCGAGCTGTGCTTGTC-1,L2
CCGAGGGATGTTAGGC-1,L2
CCGATCTCAACCTTAT-1,L4
CCGATTCGAGGGACCC-1,L5
CCGATTGGTCAATGAA-1,L1
CCGCACAAAGACCAAC-1,L6
CCGCACACGAACGTGT-1,L2
CCGCACGTGACCTCGG-1,L4
CCGCATGTGGTACGAT-1,L6
CCGCCACCACAATCCA-1,L1
CCGCCGGAACTTCTCG-1,WM
CCGCCGGTCAACACAC-1,L3
CCGCCGTTGAGGATAA-1,L3
CCGCCTGCGAATTGGT-1,L3
CCGCGGAATGCGTCAC-1,WM
CCGCGGGTACGAAGAA-1,L5
CCGCGTAGGTAAGGGC-1,L4
CCGCTATCAGCACCAG-1,L6
CCGCTCTTCCGAACTA-1,L3
CCGCTGGTGCCATTCA-1,L3
CCGCTTACCTCACTCT-1,WM
CCGCTTCGCGGTTAAC-1,L1
CCGCTTGCTGACATGG-1,L3
CCGGAATGGTTTCAGT-1,L3
CCGGAGCGTACTTTCT-1,WM
CCGGCACGACCGTTTC-1,L3
CCGGCGCATATTGGAT-1,L3
CCGGGACCCGCAGAGA-1,L3
CCGGGCGGTCTCGTCA-1,L6
CCGGGCTGCTCCATAC-1,L5
CCGGGTTCGAGGTTAC-1,L6
CCGGTAATGGCTAGTC-1,L3
CCGGTTTGTAATTGTG-1,WM
CCGTAAGTTGGTCCCA-1,L6
CCGTACCCAAGCGCCA-1,L2
CCGTAGGAAATCCCTG-1,L4
CCGTAGGGTTGTTTAC-1,L3
CCGTATCTCGTCGTAG-1,WM
CCGTATTAGCGCAGTT-1,L2
CCGTCAACCTCTGGCG-1,WM
CCGTGAGGCATTCATG-1,L2
CCGTGCCCATGACGGC-1,L3
CCGTGGAACGATCCAA-1,L3
CCGTGTTAAATTCCAT-1,WM
CCGTTACGTTAGAACA-1,L4
CCGTTCCGAATCTCGG-1,L5
CCTAAAGGCTGACGCT-1,L3
CCTAAATTAACGGTTC-1,L6
CCTAAATTGTATCCTA-1,L3
CCTAACCCAAACAAGT-1,L5
CCTAACTAAGGCTCTA-1,L3
CCTACAAGTCCGGAAT-1,L1
CCTACATTCACAGACG-1,WM
CCTACGCGACCTTACA-1,L2
CCTACGGCTCAGTCGA-1,L3
CCTACTGCTTACACTT-1,L5
CCTAGGCGTAGCGATC-1,L5
CCTAGTTAGTCGCATG-1,L3
CCTATAATGAGTGCCC-1,L5
CCTATACCGTCCTGTC-1,WM
CCTATATTTGTCCTGG-1,WM
CCTATCTATATCGGAA-1,L4
CCTATGAAGTGGTGCC-1,L3
CCTATGGCTCCTAGTG-1,WM
CCTATGGGTTACCGTC-1,L6
CCTATGGTCAAAGCTG-1,L6
CCTATGTCCACTCCAC-1,L4
CCTCACCAATCTTGAC-1,L3
CCTCACCTGAGGGAGC-1,L3
CCTCACCTTAGCATCG-1,L4
CCTCATGCAGCTACGA-1,L1
CCTCCCGACAATCCCT-1,L3
CCTCCGACAATTCAAG-1,L5
CCTCCTAGCTAGAGTC-1,WM
CCTCCTGTTGTGTCGT-1,L4
CCTCGAAGTGGACGGG-1,L3
CCTCGACCCACTGCCT-1,L1
CCTCGCCAGCAAATTA-1,L4
CCTCGCGCGATATAGG-1,L3
CCTCGCGCTGTGCGAT-1,L6
CCTCGGACCGGGATAG-1,L5
CCTCTAATCTGCCAAG-1,L5
CCTCTACAAGGATTGG-1,WM
CCTCTATCGATTAGCA-1,WM
CCTCTCTCCCATCTAG-1,L5
CCTCTGGCCTAGACGG-1,L3
CCTCTGTACTATTCTA-1,L6
CCTGAACGATATATTC-1,L5
CCTGAATATTTACATA-1,L5
CCTGACCACCGATGGT-1,L6
CCTGACGCAACCTTTA-1,L2
CCTGCGATAGAACTGT-1,L1
CCTGCGTTCTACGCTT-1,L3
CCTGCTATTTGAGAAG-1,L5
CCTGGAAACGTTCTGC-1,L3
CCTGGCTAGACCCGCC-1,L5
CCTGGTCGAATGTGGG-1,L6
CCTGTAAGACATGATA-1,L6
CCTGTACTCACGCCCA-1,L5
CCTGTCACCCGGGCTC-1,L6
CCTGTCCCTCACGTTA-1,L3
CCTGTCGCCCGTAAAT-1,L6
CCTGTGCGGATTGTAA-1,L1
CCTGTTTGAAGACACG-1,L4
CCTTCAGTTAAAGTGA-1,WM
CCTTCTCAGCGTTCCT-1,L5
CCTTCTTGATCCAGTG-1,L5
CCTTTAAGGGAGCACT-1,WM
CCTTTCAATGAAGAAA-1,L4
CGAAACATAGATGGCA-1,L3
CGAAACGCAATTCATG-1,L6
CGAACAGTATGGGCGT-1,L4
CGAACCCGCATGCGTC-1,WM
CGAACGCCCAGTGCCG-1,L3
CGAACGGCCGGACAAC-1,L6
CGAAGACTGCCCGGGA-1,L1
CGAAGCTATAAATTCA-1,L3
CGAAGGGTTTCAGATT-1,WM
CGAAGTTGCTCTGTGT-1,L5
CGAATCTGCTCGACGC-1,WM
CGAATGAAGTCATTGC-1,WM
CGAATGACGCATAATG-1,L6
CGAATTACATGGTGTT-1,L1
CGACAATTTGATCTAA-1,L5
CGACACGCTCCGACAG-1,L5
CGACAGTTCGCGTTAT-1,L6
CGACATGCGATCTTCT-1,L3
CGACCCTTAACGCCGG-1,L6
CGACTCAGGATGTTAT-1,L4
CGACTTTGTATAGCCT-1,L3
CGAGACCCTAGAGTGT-1,L6
CGAGAGATGTGAACCT-1,L6
CGAGAGCTTTCACTAC-1,L4
CGAGAGGGTAGCCGCG-1,L3
CGAGATGTTGCCTATA-1,L1
CGAGATTTCGCTCGGG-1,L3
CGAGCACTTCAAGTTT-1,L3
CGAGCGTTGATCAGCC-1,L2
CGAGCTGGGCTTTAGG-1,L4
CGAGGCCAGGCATTGG-1,L1
CGAGGCTAAATATGGC-1,L6
CGAGGGACTGCGGTCG-1,L6
CGAGGGTATCCAGGTG-1,L6
CGAGTACTAAAGAGGA-1,WM
CGAGTGAAGGTACCAG-1,WM
CGAGTGCTATAGTTCG-1,L1
CGAGTTCTGTCCCACC-1,L5
CGAGTTTATCGGACTG-1,L5
CGATAATACTCAGGTT-1,L3
CGATACCTCGCGGACA-1,L6
CGATAGCGATACAGTG-1,WM
CGATATTAGCCGCAGG-1,L1
CGATCCGACCCAGTGC-1,L6
CGATCCTCGCAACATA-1,WM
CGATCTGTTGGAGGAC-1,L6
CGATGGACCCTACGCC-1,L3
CGATGTTGTTATCTAC-1,WM
CGATTAAATATCTCCT-1,L6
CGATTCGCCTGGCTGC-1,L6
CGCAAACACGAGTTAC-1,L5
CGCAATTACTTTCGGT-1,L3
CGCAATTAGGGTAATA-1,L5
CGCAATTCTACAATAA-1,L3
CGCACATGTCCACTAC-1,L5
CGCACGTGCGCTATCA-1,L4
CGCAGAAACATTTGCG-1,L2
CGCAGATCTTCACCCG-1,L2
CGCAGGCGATCCAAAC-1,L3
CGCATCATGGCTTCAG-1,L3
CGCATCCATCAGCCAG-1,L2
CGCATGGTGCGATGCT-1,L6
CGCATTAGCTAATAGG-1,L5
CGCCAAGAAGCCGAGT-1,L5
CGCCACCCGCATTAAC-1,L1
CGCCATCCGATTATGA-1,L5
CGCCCAGCACGCCTAG-1,WM
CGCCCAGCGTTTCACG-1,L4
CGCCCGCTTCCGTACA-1,L4
CGCCCTAATTGTTCAA-1,WM
CGCCCTTACATCCACC-1,L1
CGCCCTTGAAGGCTGA-1,L3
CGCCGCCCATGCCTGT-1,L5
CGCCGTTCAGCATAGT-1,L3
CGCCTCCCTCCTCTAT-1,L6
CGCCTGGCCTACGTAA-1,L6
CGCCTTTAGCATGCTC-1,L3
CGCGAAGTGGCATACT-1,L3
CGCGACCGCGACAGAT-1,L5
CGCGAGAGGGACTTGT-1,L2
CGCGAGTCTGCCGGGT-1,WM
CGCGCAAATGTCCAGA-1,WM
CGCGCAAGGAACTACA-1,L1
CGCGCATGTTTGATTG-1,WM
CGCGCCCGACTTAATA-1,L5
CGCGGCTCAACTTGAA-1,L4
CGCGGGAATTAGGCAG-1,L5
CGCGGTAAGTCTAGCT-1,L2
CGCGGTACGGTATACA-1,L2
CGCGGTCACAAACCAA-1,L3
CGCGTCATATTAAACC-1,L1
CGCGTGCTATCAACGA-1,L1
CGCGTTCATGAAATAC-1,L5
CGCTACCGCCCTATGA-1,L1
CGCTACGGGACATTTA-1,L6
CGCTAGAGACCGCTGC-1,L4
CGCTATACCGCCCACT-1,L2
CGCTATTCAATGTATG-1,L3
CGCTATTCTTAGGCTC-1,L6
CGCTCGACATAATGAT-1,L4
CGCTCTCCGTAGATTA-1,L5
CGCTGAGGACGTCCAA-1,L1
CGCTGGTGACTACCCT-1,L4
CGCTGTGACGCCGCAC-1,L5
CGCTGTGTGGATGTTG-1,WM
CGCTTAGTATTGATAC-1,WM
CGCTTATTCCCGGTCG-1,L6
CGCTTCCACTGAAATC-1,L3
CGCTTGGACGGATAGA-1,
CGCTTTCATACCGGTG-1,L3
CGCTTTCTTGCATTCG-1,L5
CGGAAAGAATCAAACG-1,WM
CGGAAATTTCACATCC-1,L3
CGGAACGTAAACATAG-1,WM
CGGAGCAATTTAATCG-1,L6
CGGAGCATGGCGATCC-1,L6
CGGAGCTTATAACACC-1,L3
CGGAGTTTGAGAGACA-1,L5
CGGATAAGCGGACATG-1,L2
CGGATCCTCAAGGACT-1,L5
CGGATGAATGCTGTGA-1,
CGGCAAACATCGTGCG-1,L6
CGGCAATAAGATCGCC-1,L3
CGGCACCGTTAGCGCC-1,L3
CGGCACTCAAGAAAGT-1,L1
CGGCAGGGTCGGGTTG-1,L5
CGGCCACGCACAAAGT-1,L6
CGGCCAGAGCGACCAT-1,WM
CGGCCCAACCTGTAGT-1,L3
CGGCCCAGGTATATCC-1,L3
CGGCGCCATCAATCCC-1,L4
CGGCTCTAAAGCTGCA-1,L3
CGGCTCTTCGTCGAAC-1,L3
CGGCTGCAAGATTAAG-1,L1
CGGCTTTGTATGATAA-1,L2
CGGGAATATAGTATAC-1,L3
CGGGAATTTATGTAAA-1,L6
CGGGAGCTTCAGTGTA-1,L5
CGGGATCAATGTAAGA-1,L5
CGGGCAGCTAAACCGC-1,L6
CGGGCCATAGCCGCAC-1,L1
CGGGCCTTCTTTGTAA-1,L6
CGGGTGTACCCATTTA-1,L5
CGGGTTTGTTAGGGCT-1,L3
CGGTACTAGAATCAAA-1,L5
CGGTAGAGGTGCAGGT-1,L4
CGGTATAGGTATTAGC-1,L3
CGGTCAAGTGGGAACC-1,L5
CGGTCCGTCGCAAGCC-1,WM
CGGTCTATCAACCCGT-1,L4
CGGTGAAGACTAAAGT-1,L5
CGGTGCAGATAGAACG-1,L6
CGGTGCGCGTTGGTCC-1,WM
CGGTGGGCTCCAGCCT-1,L3
CGGTGTACTTGATCCC-1,L3
CGGTTATCCAACAGTG-1,L4
CGGTTCAAGTAGGTGT-1,L3
CGGTTGACCTGGCATA-1,L5
CGGTTGAGTATCCTTC-1,WM
CGGTTGGGTTCAAGTT-1,L2
CGGTTTATGAAGGAAC-1,L1
CGTAACTTCGACACTT-1,WM
CGTACCGAAAGTCTAG-1,L1
CGTACCTGATAGGCCT-1,L5
CGTAGCGAATTGTCAG-1,L3
CGTAGCGCCGACGTTG-1,L1
CGTATTAAGAGATCTA-1,L6
CGTCAAGGCTATAAAT-1,L3
CGTCACGTCCATTGGT-1,WM
CGTCAGTGCGCACAAG-1,L2
CGTCATACCATATCCA-1,L3
CGTCGCATGTGAGCCA-1,L5
CGTCGCTTGGTTATAC-1,WM
CGTCGGATAGTGTTGA-1,L5
CGTCGGGTCTAAGCGC-1,WM
CGTCGTCCTTCGCGAA-1,L5
CGTCTGGAAGGGCCCG-1,L3
CGTGAAGTTAATTCAC-1,L6
CGTGACATTGGGTCGT-1,L3
CGTGACCAGTCCTCTG-1,L6
CGTGCAGACTGGGACA-1,L6
CGTGCATTGTCGACGC-1,L6
CGTGCCCTCCCGAAGA-1,L6
CGTGCTGGCCTAGTCG-1,L1
CGTGCTTCTACCTAAA-1,WM
CGTGGAAGCCTCGTAC-1,L2
CGTGGCCGAATATCTA-1,L4
CGTGGTACCCAAAGGC-1,WM
CGTGTCCCATTCGCGA-1,L5
CGTGTCTCGTTACGAC-1,WM
CGTGTGTTAAACCCTG-1,L2
CGTTAAACTAGTTAGG-1,L3
CGTTAATGTCCCGACG-1,L5
CGTTAGCTCACAACTG-1,L3
CGTTCAAGGAAACGGA-1,WM
CGTTCAGACCCGCGAA-1,L6
CGTTCATGGTGCGCGT-1,L6
CGTTCTTCGCACACCT-1,L3
CGTTGAATACCGCGCT-1,L5
CGTTGAGCGACCGTCG-1,L6
CGTTGAGTAATTGCGT-1,L2
CGTTGCCCGCGTGGGA-1,WM
CGTTGTAAGATTGATT-1,L3
CGTTGTCGGCAATTGA-1,L6
CGTTGTTTCAATTCCC-1,L5
CGTTTAAGCGGAGCAC-1,L3
CGTTTCACTTCGGGCG-1,L3
CGTTTCGCTCATTACA-1,L6
CGTTTGGTGTTGTGGG-1,
CGTTTGTGTAGAGGGT-1,WM
CTAAACGGGTGTAATC-1,L1
CTAAAGAATGCCTACT-1,L5
CTAAAGGGAAATAGGA-1,L6
CTAAATCCGGTGTACA-1,WM
CTAAATCCTATTCCGG-1,L5
CTAACCGCGCGCCCGT-1,L6
CTAACGAAACTTGCTG-1,L5
CTAACTGATAATCGCC-1,L3
CTAACTGGTCCGGTTC-1,WM
CTAAGGGAATGATTGG-1,L6
CTAAGTACAGGGCTAC-1,L1
CTAATTCGCACGCGCT-1,L5
CTAATTCTCAGATATT-1,L3
CTAATTTCAACAACAC-1,L3
CTACAAGAAATAACCC-1,WM
CTACACTAGCTTGTTC-1,L1
CTACACTCGCAGATGG-1,L3
CTACATATCGCGGGAC-1,WM
CTACCCTAAGGTCATA-1,L5
CTACGAACTAGGTCGA-1,L2
CTACGACTAGCTATAA-1,L5
CTACGCACGGAGTACC-1,L6
CTACGCCATTTCCGAT-1,L3
CTACGTGTTGCCACCA-1,L1
CTACTATCATAGGTTT-1,WM
CTACTATCTTTCAGAG-1,L5
CTACTCAAGGTATAGT-1,WM
CTACTCTAGGCCCGGC-1,L4
CTACTGCCACCTGACC-1,L5
CTAGACTGCATTTCGT-1,L3
CTAGATAAACTCCTCG-1,L1
CTAGATGTGAGTGTAA-1,L3
CTAGATTTACGACGGC-1,L6
CTAGCAACTAATTTAC-1,L1
CTAGCATAGTATAATG-1,L6
CTAGCCACAGGCGAGC-1,L2
CTAGCCGATGTTATGA-1,L3
CTAGGCGCCCTATCAG-1,L5
CTAGGCGGCAGAGAAT-1,L1
CTAGGTCTGAAGGAAT-1,L3
CTAGGTTCGGACGTGA-1,L6
CTAGTAGAAAGGGATT-1,L5
CTAGTATTCGGAATTA-1,L3
CTAGTCACGTCTTAAG-1,L6
CTAGTGAAGGACAGGA-1,L5
CTAGTTACAACCCGGT-1,L6
CTAGTTGGGCCCGGTA-1,L5
CTATAAGAGCCAATCG-1,L3
CTATAGGCGTTGATGT-1,WM
CTATCGACGAAATACA-1,L5
CTATCGCGTAGAGAAC-1,L2
CTATCGGGTCTCAACA-1,L6
CTATGCCCGAATGCAA-1,L6
CTATGGGAAGCGGAAT-1,L3
CTATGTCACTAGCCCA-1,L6
CTATGTCTATTGAAAC-1,L3
CTATGTGAGTCACGGC-1,L6
CTATTCATGTGTCCCA-1,L6
CTATTGTGTTTGGTCA-1,L3
CTATTTGGTTACGGAT-1,L5
CTCAAACCACTGCCCG-1,WM
CTCAACTAACCCGGAT-1,L5
CTCAAGACATTAGCGC-1,L3
CTCACATTTACTAAAT-1,L6
CTCACTGTGATACTTA-1,L5
CTCACTTGGCTGGTAA-1,L6
CTCAGGACTCACCTGT-1,L2
CTCAGTCACGACAAAT-1,L4
CTCATGGCTCACAATC-1,L3
CTCATGGTAATTTGCG-1,WM
CTCATTGCTCTAACAA-1,L5
CTCATTTGATGGGCGG-1,L5
CTCCCAATGAGTCGCG-1,L3
CTCCCTCCTTTCGATC-1,WM
CTCCGCCCACATGAGG-1,L6
CTCCGGCCTAATATGC-1,L4
CTCCGGCTTGTAGACA-1,L1
CTCCTAAGTTATGTCT-1,L1
CTCCTCCAGCTCACAC-1,WM
CTCCTGTTCAAGGCAG-1,L3
CTCCTTTACGCAAGTC-1,L3
CTCGAATGGAACGTAT-1,L1
CTCGAGATCCAAAGCA-1,L1
CTCGAGGTCGAACAGT-1,L6
CTCGATATTTGCGAGC-1,L3
CTCGCACCTATATAGT-1,L5
CTCGCATTGCATAGCC-1,WM
CTCGCCGAATGTAGGG-1,L6
CTCGGGTTCTCTGGCC-1,WM
CTCGGTACCACTGCTC-1,L5
CTCGGTCCGTAGCCTG-1,L3
CTCGGTTGTCGGCCCT-1,WM
CTCGTCGAGGGCTCAT-1,WM
CTCGTTTCTAATGTTT-1,L3
CTCTAATGCATTGATC-1,L3
CTCTACACTGGCGATT-1,L5
CTCTAGCCCTCGGAAA-1,L4
CTCTATTTGGCTGCAG-1,L6
CTCTCACAATCGATGA-1,L6
CTCTCGATGTGCGCCT-1,L1
CTCTCTAACTGCCTAG-1,WM
CTCTGCAGGCATTCTT-1,
CTCTGCGAAGCAAGCA-1,L3
CTCTGGACGCCTGGTG-1,L6
CTCTGTTTGAGGATTC-1,L3
CTCTTCTATTGACTGG-1,L4
CTCTTCTGGAAGTTAG-1,WM
CTCTTGTCCCGCTTGG-1,WM
CTGAAAGAGATCCGAC-1,L5
CTGAATCCGAGACCTC-1,WM
CTGAATTTATTGCCAG-1,L3
CTGACATAGAAATAGA-1,L3
CTGACTGCGCAGCTCG-1,L4
CTGAGAAAGTTCGGCG-1,L3
CTGAGCAAGTAACAAG-1,L2
CTGATAGTGTATCTCA-1,L4
CTGCAAGCACGTTCCG-1,L3
CTGCACAACTACATAT-1,L6
CTGCACCTAGTCCACA-1,L2
CTGCACCTGGAACCGC-1,L3
CTGCACTCCAGTACAG-1,L6
CTGCAGAGAATCAGAG-1,L3
CTGCCAAGGTTGGAAG-1,L5
CTGCCATGCATCACAT-1,L6
CTGCCTAGCCACCAAG-1,L3
CTGCCTTTAATACCTT-1,WM
CTGCCTTTCTAGTAAA-1,L4
CTGCGGGTGAAATGTT-1,L4
CTGCGGTAGTCACGTG-1,L3
CTGCGTTACGATATAA-1,L3
CTGCTGAGGCCACGAA-1,WM
CTGCTGTCTAACGAGC-1,L3
CTGCTTGGCGATAGCT-1,L6
CTGCTTTATGTCCGCG-1,L2
CTGGAAATGGATGCTT-1,L5
CTGGAAGACACGGTGG-1,L5
CTGGACGCAGTCCGGC-1,L6
CTGGATTTACACTTGA-1,WM
CTGGCATCCGAATGAG-1,WM
CTGGCGACATAAGTCC-1,L4
CTGGCGCACAGGTCTG-1,L5
CTGGCGGGAATAAGTA-1,L3
CTGGCTCCTGCGGGAT-1,L1
CTGGCTGATTCATCCT-1,L4
CTGGCTGCTAACGTAA-1,L1
CTGGCTGGTTGTCAGT-1,WM
CTGGGATAAATAATGG-1,L5
CTGGGATACGCTACCC-1,L3
CTGGGCACTAGTCGGA-1,L1
CTGGGCCTGCTATATC-1,L6
CTGGGCGGCCAAATGT-1,L1
CTGGGTAGGCAGTTAA-1,L6
CTGGTAAAGTGTGGGC-1,L3
CTGGTAACACATAGAA-1,L5
CTGGTAACGAGCTCTT-1,L4
CTGGTCCTAACTTGGC-1,L2
CTGGTGAATGGGCCTA-1,WM
CTGGTTCAACGCATCA-1,L1
CTGGTTTCGAGCAAGA-1,L5
CTGTACTTCTTAGCAT-1,L6
CTGTAGCCATCTCACT-1,WM
CTGTATGGTGTAGAAA-1,L3
CTGTCAAATGGCTCGG-1,L5
CTGTCACGCCAGGCGC-1,L3
CTGTGCAGGGTAGGTC-1,L6
CTGTGGTCGGGAGATA-1,L5
CTGTTACCCAATCTAG-1,L6
CTGTTCACTGCCTGTG-1,L5
CTGTTCATCTCACGGG-1,L3
CTGTTGTTCAGTCGTA-1,WM
CTTAACTTCGAAGTAC-1,L3
CTTACACGGTATTCCA-1,L5
CTTACACTGGGAAATA-1,L3
CTTAGCCTTCCACATG-1,L5
CTTAGGTATAGACCAG-1,WM
CTTAGTAGGCCTACAG-1,L4
CTTAGTGTAGTAGCAT-1,L5
CTTAGTTGAGGAATCG-1,WM
CTTATAGATGGCTGTT-1,L2
CTTATGTTGACTACCA-1,L1
CTTCAACTCCACTTGG-1,L5
CTTCACGCCCTGGTAC-1,
CTTCAGTGGTCGCCTA-1,WM
CTTCATAGCTCAAGAA-1,L3
CTTCATTGTCAGTGGA-1,L6
CTTCCGCTCCGTGAAG-1,WM
CTTCGGCCAATTGTTT-1,L3
CTTCGTAGATAGGTGA-1,L6
CTTCTATGTTGAAGTA-1,WM
CTTCTATTAATGCTAG-1,WM
CTTCTGGGCGTACCTA-1,WM
CTTCTTACGTCGTATA-1,L3
CTTGACCCGAAAGATA-1,L2
CTTGAGGTTATCCCGA-1,L1
CTTGAGTTAGGGTAAT-1,L5
CTTGCAACCGCCTCCT-1,L6
CTTGCCCAGGCTCTAC-1,WM
CTTGGCCAAGCTGGGA-1,L6
CTTGTACTTGTTGACT-1,L4
CTTGTCAACATTCGAG-1,L6
CTTGTCGTACGTGTCA-1,L1
CTTGTGAGTCTTTGAC-1,L1
CTTGTGCTCACCGATT-1,L4
CTTGTTGCTGAGTCAA-1,L6
CTTGTTTATGTAGCCA-1,L3
CTTTAACTTTCAAAGG-1,L5
CTTTAATATTGGTCGA-1,L6
CTTTACCGAATAGTAG-1,L5
CTTTAGGAACACTGTT-1,L5
CTTTAGTGCTATTATT-1,L6
CTTTCTGTGCGGGCTT-1,L6
CTTTGAAACATATTCC-1,L1
CTTTGCATCGCTCTTG-1,L4
CTTTGCTGTCATGGAT-1,L2
CTTTGGCGCTTTATAC-1,L4
CTTTGGCTTTAGTAAA-1,L5
CTTTGGGATTGTTGCA-1,WM
GAAACAGATGACCACC-1,L5
GAAACAGCCATGCAGT-1,L3
GAAACATAGGAAACAG-1,WM
GAAACCATGGTGCGCT-1,L3
GAAACCGAATTACCTT-1,WM
GAAACCTATACAAATG-1,WM
GAAACTCGTGCGATGC-1,L3
GAAACTCTAATGAAGG-1,L3
GAAAGAACAGCGTTAT-1,L4
GAAAGCAGTGCACTTT-1,WM
GAAAGCCCTTTGGACC-1,L5
GAAAGTGACTAACTGC-1,L3
GAAATACCTGCTGGCT-1,L3
GAAATACTAAACGTTT-1,L2
GAAATATCACCATCAG-1,L5
GAAATATGCTTGAATG-1,L2
GAAATCGCGCGCAACT-1,L4
GAAATGGCGGTGTTAG-1,L5
GAAATGGGATGTAAAC-1,L1
GAAATTAGCACGGATA-1,L3
GAAATTCACATCGCTG-1,L3
GAAATTGTCTCTATAA-1,L6
GAACACACATCAACCA-1,L5
GAACAGATTACTAAAT-1,L6
GAACCATCTGGGAGAC-1,L1
GAACCCTCTGTGTTCT-1,L6
GAACCTTTAACGATCC-1,L5
GAACGACCGAATGATA-1,L4
GAACGCGGGTCACACG-1,L3
GAACGTCTCATGGTCG-1,L5
GAACGTTAGGAAGACG-1,L4
GAACTTAGCGCCCGGT-1,L1
GAAGAAACGATATTGT-1,WM
GAAGAACGGTGCAGGT-1,L3
GAAGACTTCAATGCCG-1,L1
GAAGCAAGGCAATGTT-1,L1
GAAGCCACTGATTATG-1,L6
GAAGCCTGCACATTCC-1,L6
GAAGCGTGAGGAATTT-1,L6
GAAGCTCGGACCCGTC-1,WM
GAAGCTTGCTGACCGC-1,L5
GAAGGAGTCGAGTGCG-1,L6
GAAGTCAGTTGCACTA-1,WM
GAAGTCTCCCTAGCGA-1,L5
GAAGTGATTTATCGTG-1,L6
GAAGTGCTGGATAGCT-1,L3
GAAGTTTCCACTCAAT-1,L6
GAATAGACGCGACCCA-1,L5
GAATAGCATTTAGGGT-1,L3
GAATAGCCCTGCGGTC-1,L2
GAATAGTGCTCGATTA-1,WM
GAATATTCGGAGTCCC-1,L3
GAATCGACATGGTCAC-1,L5
GAATCGCCGGACACGG-1,L2
GAATCTATACTCGGAC-1,L1
GAATCTGAACATTCTC-1,L6
GAATGCCGAAATGACC-1,L3
GAATGCGAATCGGTTC-1,L6
GAATGTATGGCAGGTC-1,L3
GAATGTGGTCCGGATT-1,L5
GAATGTTGGGTAATCT-1,L5
GAATTATAGTGAAAGG-1,L6
GAATTCACCCGGGTGT-1,WM
GAATTTCTCGCTGCAG-1,L4
GACAAACATATGCAGG-1,L4
GACAACGACCATTGAA-1,L5
GACAACGCAGCTTACG-1,L4
GACAAGACGCCCGTGC-1,
GACAAGAGATGAGATT-1,L3
GACACAAGGGAAGAAA-1,L6
GACACGAGTTAGAGGA-1,L3
GACACTGAGTTCAGTG-1,WM
GACACTGGAACCCGAT-1,L3
GACAGCCAGACCTGAC-1,L5
GACAGGCACACACTAT-1,L5
GACATCCGTCGAACTG-1,L5
GACATCGATTTATAAC-1,WM
GACCAAACGTTGACTG-1,L3
GACCAGAGCCCTGTAG-1,L5
GACCAGGTCATTCATA-1,L1
GACCCAATTATGATAC-1,WM
GACCCGTCGCCGGCTA-1,L3
GACCGACGTGAAAGCA-1,L3
GACCGACTGAAGCGTC-1,L5
GACCGATTAAATATGT-1,WM
GACCGCGTCTGACGTG-1,L3
GACCGTCAGGTCGTGA-1,L3
GACCGTGCTGACGGTG-1,L6
GACCTTCCACGTCTAC-1,L5
GACGACGATCCGCGTT-1,L6
GACGAGGCTAATAAAC-1,L3
GACGCCGTAAAGGCTA-1,WM
GACGCCTGTTGCAGGG-1,L1
GACGCTTGCTTCTAAA-1,L6
GACGGACCGCGTTCCT-1,L1
GACGGGTTGGCCCGTA-1,WM
GACGGTCAATAGAAGC-1,L4
GACGTGTAGGGATTAT-1,L4
GACGTTCGTAAATACA-1,L2
GACTAACACAGCACCT-1,L3
GACTAAGATCATGCAC-1,L5
GACTAAGTAGGCTCAC-1,L5
GACTACAAAGCGGTGG-1,WM
GACTACAATTGCTCGT-1,L3
GACTAGGCCGTTAGGT-1,L5
GACTCACCCACGTGAG-1,L3
GACTCCCAGAATAAGG-1,L3
GACTCGCGGGAATGAC-1,L4
GACTCGGTCGGCGGAT-1,L1
GACTGATTGGTCACAA-1,L2
GACTGCAAATCGAGCT-1,L5
GACTGCACCAGCCCAG-1,L6
GACTGCGGCACGTGTA-1,L3
GACTGCTGGTGAGAAA-1,WM
GACTGGGCGCCGCAAC-1,L2
GAGACCCTGCAACGCC-1,L1
GAGACTGATGGGTAGA-1,L5
GAGACTTCGCGACCGA-1,WM
GAGAGGCCTATGTGTA-1,
GAGAGGGCGCGAGGTT-1,L6
GAGAGGTGCATTCTGG-1,L6
GAGATCTGCTTGGCAT-1,L6
GAGATCTGTCACTCCG-1,L6
GAGATCTTCCATGACA-1,L6
GAGATGGGAGTCGACA-1,L6
GAGCACCTGTGTCCAG-1,L5
GAGCACGGCGCCTCTT-1,L2
GAGCATCAACAACTTG-1,WM
GAGCATCATCCCTGGG-1,L2
GAGCCACGGTAGTAGG-1,L2
GAGCCAGCTACCTGTG-1,L5
GAGCCGAGCGTTTATT-1,L2
GAGCGAGGGAGTACCG-1,L3
GAGCGCAAATACTCCG-1,L3
GAGCGCGCACGAGTAG-1,L5
GAGCGCTGTTAGGTAA-1,WM
GAGCGGAATGCGGTGT-1,WM
GAGCTAAGGGCATATC-1,L5
GAGCTCTCGGACCTAA-1,L2
GAGCTGTCGTCTCGGA-1,L3
GAGGAATATCTCTTTG-1,WM
GAGGAATGGAGAGGTT-1,L4
GAGGATAAACAGTGCT-1,L3
GAGGCCCGACTCCGCA-1,WM
GAGGCCTGTTGATACA-1,L3
GAGGCTATCAAAGTCG-1,L5
GAGGGAGTCAGATCGC-1,WM
GAGGGCATCGCGTATC-1,L1
GAGGGCGCAGCTCTGC-1,L5
GAGGGTAGTAACAAAG-1,WM
GAGGTACATCCATCTT-1,L3
GAGGTACGCGTGTCCC-1,L6
GAGGTCCCAAAGATCT-1,L3
GAGGTCTTAGTGGGTC-1,L1
GAGTAAACCGGAAAGT-1,L3
GAGTAAGGCCACGGGA-1,L6
GAGTACGGGTATACAA-1,L3
GAGTAGATACTAGTTG-1,L6
GAGTATCAAAGTTACA-1,L2
GAGTATGCCCGCCTTG-1,WM
GAGTATGCGCGTGCAT-1,L6
GAGTCAGACCAGAATC-1,WM
GAGTCCGCTTACCGGA-1,L6
GAGTGTCAACCAGAAA-1,L5
GAGTGTGCGGTACCCA-1,L5
GAGTTGATGGCAATTT-1,WM
GATAAATCGGTGGATG-1,L3
GATAACTCGCACTGTG-1,L5
GATAAGGCAGATGCAA-1,L1
GATACGATGGGAGTCA-1,WM
GATAGGTAACGTTGAC-1,L6
GATAGTGCGAGTAAGT-1,WM
GATATCTCATGCAATA-1,L3
GATATGAGACACTAAC-1,L6
GATATGCGGTAGCCAA-1,L3
GATATGGATTACGCGG-1,L3
GATATTGAGATTGGCG-1,L4
GATATTTCCTACATGG-1,L3
GATCAACATAAAGGGA-1,WM
GATCATTCCAAACATT-1,L6
GATCCCTTTATACTGC-1,L6
GATCCGGGAATTAACA-1,L6
GATCCTAAATCGGGAC-1,L4
GATCCTCGACACTGGC-1,WM
GATCCTCTTGCGCTTA-1,L3
GATCGACACTATCTGA-1,L5
GATCGCGGGCTCTCCA-1,L6
GATCGCTACCCGATTT-1,L4
GATCGCTATATCTCAG-1,WM
GATCGGATAGAACCAT-1,L5
GATCGGTGGCCATAAC-1,L6
GATCGTGACTGATATC-1,L6
GATCTCGACGCTGTGG-1,L3
GATCTGCTATCTAAGG-1,L6
GATCTTGGAGGGCATA-1,L6
GATCTTTGCAGGGTAT-1,L6
GATGACAAGTAGGGCA-1,WM
GATGACGATGATCGCG-1,L2
GATGATTTGAAACTGG-1,L1
GATGCCACACTACAGC-1,L1
GATGCCAGCAGAAGGC-1,L3
GATGCCTTCTGCGGCA-1,WM
GATGCGTCCTGCATTC-1,L6
GATGCTACAAGCGCCT-1,L3
GATGCTGTATTTCATC-1,L6
GATGGCGCACACATTA-1,L3
GATGGTGCCCTAGGCA-1,L3
GATGTAACGAACCACC-1,WM
GATGTCCGGATCACAT-1,L1
GATGTCGGTCAACTGC-1,L3
GATGTGTTGTCACAAG-1,L3
GATGTTCAATCCACGA-1,L6
GATGTTTGTGCGAGAT-1,L3
GATTAACCGAAAGCCC-1,L4
GATTAATCCTGGCTCA-1,L1
GATTACTGAATTTGGG-1,L6
GATTCCCTTGTCGCAG-1,L5
GATTCCGCGTTTCCGT-1,L3
GATTCCTATACGGCGC-1,L3
GATTCGACGGTTCACG-1,L6
GATTGACACTCTGCTC-1,L1
GATTGCTCCAGTTGCA-1,WM
GATTGGGAAAGGTTGT-1,L5
GCAAACCCTACATTAT-1,L5
GCAAACCTTGGCCATA-1,L6
GCAAACGTCGCCAGGT-1,L3
GCAAAGGGCGTTAGCC-1,WM
GCAAATATTACGCTTT-1,L6
GCAACACACTAGAACT-1,L6
GCAACAGCAGTATGCG-1,L3
GCAACCACCAGACCGG-1,L3
GCAACCACGGCCGCGT-1,L6
GCAACGGCTAGTTATG-1,L3
GCAAGAATTCCTTGGC-1,WM
GCAAGATGTGTTCGCG-1,L1
GCAAGTGCACAGAGAA-1,L5
GCAAGTGTAAAGCATG-1,WM
GCACAAACCCTAGATG-1,WM
GCACAAACGAGGCGTG-1,L3
GCACAAGTGTCGGAAG-1,L3
GCACACACTGGTAGCC-1,L4
GCACGCCTACTTAGAT-1,WM
GCACGTGGTTTACTTA-1,L3
GCACTAGTCGCGCTAT-1,L3
GCACTCCCACAGTCCC-1,L1
GCACTGCCTACCTTTA-1,L6
GCACTGTGCAAATGTA-1,L1
GCAGAAGGTAATCTCC-1,L2
GCAGACCCAGCACGTA-1,L4
GCAGATCCATAAGACT-1,L5
GCAGATTAGGGATATC-1,L6
GCAGCACACAGCCCAG-1,L6
GCAGCCTATATCACAT-1,L3
GCAGCGGTGGGCATTA-1,L1
GCAGCTATGGACAGGT-1,L1
GCAGGAACTTAGATCT-1,WM
GCAGGACTATAGAATA-1,L5
GCAGGTAGAGTATGGT-1,L3
GCAGTGTGGCTATAGG-1,L5
GCAGTTCGATCCGAGC-1,L3
GCATACGAGGTCTTTA-1,L5
GCATAGAGCACTCAGG-1,L6
GCATCCCTAACTTTGA-1,L3
GCATCGGCCGTGTAGG-1,L3
GCATGAGGGACGCGGC-1,L5
GCATTCAAGGCAACGC-1,L3
GCATTCGAAATGAACA-1,L3
GCATTGTAATTCATAT-1,L5
GCATTTCCAAGGCTCC-1,L3
GCCAACCATTTCCGGA-1,L3
GCCAATAGGGCATCTC-1,L3
GCCACAATTTAAGGAC-1,WM
GCCACTCAGAGCGCGA-1,L4
GCCACTCCTTACGGTA-1,L2
GCCAGGAGTAACCGAT-1,L4
GCCAGGCGTTCGCATG-1,L3
GCCATATTGCACACAG-1,L4
GCCATCGAGCTGCGTG-1,WM
GCCATCGATGCTGCAT-1,L3
GCCATTAGCCTCAAAC-1,WM
GCCCACCAAGGCTGTC-1,L2
GCCCAGATGCTGGAGA-1,L2
GCCCAGTTGGTATGCC-1,L3
GCCCATGGGTGCAATG-1,L1
GCCCGACTTCTTCCCG-1,WM
GCCCGAGAGTCTAAAT-1,WM
GCCCGATCTGTGGTCG-1,L6
GCCCGCGCGTAAACGG-1,WM
GCCCGCGCGTTTGACA-1,L3
GCCCGTAATACCTTCT-1,L5
GCCCTAGCCGTCGCGA-1,WM
GCCCTGAGGATGGGCT-1,
GCCGAAATTCCTACGT-1,L6
GCCGACCCACGACTGC-1,WM
GCCGATTGGCCAAGCT-1,L6
GCCGCACTCCGTTTCA-1,L2
GCCGCATTAGTCCGGC-1,L5
GCCGCTAGATACGCAG-1,L1
GCCGCTTGTGAGAAAC-1,L6
GCCGGGTTAGGGTCGC-1,L6
GCCGGTTTGGGCGGAT-1,L1
GCCGTGGAAGAAATGT-1,L3
GCCTAGCGATCTGACC-1,L3
GCCTATAGTGTCAGGG-1,L5
GCCTATGCTGGGCCTT-1,L2
GCCTATTCCGATATAG-1,L3
GCCTATTTGCTACACA-1,L2
GCCTCATCTGGAAATA-1,L5
GCCTCCGACAATTCAC-1,L3
GCCTCTATACATAGCA-1,L6
GCCTGCTACACTGAGA-1,L1
GCCTTCAGCCCTACCG-1,L3
GCCTTTGTCAGTGGAC-1,WM
GCGAAACGATCGGGAG-1,L3
GCGAAACTTAACTGGA-1,L5
GCGAAGCCATACCCGT-1,L6
GCGACATGTAAACATC-1,L3
GCGACCCAACCATCTG-1,WM
GCGACGATAGTTGTAC-1,WM
GCGAGAGGCCATGTAA-1,L2
GCGAGAGTTGCGTCCA-1,L3
GCGAGCGCATGCTCCC-1,L3
GCGAGGCCCGAGCAGA-1,L6
GCGAGTTCTGCAAAGA-1,L6
GCGATTCTGGAAGCAG-1,L3
GCGATTGTTAACGTTA-1,L6
GCGCAAATATATTCAA-1,WM
GCGCAAGAGCGCGCTG-1,L4
GCGCATCCAGTCAGCA-1,L5
GCGCCGTTCCACGATA-1,L6
GCGCCTCCCACTCCGA-1,L3
GCGCGATGGGTCAAGT-1,L1
GCGCGTCATTGGTACA-1,L5
GCGCTAAGTATGCATG-1,L2
GCGCTAATTGAATAGA-1,L6
GCGCTATGCCGAGGCA-1,WM
GCGCTGATCCAGACTC-1,L3
GCGCTGCTTTGCATTT-1,L5
GCGCTTAAATAATTGG-1,L5
GCGGACCGCGTTGTGG-1,WM
GCGGAGAAACTTCGCA-1,WM
GCGGAGAGGGAGAACG-1,L6
GCGGCAAAGTATTGCC-1,WM
GCGGCTCTGACGTACC-1,L6
GCGGGAACCAGGCCCT-1,L3
GCGGGCGAGCCTTACC-1,WM
GCGGTAACCCAAATGA-1,L1
GCGGTCCCTAGACGCA-1,L3
GCGGTGAACTGCGCTC-1,L3
GCGGTTCCCTATCATG-1,WM
GCGTAAATGGCCATAA-1,L4
GCGTCCAGCTCGTGGC-1,L1
GCGTCCCTAAGACATA-1,WM
GCGTCGAAATGTCGGT-1,L4
GCGTCGCCAGGGTGAT-1,L6
GCGTCTCTGCATTGGG-1,L6
GCGTGGTACTGGGTTA-1,L5
GCGTGTATGTCGTATT-1,L1
GCGTTATATTTGGAAC-1,L3
GCGTTCGGAGACCGGG-1,L3
GCTAAACCTGAGGTGA-1,L3
GCTAACTGAAGTCTGA-1,L5
GCTAAGTAGTTTCTCT-1,L6
GCTAATACCGAATGCC-1,L4
GCTACAATCGAGGATA-1,L3
GCTACAGTACGGACCG-1,L5
GCTACGACTTATTGGG-1,L6
GCTACTATAGTAGAGT-1,L4
GCTAGACCGTCTACTG-1,L3
GCTAGAGTAGAGATGT-1,L4
GCTAGCACCTGGGCCA-1,L2
GCTAGCAGGGAGTGGG-1,L3
GCTAGCGATAGGTCTT-1,WM
GCTAGCTTGAATAGCT-1,WM
GCTAGGCACCACGGAG-1,L5
GCTAGTAGAGCTTGTA-1,L6
GCTAGTTTCATTGAGG-1,L3
GCTATACGTCTCGGAC-1,L5
GCTATCATACTCATGG-1,L5
GCTATCGCGGCGCAAC-1,L3
GCTCAATCCGTTTATT-1,WM
GCTCAATGTAATACCG-1,L6
GCTCATTACTGCATGT-1,L3
GCTCCATGAGTGCAGA-1,L2
GCTCCCAGTCGGTCCA-1,L3
GCTCCGCTCGCTTCAG-1,L3
GCTCCGGACGTTGATA-1,L1
GCTCCTGACATACTGG-1,WM
GCTCGCTCATGTCCAA-1,L4
GCTCGGAATTTAAAGC-1,L5
GCTCTAAACCCTGACG-1,L5
GCTCTATGTTACGTGC-1,L5
GCTCTCGGGTACCGAA-1,L5
GCTCTTTCCGCTAGTG-1,L6
GCTGAACTCTCCAGGG-1,L2
GCTGAATCTTCCAATC-1,WM
GCTGAGGCGTGAGTAT-1,L6
GCTGCACGGTTTCTTA-1,L6
GCTGCTAAGTAGTCGA-1,WM
GCTGCTACTGCGTAGC-1,L6
GCTGCTCTCCGGACAC-1,L6
GCTGGACCCAAAGTGG-1,L2
GCTGGCATATTCACCT-1,L5
GCTGGCGGCGCATGCT-1,L6
GCTGGTTTAGGCCATA-1,WM
GCTGTATTACTGGCCC-1,WM
GCTGTCTGTGATCGAC-1,L1
GCTGTTGCTACCGAAC-1,L5
GCTTAATGTAACTAAC-1,L5
GCTTACGTAGTTAGTA-1,L3
GCTTATGAAGCAGGAA-1,L5
GCTTCCAGCTTAGATT-1,L1
GCTTCCGTCCCTAGAC-1,L6
GCTTCGACGTTCAATC-1,WM
GCTTGATGATAATCAG-1,L3
GCTTGGATCGATTAGG-1,L4
GCTTTCAGAGGAGGTG-1,L5
GGAAACCTTGTTGAAT-1,L3
GGAAACTAAATGGGCC-1,L3
GGAAAGTGCCCATGCC-1,L4
GGAACCGTGTAAATTG-1,WM
GGAACCTTGACTCTGC-1,WM
GGAACGGCCTGCAGCC-1,L3
GGAACTTTGGCGATTA-1,L3
GGAAGCTCGCTTACAG-1,L3
GGAATAACCTCAAGAA-1,L2
GGAATGCGCTAGCGTG-1,L5
GGACACAAGTTTACAC-1,L3
GGACCAACAGGATAAC-1,L6
GGACCTACGGTAACGT-1,L2
GGACCTCTAGGCCGCC-1,WM
GGACGGCTTGCGCAAC-1,L1
GGACGTCCATAGTTGG-1,
GGACTCACAAATTAGG-1,L2
GGACTCGACAGCGCAT-1,WM
GGACTCGTGAGTGGTC-1,WM
GGACTCTTCCGGTTGA-1,L2
GGAGAAGTCATTGGCA-1,L4
GGAGACGACACCTTTG-1,L6
GGAGCAACATTTCAAG-1,L3
GGAGCACCAAGAACTA-1,L5
GGAGCGAGGCCTACTT-1,L6
GGAGGATTGAAAGGAG-1,L3
GGAGGCCGAAGTCGTC-1,L3
GGAGGCGAAGAACCGC-1,L1
GGAGGGCTTGGTTGGC-1,L6
GGAGGGTCAAGTAAGA-1,L3
GGAGTGCCGCCCTGGA-1,L4
GGATACTCATGAATTG-1,L1
GGATCAAAGGACGAGG-1,L1
GGATCATCCCGTACGC-1,L3
GGATCCGGAATATACT-1,L5
GGATCTTACTGCCCTT-1,WM
GGATCTTGACTCAACC-1,WM
GGATGAAGATCGCTGA-1,L5
GGATGACGCGAGTTTA-1,L6
GGATGCTGGCGTTCCT-1,L5
GGATGTCCTTACCGCA-1,L5
GGATTAAGCTAAGGTC-1,L3
GGATTCAGTACGGTGG-1,L3
GGATTCCGCTATACCC-1,L4
GGATTGCTGTGACTCC-1,L5
GGATTTCACTTCTATA-1,L5
GGCAAAGGCGCCAATA-1,WM
GGCAAATTACTTTACT-1,L6
GGCAAGGCGAAATAGC-1,L6
GGCAATAGTCAATGAG-1,L6
GGCACTCAGCCGACCC-1,L2
GGCACTCCACTGGGCA-1,L6
GGCAGCAAACCTATGC-1,L3
GGCAGCGGTAATCCTA-1,L3
GGCATACAGGTAGCGG-1,L5
GGCATATCGGTTCTGC-1,L3
GGCATCAACGAGCACG-1,L1
GGCCACAAGCGATGGC-1,L1
GGCCCGGAGCATGTCT-1,L2
GGCCCTCACCCACTTA-1,L5
GGCCGAGACTCTGGTG-1,WM
GGCCGCAGGAACCGCA-1,
GGCCGGCGTCTGCTAT-1,L5
GGCCGTTTGGGTTTCA-1,WM
GGCCTGCTTCTCCCGA-1,L3
GGCGAAATCTAACTTG-1,L5
GGCGCAGGACATCTTC-1,L5
GGCGCATGAATTGATG-1,L6
GGCGCGGAGATCTTTC-1,L5
GGCGCGTTCGAGTTTA-1,L6
GGCGCTCCTCATCAAT-1,L1
GGCGCTTCATTCCCTG-1,L6
GGCGGAGTAATATTAG-1,L5
GGCGGTAGGATCATTG-1,L6
GGCGGTTTGCCGGTGC-1,L1
GGCGTAGGGAAAGCTG-1,L5
GGCGTCCTATCCGCTG-1,L5
GGCTAAAGGGCGGGTC-1,L3
GGCTACTATACACTCC-1,WM
GGCTATTAAGTTGTAT-1,L5
GGCTCCTCCACCTGTT-1,WM
GGCTCGCGTTGAGGTA-1,L5
GGCTCGTGCCACCAGC-1,L3
GGCTCTGCTCCAACGC-1,L5
GGCTGAAATAGCAAAG-1,L6
GGCTGAGCATCGTAAG-1,L2
GGCTGGCTAGCTTAAA-1,L1
GGCTTTCAATAAGGGT-1,L6
GGGAACCACCTGTTTC-1,L1
GGGAACGGGAGGTTAG-1,L6
GGGAACGGTTTCAGAT-1,WM
GGGAAGACGGTCTGTC-1,L5
GGGAAGGGCTTTCTCA-1,L5
GGGAATGAGCCCTCAC-1,L3
GGGACAGAGTTACTCC-1,WM
GGGACCCGTATATCTT-1,WM
GGGACTGCATAGATAG-1,L6
GGGAGAACTCACAGTA-1,L6
GGGAGGATGCCCGAAA-1,L6
GGGAGTAATGGCTGGC-1,L2
GGGAGTTAATGAGGCG-1,L6
GGGATGGTCGTAACCG-1,WM
GGGATTTACCGCACCT-1,L5
GGGCAACCGCACGTGC-1,WM
GGGCACGTAGTACTGT-1,WM
GGGCAGAGCAATCGTT-1,L6
GGGCCCGTCTTAAACA-1,L6
GGGCCCTACGAAAGGG-1,L5
GGGCCGGCCGAAGTAC-1,L5
GGGCGATATGTGTGAA-1,L5
GGGCGCAGCGTTACTC-1,L2
GGGCGGCAAATGAATT-1,WM
GGGCGGGTTCCCTACG-1,L6
GGGCGGTCCTATTGTC-1,L2
GGGCGTACATTTATAT-1,L5
GGGCGTCACCACGTAA-1,WM
GGGCGTCCACTGGCTC-1,L3
GGGCGTGGTTTCCCAG-1,L5
GGGCGTTTACATTCAT-1,WM
GGGCTATGATCGATGG-1,WM
GGGCTCATCGAACCCA-1,L5
GGGCTGCCTAGGGCGA-1,L6
GGGCTGGTTAGTCGCG-1,L5
GGGTACCCACGGTCCT-1,L1
GGGTACTTCATGAACT-1,L6
GGGTATGTATGCACTT-1,L4
GGGTATTCTAGCAAAC-1,WM
GGGTCACCGTGACGGT-1,L6
GGGTCAGGAGCTAGAT-1,L6
GGGTCGTGGCAAGTGT-1,L3
GGGTCTATCGCTTTCC-1,L3
GGGTGACACCTTAACT-1,WM
GGGTGCATATGAAAGC-1,L3
GGGTGGTCCAGCCTGT-1,L3
GGGTGTTTCAGCTATG-1,L4
GGGTTAACATTTGAGT-1,WM
GGGTTCAGACGAACAA-1,L2
GGGTTTAGGATAGGAT-1,L3
GGTAAATGTGCGTTAC-1,L3
GGTAACCGGGAGGATA-1,WM
GGTAACTATGTATCTG-1,L2
GGTACAAACATGCTAT-1,L6
GGTACATCTGGGACGA-1,L5
GGTACCATTAAGACGG-1,L3
GGTACTAAGTGCTTTG-1,L2
GGTAGAAGACCGCCTG-1,L6
GGTAGACCGTTGGGCG-1,WM
GGTAGTGCTCGCACCA-1,L6
GGTATAGTGACACATA-1,L3
GGTATTGCCGAGTTTA-1,L6
GGTCAAGACTACTTCG-1,L3
GGTCACGTTAGATTCA-1,L1
GGTCAGTGGGTCCCAC-1,L6
GGTCGGATAAACGGCG-1,L3
GGTCGGCCAGGAGCTT-1,L5
GGTCGGTAATTAGACA-1,L2
GGTCGGTCGTCCACAG-1,WM
GGTCGTAAGCTCGCAC-1,L6
GGTCTCCGTCCAGGTT-1,L3
GGTCTCTGAATGGACT-1,WM
GGTCTGAGAATCTGGA-1,L6
GGTCTTGAGCGCTCTT-1,L6
GGTGAAACCGGGAATG-1,L1
GGTGAAGTACAGGGAT-1,WM
GGTGAGATGCAGATAA-1,L3
GGTGATAAGGAGCAGT-1,L6
GGTGATTTCATCTTGT-1,L1
GGTGCAGAGCCTATCG-1,L2
GGTGCATAAATGATTA-1,WM
GGTGCGGATAAGTGGC-1,L3
GGTGCTGATCACAAAG-1,L3
GGTGCTGGTACACATT-1,L6
GGTGGACCACGTGTTA-1,L1
GGTGGACTGCTCTGGC-1,L5
GGTGGAGGTTGATACG-1,L2
GGTGTTCTGTTTCTAC-1,L2
GGTGTTGGGCGTCTTA-1,L2
GGTTACCACCCTCGGG-1,WM
GGTTAGCTATATGTCT-1,L5
GGTTAGGCTTGGAGAA-1,L5
GGTTAGTTACGGCGCC-1,L3
GGTTCCACCCGCTTCT-1,L2
GGTTCTACTCGTCTGA-1,L3
GGTTGTATCGTGAAAT-1,L1
GGTTTAATTACCATCG-1,WM
GGTTTAATTGAGCAGG-1,L2
GGTTTACAATCTCAAT-1,L5
GGTTTAGCCTTTCTTG-1,L3
GGTTTCAATCGGTCAG-1,L5
GGTTTGACAAGAAGCT-1,L1
GGTTTGAGTGCTGGAA-1,L2
GGTTTGTGACCTGAGG-1,L3
GTAACATCTAAGATAA-1,L3
GTAACTGCCCAAGGAG-1,WM
GTAACTTGCGGCAGTC-1,L1
GTAAGCGGGCAGTCAG-1,L5
GTAAGGATTTGTCGGA-1,L3
GTAAGTAACAGTCTGG-1,L5
GTAAGTAGGGTATACC-1,L4
GTAAGTCCACACTCTA-1,L2
GTAATAAAGGGCTCCC-1,L3
GTAATCTGATTCTTCG-1,WM
GTACACTTACCTGAAG-1,L6
GTACAGAGGCAAGGGT-1,L5
GTACGACGGCGCTGCG-1,L1
GTACGAGATTGCGACA-1,L5
GTACGCTTCATTGCAC-1,L6
GTACGTCACGTATTAA-1,L1
GTACGTTTGCCCGTCA-1,L6
GTACTAAGATTTGGAG-1,L5
GTACTCCCTTATCGCT-1,L5
GTACTCCTGGGTATGC-1,L3
GTACTGAGGTCGTAAC-1,L2
GTACTGCATGAAGCGT-1,L2
GTACTGGAGTTAGACC-1,L6
GTACTTGGGCACTTCT-1,L3
GTAGAAACGGGTGGAG-1,L3
GTAGACAACCGATGAA-1,L2
GTAGACACGCCTGACT-1,L6
GTAGACGTCGTTACAT-1,L2
GTAGAGGGAGACAAGT-1,WM
GTAGCCAAACATGGGA-1,L6
GTAGCGCTGTTGTAGT-1,L1
GTAGCGGCTATACACT-1,L6
GTAGCTAGTAAGCGCG-1,L2
GTAGCTCCGGGAGGCT-1,WM
GTAGCTTCCTCTTGTT-1,L5
GTAGGTGATCCGTGTA-1,L4
GTAGTCGCGGGAATCA-1,L5
GTAGTCTACGATATTG-1,L5
GTAGTTCGAAGGCGAA-1,WM
GTATAATCTCCCGGAT-1,L1
GTATAGGACTCAGTAG-1,L5
GTATAGTGGCCCATGT-1,L2
GTATATGTTACGGCGG-1,L1
GTATCAAACGTTAGCT-1,L4
GTATCAGCTTGGGTTC-1,L3
GTATCCTTTGGTAACC-1,L4
GTATCTCAGTCTTGAC-1,WM
GTATCTTGTTGCTCAC-1,L1
GTATCTTTCATAACCA-1,L6
GTATGAAATTTCACTC-1,WM
GTATGACGTGGGAAAC-1,L1
GTATGTGGGTCTAGTT-1,L5
GTATTAAGGCGTCTAA-1,L3
GTATTCTGAGAAACGA-1,WM
GTATTCTTACCGTGCT-1,L1
GTATTTAATGGCATAA-1,L2
GTCAAAGAAGTGGTGT-1,WM
GTCAAAGTTTACATAG-1,L1
GTCAAGCGGACTCGGG-1,L6
GTCACAAAGTTTCCAA-1,L3
GTCACCTGTCTATGTC-1,L1
GTCACTCTCCAAATCT-1,L3
GTCAGAATAGTCTATG-1,L5
GTCAGTTGTGCTCGTT-1,L3
GTCAGTTTGGTAGTCG-1,L3
GTCATGCACCTCCGTT-1,L6
GTCATGCGCGAGGGCT-1,L3
GTCATGGACATGACTA-1,L5
GTCATTAGAGCGAACG-1,L6
GTCATTGCATTGACCC-1,L3
GTCCAATATTTAGCCT-1,WM
GTCCACGTCGCATTCG-1,
GTCCATTACTGCTACG-1,L3
GTCCCAACGTAAAGTA-1,L6
GTCCCGCGACGTTATG-1,L5
GTCCGGACCTGAAATT-1,L5
GTCCGGCTGAATTGCG-1,L5
GTCCTACGAATAGTCT-1,L5
GTCCTTCTAGTGGGTT-1,L3
GTCCTTTAATGACTTC-1,L1
GTCGATAGGTGACTTT-1,L2
GTCGCCGTTGTGTGTT-1,WM
GTCGCGTAACCCGTTG-1,L6
GTCGGAAGGATACCAG-1,
GTCGGATATCTCAGAC-1,L5
GTCGGATGTAGCGCGC-1,L4
GTCGGGAAGCAGAAAC-1,L6
GTCGTACCATCTCGGG-1,L6
GTCGTATTGGCGTACA-1,L3
GTCGTCAATTATAAGG-1,L2
GTCGTGTCTGGTCATC-1,L3
GTCGTTATTCGCTTAT-1,L6
GTCTACTCAATTACAA-1,L5
GTCTATCTGAGTTTCT-1,L6
GTCTATTGGTTCCGGT-1,L5
GTCTCAAGGCCCGGCT-1,L6
GTCTCCTGCCAGTATG-1,WM
GTCTCGACTAAGTTTG-1,L3
GTCTCGATCTGCTTTC-1,L5
GTCTCGCCAACACGCC-1,L1
GTCTGGGCGGTCGAGA-1,WM
GTCTTAGTACAGCCGG-1,L3
GTCTTGAGGAGCAGTG-1,L3
GTCTTGTAGCTATTCA-1,L3
GTGAAACGGCGCCACC-1,L5
GTGAAACGTGCTCCAC-1,L2
GTGAACTCCCATTCGA-1,L3
GTGAAGATTTCAAGTG-1,L3
GTGAAGCCGTATAGTC-1,L3
GTGACAGCTTCCCACT-1,L5
GTGACCGCACACTACG-1,L5
GTGACGAGGGTGACCC-1,L3
GTGACGCAGGTTTCAT-1,L5
GTGACTTCAGTAGTGC-1,WM
GTGAGCGTGCTGCACT-1,L5
GTGAGGACACTTAAGG-1,L6
GTGAGGAGCGGTTGAG-1,L3
GTGAGTGGTACAACGC-1,WM
GTGATCAAGCGTGCAC-1,WM
GTGATCACTAACGCCT-1,L4
GTGATCATAGATCTGC-1,L6
GTGATCCTTGTCATGA-1,L5
GTGATGCACAACATCT-1,L3
GTGATTCGCCGCTCAA-1,WM
GTGCAACAAATGTGGC-1,L3
GTGCACCAGCTTCAAC-1,L6
GTGCACGAAAGTGACT-1,L4
GTGCAGCGTAGAGTAG-1,L2
GTGCCATCACACGGTG-1,L6
GTGCCCGTTCGGATTC-1,L5
GTGCCGCTTCAAAGGT-1,WM
GTGCCTCAGTGTACGG-1,L3
GTGCGAAATCGAACAC-1,WM
GTGCGACAGGGAGTGT-1,L4
GTGCGCAGCTTGCTCC-1,L1
GTGCGCTTACAAATGA-1,L1
GTGCGGGTCTCCAAAT-1,L5
GTGCGTGTATATGAGC-1,L5
GTGCTCAAGTACTGTC-1,L6
GTGCTTACATCAGCGC-1,L3
GTGGAACCTACATGCG-1,L3
GTGGACCAACCCGATT-1,L6
GTGGACGCATTTGTCC-1,L6
GTGGACGTGCTGAGAC-1,L3
GTGGAGCGTTTACCGA-1,WM
GTGGAGTCGGCGGTTG-1,WM
GTGGCAAACAGCGGCA-1,WM
GTGGCCGGTTTCTCGG-1,WM
GTGGCGGGCCGTAGCT-1,L1
GTGGCGGTCCCAGCGT-1,L5
GTGGGAACAAACCGGG-1,WM
GTGGGAAGACTGAATC-1,L6
GTGGGCTTAGACACAC-1,L5
GTGGTATAGTCTGCCG-1,WM
GTGGTCAGCGAAGTAT-1,L3
GTGGTGGCCAAGTGAA-1,L6
GTGGTTACTTCTTTCG-1,L3
GTGGTTTCCGCCTTTC-1,L6
GTGTACCTTGGCTACG-1,L5
GTGTATATCAGCGGGC-1,L5
GTGTATGACTTTAAAG-1,L1
GTGTCAGTGTACGTGG-1,WM
GTGTCCGATAAGGCAT-1,L1
GTGTCGTATAGCGTTC-1,L6
GTGTGAATAACTTAGG-1,L5
GTGTGAGCCGAGGTGC-1,L1
GTGTTACTATGCGTCC-1,L6
GTTAAAGTAGGACTGG-1,L5
GTTAACATCACTTAAA-1,L6
GTTAACTATGTTGTCA-1,L3
GTTAAGGGTGCGATGT-1,L6
GTTAAGTTAGAGTGGG-1,L3
GTTACAATTGGTGACG-1,L5
GTTACCTACAACTTGC-1,L6
GTTACGAAATCCACGC-1,L1
GTTACGGCCCGACTGC-1,L1
GTTACTTTGGGCCTAG-1,WM
GTTAGAGTGTGCCGCT-1,L3
GTTAGCCCATGACATC-1,L5
GTTAGCCGTAAATCAA-1,L3
GTTAGGCTACCCGTTT-1,WM
GTTATAATACGGTGAA-1,L3
GTTATATCAGGAGCCA-1,L2
GTTATATTATCTCCCT-1,WM
GTTATCACCTTCTGAA-1,L2
GTTATTAAATACGACC-1,L2
GTTATTAACGTGGGAG-1,L3
GTTCAATCTATGTCAA-1,L3
GTTCACAGGAGTCTAG-1,L5
GTTCATCGTTTGGCTG-1,L3
GTTCCAAGACAGCGAC-1,L1
GTTCCAGTCTGACCAT-1,L3
GTTCCCGTAAACATAT-1,L2
GTTCGACAATTGTATA-1,
GTTCGCCATAAGTGCC-1,L6
GTTCGCTGAGACGTCT-1,L3
GTTCGGATCGGGAACA-1,L3
GTTCGGGCGTACCATT-1,L3
GTTCGTCTAAAGAACT-1,L5
GTTCGTTGCGGACCAG-1,L1
GTTCTTCCCTCGATGT-1,L3
GTTGAACCGGTTCCAT-1,L6
GTTGAGTCCCGCCGGT-1,L6
GTTGCACGGAGTTTCG-1,L5
GTTGCGCTAACATTAC-1,L2
GTTGCGGACGGTCAGG-1,L3
GTTGGATTCAGTGGCT-1,L3
GTTGGATTGAGAACAC-1,L5
GTTGGATTTGCGTTGG-1,L6
GTTGGTCATGCTATCC-1,L6
GTTGTCGTGTTAGTTG-1,L3
GTTTACGTTCCATCTG-1,L6
GTTTCAAACGAGTTGT-1,L3
GTTTCATATCGTCGCT-1,L5
GTTTCCTGGAGGGTGA-1,L5
GTTTCTGCAGTCTCCC-1,L6
GTTTGACCAAATCCTA-1,L6
GTTTGAGCGGTTATGT-1,L1
GTTTGGCCCAAGTTAT-1,L6
GTTTGGCCGCTCAGCG-1,L1
GTTTGGGCTTGTGAGC-1,L6
GTTTGGGTTTCGCCCG-1,L4
GTTTGGTAGGGTCAAC-1,L6
GTTTGGTGATCGGTGC-1,WM
TAAACCCAGGAGGGCA-1,WM
TAAAGACAACCCTTTA-1,L3
TAAAGAGCCCGAAACC-1,L2
TAAAGCGGTATTTCCA-1,WM
TAAAGCGTTAGGAGAA-1,L5
TAAAGCTGCAATAGGG-1,L3
TAAAGGAGAAACTAGT-1,L1
TAAATGAATCCGTTTC-1,L3
TAAATGCCGTCTCATG-1,L2
TAACAAAGGGAGAAGC-1,L3
TAACAATATTTGTTGC-1,L3
TAACAGCGTTTGTGCT-1,WM
TAACATACAATGTGGG-1,L6
TAACATACACGCGATC-1,WM
TAACCGCCCGCAGTGC-1,L2
TAACCTACCGTCCGAG-1,L4
TAACCTAGGGAGTCCA-1,L3
TAACGCTTTGAGAGCG-1,L4
TAACTATCGAAGGTCC-1,L3
TAACTATTACGCCAAA-1,L3
TAACTCATCCGCGCGG-1,WM
TAACTCCATGGAGGCT-1,L3
TAAGAGGGACAGGGAC-1,WM
TAAGATTTAGCGGGAG-1,L1
TAAGCAGGCGACACGC-1,L5
TAAGCGCGAATCAAAT-1,WM
TAAGGAACTTGTGGGA-1,L3
TAAGGCAACATAAGAT-1,L5
TAAGGCATAACATCAA-1,WM
TAAGGCCCGTCACCCT-1,L6
TAAGGCTGAATCCCTC-1,L4
TAAGGGCCTGTCCGAT-1,L4
TAAGGGCTGGGAGAGG-1,L5
TAAGTAAATGTGCCGC-1,L1
TAAGTAACATCTTGAC-1,WM
TAAGTCGCCGAGTATC-1,WM
TAAGTTGCGACGTAGG-1,L4
TAATAAACAAGGAGAT-1,L3
TAATACACAGTAGTAT-1,L5
TAATAGAACAGAGTTA-1,WM
TAATAGGTCACCAGAA-1,WM
TAATAGTGACGACCAG-1,L5
TAATATTGAAATTCGC-1,L3
TAATCGATCCGTACGT-1,L4
TAATGAAAGACCCTTG-1,L3
TAATTACGTCAGTAGA-1,L3
TAATTAGATGGATATG-1,L1
TAATTAGGACATCCGT-1,L3
TAATTGGAATCGGGAA-1,L3
TACAAATTGCGGAGGT-1,L1
TACAACGCACAACTCA-1,L6
TACAAGCTGTTCACTG-1,L1
TACAAGTCTCGTGCAT-1,L5
TACAATGAAACCAGCA-1,L1
TACACCGTCGTTAGTC-1,L2
TACAGAAACGGTGGGC-1,L5
TACATAGGCATACACC-1,L6
TACATCCCTATCCCTG-1,L5
TACATGCCGGAATTGT-1,L2
TACATTTCTAACGTGC-1,L6
TACCAAATAGCCCAGA-1,L6
TACCAATAAAGTACCA-1,L5
TACCAGAAGTAGGTTC-1,WM
TACCAGCTAGGTTTAA-1,L3
TACCATGTATTGATTT-1,L2
TACCGCGGACTTGCAG-1,L5
TACCGGCTCACTGCCC-1,L6
TACCGGTCGTTTCCAT-1,WM
TACCGTAGGTTAACTA-1,WM
TACCGTGCCTCGGACC-1,L6
TACCTACTCCCAGTAT-1,L6
TACCTCACGCTTGTAC-1,L3
TACCTCAGTTGTCTGT-1,WM
TACCTCCACACCAATG-1,WM
TACCTGCTGCACTGTG-1,L3
TACCTTAAGATTTCCC-1,WM
TACGAACACGACTTCA-1,L6
TACGACGCTTGCTGCG-1,WM
TACGACTGCCTCTTAG-1,L6
TACGAGAACTTCACGT-1,L5
TACGATGTTGATCATC-1,L5
TACGCAGTTCTTTCCT-1,L6
TACGCCATATTCTAAT-1,L6
TACGCCGAGGGTACCC-1,WM
TACGCCTCCATTCCGA-1,L6
TACGCTATAGAAACCT-1,L3
TACGCTCGGTATTGGA-1,L3
TACGCTGCTGTGTTAA-1,WM
TACGGCATGGACGCTA-1,
TACGGGATGCTAGCAG-1,L5
TACGTAAAGCGGAGTG-1,L3
TACGTACTAGTGCTGA-1,WM
TACGTGCACTATGCTG-1,L3
TACGTTTACCGGCAAT-1,L6
TACTATGGTTCCTCAG-1,WM
TACTCCTCTAGTTGAC-1,WM
TACTCGGCACGCCGGG-1,L5
TACTCTCCGAACAAAT-1,L5
TACTCTTACTTTACTG-1,L3
TACTCTTTCGTCTTCA-1,WM
TACTGAACAGATTTAG-1,WM
TACTGCAATCAATTAC-1,L3
TACTGGACAGCTCGGC-1,L5
TACTGTTTCTCTGGTA-1,L3
TACTTGTTAGTAGTCC-1,L5
TACTTTACTGAGCCGG-1,L5
TACTTTCCGCACGCCA-1,L6
TAGAAACCACTAAGTA-1,L3
TAGAAAGGTGGCGCTA-1,L6
TAGAATAGCCGATGAA-1,L3
TAGAATTAAGGGCAAC-1,L3
TAGACGAAACGCCAAT-1,L5
TAGACGCCCGTACCGG-1,L5
TAGACTACCTAGCGTT-1,L3
TAGAGATCATGCAACT-1,L6
TAGAGCTACGAAGAAC-1,L3
TAGAGGTTCTACTTGT-1,L4
TAGAGTCTAAGCGAAC-1,L5
TAGATATGGACTGGAA-1,WM
TAGATCCGAAGTCGCA-1,L3
TAGATGGTTCCTTACT-1,L4
TAGATTCCTGGTTATT-1,L4
TAGCAACCTGTCACAA-1,L3
TAGCCATTTCAAAGTC-1,L5
TAGCCGGCGGTCAGCG-1,L5
TAGCGTCCCTCGATTG-1,L3
TAGCGTCCGGTGTGGT-1,L6
TAGCGTTGGGTCTTAC-1,L6
TAGCTAAGTCCGGGAG-1,L6
TAGCTAGAAGGCATGA-1,WM
TAGCTAGTGATGATGG-1,WM
TAGCTCACTGTGTTTG-1,
TAGCTCGCCTGATAAC-1,WM
TAGGAACAGCCTCCAG-1,L3
TAGGCATGTTACGCCA-1,L5
TAGGCGGCTGCAAAGA-1,WM
TAGGGAGCTTGGGATG-1,L5
TAGGGTGTTTCAAGAG-1,L5
TAGGTCCAAGTAAGGA-1,L4
TAGGTCGCCGGAACTG-1,L4
TAGGTGACGATAACCT-1,L5
TAGGTGAGCCCTACTC-1,L5
TAGGTGCTCGCCTAGC-1,L5
TAGGTGTTCCACAGAT-1,L6
TAGGTTCGAGTTCGTC-1,L6
TAGTACCACAACTTTC-1,WM
TAGTACCTTAGTGGTC-1,L3
TAGTAGCTTATACCAG-1,WM
TAGTCCCGGAGACCAC-1,WM
TAGTCCGCAGAGAATG-1,L6
TAGTCCGTATGCATAA-1,L1
TAGTCGATCACGGGTT-1,L4
TAGTCTAACAACGAGA-1,L6
TAGTCTGTGACGTTGC-1,L3
TAGTCTTTCCGAATTG-1,L3
TAGTGAGAAGTGGTTG-1,L1
TAGTGCCCTCCAGAGT-1,L6
TAGTGGAACTCATACA-1,L2
TAGTGTCAGAAACGGC-1,L3
TAGTTAAGATAGGATA-1,L3
TAGTTTATTCTTGCTT-1,L3
TATAAATCCACAAGCT-1,L3
TATAAGTGAGGATAGC-1,L3
TATACACAGACGCCTT-1,L6
TATACACGCAAAGTAT-1,L3
TATACCGAGTGCCACA-1,L3
TATACGCGTCATCACT-1,L6
TATACTCATGCGGCAA-1,L3
TATAGAGTCGCTTGAA-1,WM
TATAGATGGTCGCAGT-1,L4
TATAGGGTACTCATGA-1,L5
TATATAGGGCTTTACG-1,WM
TATATATCGAGAAATG-1,WM
TATATCCCTGGGAGGA-1,L4
TATATTACAAATGTCG-1,L3
TATATTCGCGTCGATA-1,L3
TATCACAGCACGGGCA-1,L1
TATCACCATGTAAAGT-1,L3
TATCACCCAACCGACC-1,L3
TATCACTTCGAGTAAC-1,L3
TATCCAATTGGTTATC-1,L5
TATCCATATCATGCGA-1,L4
TATCCATCTCGGTTAG-1,WM
TATCCGCACCGTCGGG-1,WM
TATCCTGCATGGGAAT-1,L3
TATCGATCTATGCATA-1,L4
TATCGATGATTAAACG-1,L5
TATCTACAGAGGTAAT-1,L4
TATCTACCACAGCGGG-1,L6
TATCTTGCAATACAAC-1,WM
TATGAAGACAGGTGCG-1,L3
TATGATAAATCTAACG-1,L3
TATGATCCGGCACGCC-1,L3
TATGATCTTCTCTTTA-1,L5
TATGATTCTGCTTGGT-1,L1
TATGCTCCCTACTTAC-1,L5
TATGGAGTTTCTCGTT-1,L1
TATGGATGTGCTACGC-1,L5
TATGGCCCGGCCTCGC-1,L5
TATGGGACCGAGCAGG-1,L6
TATGGGTACGTATCGT-1,L6
TATGGTCTGAGTAACA-1,L6
TATGGTTAGTGGGAGA-1,L3
TATGTAAAGTGCTTAA-1,WM
TATGTCAAGACCGACT-1,L3
TATGTCTCATTGTGCC-1,L5
TATTAACCTGACCGCG-1,WM
TATTACCATCCTGCTT-1,L5
TATTATGTTTGCCTGC-1,WM
TATTCAATTCTAATCC-1,L6
TATTCCACTCAGCTCG-1,WM
TATTCCGAGCTGTTAT-1,L5
TATTCCGGCAGTCCTA-1,L1
TATTCCTCCGCCCACT-1,WM
TATTCGTGCCAGAATA-1,L6
TATTGACATTTCTGCC-1,L2
TATTTAGTCTAGATCG-1,L4
TATTTATACCGAGTAG-1,L3
TATTTGATTTGCACAG-1,L3
TATTTGTTACCCTTTA-1,L5
TCAAACAACCGCGTCG-1,L5
TCAAACTTAGATTGTT-1,L6
TCAAAGTCACGGCGTC-1,
TCAAATTTGAGACTCA-1,L6
TCAACAAAGATAATTC-1,WM
TCAACACATTGGGTAA-1,L1
TCAACATAGCGCCCTA-1,WM
TCAACATCGACCGAGA-1,L6
TCAACCATGTTCGGGC-1,L5
TCAACGAGGAGACAAA-1,L6
TCAACGCAGGAAATAA-1,WM
TCAACGCGACCGGCAG-1,L5
TCAACTAACGTATAAC-1,L4
TCAACTGCAGAGTCAG-1,L3
TCAAGAAATACTAGCT-1,L3
TCAAGCGCGGACGGTA-1,L3
TCAAGGTTACTACACC-1,L3
TCAATACGCCGTCATG-1,L6
TCACAAACCGAGGTAC-1,L4
TCACAGCAAACTCGAA-1,WM
TCACAGGAGAATAAGA-1,WM
TCACAGGGAATCGCAA-1,L6
TCACAGGTTATTGGGC-1,L5
TCACATCTTATCTGAT-1,L3
TCACCCTCTTAAGATT-1,L6
TCACCGCTCGGCACTC-1,L5
TCACGATGTCCGTGGA-1,WM
TCACGCATTGTAGATC-1,L6
TCACGGCCCAAGAGAG-1,WM
TCACGGTCATCGCACA-1,L5
TCACGTGCCCGATTCA-1,L6
TCACTACGACCAATGC-1,L3
TCACTATCGTGCAATC-1,L1
TCACTCAGCGCATTAG-1,L1
TCACTCGTGCAACGGC-1,L3
TCAGAACCTCCACAGG-1,L3
TCAGACGCTATAGAAG-1,L6
TCAGAGTGTGAGCATG-1,
TCAGCAAATGCATCTC-1,L6
TCAGCAGTAGGCCCTG-1,WM
TCAGCCAATCCGTAAA-1,L3
TCAGGGTGCACGAAAC-1,L3
TCAGGGTGTAACGTAA-1,L6
TCAGGTTCTTTGAGAA-1,L5
TCAGTACTGACCCGCG-1,L4
TCAGTAGGGACTATAA-1,WM
TCAGTGTATACGTCAT-1,WM
TCAGTTACGGAATGAT-1,L2
TCATACTTACAGATCC-1,L3
TCATATGAGCTTTGTT-1,L6
TCATCACTCGAGCTCG-1,L3
TCATCCCAGAGGGTGG-1,L3
TCATCGATGGTCCCAA-1,WM
TCATGCAGGTTCTCAT-1,L4
TCATTTAAGTCTCCGA-1,L4
TCATTTAGAAGTGTGA-1,L3
TCCAACTTTAAATTCT-1,L6
TCCAATAAAGGCTACC-1,WM
TCCACAATGGTTTACG-1,L5
TCCACCTCTAGCCTTT-1,WM
TCCACTTTATCTAGGT-1,L6
TCCAGAGCACCGGTTC-1,L6
TCCAGATGTACGCCAA-1,L2
TCCAGCGCTATAAGCG-1,L3
TCCAGGCGAGTACGGT-1,L6
TCCAGGGTATATACGA-1,L6
TCCATCAATACTAATC-1,WM
TCCATTAGTTGGATAG-1,L1
TCCATTGTGACCTCGT-1,L3
TCCCAAACAGACAACG-1,L3
TCCCAAAGACGAAGGA-1,L5
TCCCAAAGCCCTAAAT-1,L3
TCCCACGGAGGGAGCT-1,L1
TCCCACTCTCTTCCGG-1,L3
TCCCAGCACACGACAT-1,L2
TCCCAGCTTTAGTCTG-1,L6
TCCCAGGCTTAGCTAA-1,L5
TCCCGCGTACTCCTGG-1,L6
TCCCGGGTGTGCTGCT-1,L5
TCCCGGTCAGGAATTT-1,L1
TCCCGTCAGTCCCGCA-1,L5
TCCCGTCGCGTCATAG-1,L2
TCCCGTGTGCAATTTG-1,L6
TCCCTAGATCAATAGG-1,L2
TCCCTCCGAAATCGTT-1,L1
TCCCTCTTCTCAAGGG-1,
TCCCTGGCGTATTAAC-1,WM
TCCCTGGCTCGCTGGA-1,L5
TCCCTTAGATTACTCG-1,L4
TCCCTTGTCTGAAACT-1,
TCCGAACGTTGCCGCT-1,L2
TCCGAACTTGGCTTAC-1,L4
TCCGAAGTAGTCACCA-1,L2
TCCGAATGGTCCTGAG-1,L3
TCCGATAATTGCCATA-1,L4
TCCGATGACTGAGCTC-1,L5
TCCGATGGTGCGACAT-1,L5
TCCGATTACATTGCCG-1,L5
TCCGCCTGTCTACAAG-1,L6
TCCGCGGCAGCATCTG-1,L5
TCCGCGGCCCAATGAA-1,L4
TCCGCTGTCATCCCGG-1,L5
TCCGCTTATCCCATTA-1,L6
TCCGGAGGAAGGGCTG-1,L2
TCCGGCCTAGCGTACA-1,L4
TCCGGCCTGCATCGAT-1,L2
TCCGGTTCGTCCGGTC-1,WM
TCCGTTAAGCTAATAT-1,L4
TCCGTTTAGCCTTGAA-1,L5
TCCTAAATTGGGAAGC-1,L6
TCCTAACCGTCGGGCA-1,WM
TCCTACATCCACGGCC-1,L5
TCCTAGCAAAGAAGCT-1,L6
TCCTATCATAGGTAAC-1,L2
TCCTCCTAAGACATTC-1,L6
TCCTCGGGCTGGGCTT-1,L6
TCCTCTACGAGATGGC-1,L4
TCCTCTCCAGTTGTCC-1,L4
TCCTCTGGCCCATTAG-1,L3
TCCTGCCAACTGGAGA-1,L3
TCCTGCGTTGATACTC-1,L5
TCCTGGCGCTGCCTGG-1,L2
TCCTTACGACGGTCCG-1,L4
TCCTTCAGTGGTCGAA-1,L3
TCCTTGTCCTTTAATT-1,L6
TCCTTTAAATCCGCTT-1,L5
TCCTTTCTTACGCTTA-1,L6
TCGAAATTTAGGACCA-1,L5
TCGAAGAACCGAGCAC-1,L4
TCGAATATCCCGCAGG-1,WM
TCGACAACTGAACCCG-1,WM
TCGAGACCAACACCGT-1,L6
TCGAGCCAGGCAGGCC-1,WM
TCGAGGGCAACAGACG-1,L2
TCGATAGGCTAGTCGC-1,L1
TCGCAAAGATGCATTT-1,L6
TCGCACCAGGAGGCAG-1,L5
TCGCATAAAGGGCGCA-1,L3
TCGCATCCCTAAGTGT-1,L2
TCGCATTCAATGACTT-1,L1
TCGCCCAACTGACTCC-1,L1
TCGCCGAAGTTGCGTC-1,WM
TCGCCGGTCGATCCGT-1,L4
TCGCGTAGCAGTGTCC-1,L3
TCGCGTCCAGAAGGTC-1,L5
TCGCTAAACCGCTATC-1,L3
TCGCTACTGGCTTTGA-1,L5
TCGCTCGATATATTCC-1,L6
TCGCTCGGCACCAGCG-1,L3
TCGCTGGGCGGATTGT-1,L6
TCGCTGTGCGTAAATC-1,L3
TCGCTTTAAACGTTTG-1,L5
TCGGAATGACCATCAA-1,L3
TCGGAATGCGCTCTGA-1,L4
TCGGACGCCCAGCCCA-1,L6
TCGGAGAGTATCGGGA-1,L6
TCGGAGTACATGAGTA-1,L6
TCGGCAGGGTTAAGGG-1,
TCGGCGAACCCAAACC-1,L3
TCGGCGTACTGCACAA-1,L6
TCGGCTAACTTCCCTT-1,L2
TCGGCTTGTATCGACG-1,L4
TCGGGAACGTGCCTAG-1,L3
TCGGGAGACAGCGTAC-1,L6
TCGGGATTCAAACATA-1,L5
TCGGGCACTTCTGGAT-1,L1
TCGGGCCGTCGTGGTA-1,L5
TCGGGTGAAACTGCTA-1,L3
TCGGTCCCGACAATAG-1,WM
TCGGTCCCTGACTCCA-1,L3
TCGGTGACCGCTCCGG-1,L2
TCGGTTAGCCATGTAG-1,L2
TCGTAAGACGACATTG-1,L5
TCGTAAGCTCCGAGGA-1,L3
TCGTATAGTGCAATTA-1,L3
TCGTATTACCCATTGC-1,L5
TCGTATTTCGTCCGGA-1,L3
TCGTCAAGTACGCGCA-1,WM
TCGTCACACTGTTAGC-1,L3
TCGTCCGCTGGCGTCT-1,L3
TCGTCTTAGGCGTTAA-1,L5
TCGTGTACTATGGATG-1,L6
TCGTGTATTGGTCACG-1,L3
TCGTGTCACGCTGACA-1,L6
TCGTGTTCGACCACAA-1,L3
TCGTTAGGAGTCCCTA-1,WM
TCGTTCGTTATTATGT-1,L3
TCGTTGCTATCCGGTC-1,WM
TCGTTGGCTCGTCAAT-1,L1
TCTAATACTGCCTCAG-1,WM
TCTACACGTTCATGCA-1,L2
TCTACCCAATAGAGAG-1,L3
TCTACCGTCCACAAGC-1,L5
TCTACGGGCTCAGTTG-1,
TCTAGCAATCTCCGCC-1,WM
TCTAGCATCTTCGATG-1,L4
TCTAGCATGCCCAGAA-1,L6
TCTAGGTGGCGACGCT-1,L4
TCTAGTGATATCGTGG-1,L4
TCTAGTTATCAGAAGA-1,L6
TCTATCATGCAGTTAC-1,L3
TCTATCGGTCGCAACA-1,L5
TCTATGCTATAACGAC-1,L4
TCTATTACGCTGGCGA-1,L2
TCTATTACTAGAGGAT-1,L5
TCTCATGAGATAGGGT-1,L5
TCTCCAACGTAGGTTA-1,L5
TCTCCACAAGTTGAAT-1,L4
TCTCCCTGGGCAGCGT-1,L5
TCTCGAACGAGGTCAC-1,L3
TCTCGACGTATCGCCG-1,L3
TCTCGAGGAGGTTCGC-1,L3
TCTCGGCTCCAGGACT-1,L1
TCTCTAATAGCTGGTA-1,L4
TCTCTCGCCGCACATA-1,L3
TCTCTTACCGCGAACC-1,WM
TCTGAACCGGTCGGCT-1,L3
TCTGAACTCGTACCCG-1,L4
TCTGAAGCACGTGGTC-1,L5
TCTGAATTCCGTACAA-1,L5
TCTGAGCAATTGACTG-1,L3
TCTGATCGGGTGCTAG-1,L2
TCTGATGTATTCTGTC-1,L5
TCTGCATACCTTGCTT-1,L3
TCTGCCAGAAACTGCA-1,L6
TCTGCGTCCGGTTTCT-1,L1
TCTGGGAACCTTTGAA-1,L4
TCTGGGTAGCGCTCAT-1,L6
TCTGTCATACAAGAGC-1,L2
TCTGTGCCATCATAGT-1,L6
TCTGTTACCCAGCATA-1,WM
TCTTACAGAGGTACCG-1,L3
TCTTACCGGAACTCGT-1,L4
TCTTACGGCATCCGAC-1,L3
TCTTACTTATGCCTCT-1,L5
TCTTAGAGCTCCAATT-1,L3
TCTTAGAGTGAACTCT-1,L4
TCTTATGGGTAGTACC-1,L1
TCTTCCCATGGGCACA-1,L5
TCTTCGAATAGACGTT-1,L6
TCTTCGATACCAATAA-1,L6
TCTTCGCGGTGAGAGG-1,L3
TCTTCTATAACCCGCC-1,L3
TCTTGATGCGTAGCGA-1,L6
TCTTGCTCCCGATACT-1,L6
TCTTGGTAACACCAAA-1,L5
TCTTTAAGACTATGAA-1,L4
TCTTTAGAGTCTAACA-1,L3
TCTTTAGCAGGCGAAC-1,L3
TCTTTCCTTCGAGATA-1,L2
TCTTTCTCTTAAGGAG-1,L3
TGAAACTTATGCAAGC-1,L3
TGAAAGGACCTGACTC-1,L5
TGAATGAGTGTTTCCC-1,WM
TGAATGTCAGCCGGCC-1,L3
TGACACTTCTCTTTGC-1,L3
TGACATCGAGCGGACC-1,L4
TGACCAAATCTTAAAC-1,L6
TGACCAGCTTCAAAGT-1,L2
TGACCCAACTCACATT-1,L1
TGACCCACGTTAGACA-1,L6
TGACGAATATTTCCCT-1,L6
TGACGATGCACTAGAA-1,L5
TGACTATAATCCTTTC-1,L6
TGACTCCGAATCATAC-1,WM
TGAGAATGCTTTACCG-1,L4
TGAGAGATTTACCACG-1,L5
TGAGATCAAATACTCA-1,L2
TGAGATTAGGCCCTAA-1,L3
TGAGCAGTCGTGAAGT-1,L1
TGAGCCATACAGTCTC-1,L6
TGAGCGGAAAGTGTTC-1,L6
TGAGCTTTAATGACGC-1,L4
TGAGGAGTGCCAGCTT-1,L6
TGAGGTTGATCCCAAG-1,L1
TGAGTAAATTAGCGTA-1,WM
TGAGTGCCTCTTAAAT-1,WM
TGAGTGGTCCGTGACG-1,L5
TGAGTTAAAGACATTC-1,L3
TGATACATTTAGCCGT-1,WM
TGATCAGGGAACTGCT-1,L6
TGATCCCAGCATTAGT-1,L3
TGATCGGTTTGACCCT-1,L5
TGATCTACGCTGATCT-1,L3
TGATCTCCGGCGCCAG-1,L5
TGATGGCTGTTTCTGA-1,L3
TGATGTCAATTAAGTG-1,L3
TGATTATGGCACGCAG-1,L1
TGATTCCCGGTTACCT-1,WM
TGATTCGTCTATCACT-1,L5
TGATTCTGTCGCCGGT-1,WM
TGATTTATTAGCTGTG-1,L6
TGATTTCCTCCTGACG-1,L3
TGCAACCCATCTGCGG-1,L5
TGCAAGAATGACGTAA-1,L6
TGCAATCTAACACGGT-1,L4
TGCAATTTGGGCACGG-1,L3
TGCACAGTGAAGTTAT-1,L3
TGCACGAGTCGGCAGC-1,L2
TGCACTATGTGAGTGC-1,L1
TGCAGAACTATATCGT-1,L6
TGCAGAGTACCGAGCA-1,L6
TGCAGATCGTCCTAGG-1,L5
TGCAGCTACGTACTTC-1,L5
TGCAGGATCGGCAAAG-1,L5
TGCAGTGGTAGGGAAC-1,WM
TGCAGTTTCCTCCCAT-1,L5
TGCATATGTCTGTCAC-1,L5
TGCATGGATCGGATCT-1,L5
TGCATGTGGTAATCTA-1,L5
TGCCAAAGTCAGACTT-1,L6
TGCCAATGGGTACTCT-1,WM
TGCCACCTGGCGAAAC-1,L5
TGCCAGTACGTGGAGA-1,L6
TGCCATGGCTTATAAG-1,L1
TGCCATTACTAAAGAA-1,L4
TGCCCGTACCGTTAAA-1,L6
TGCCGAAAGCGTATTC-1,L2
TGCCGGATGTACGAGC-1,WM
TGCCGTGGATCGTCCT-1,L6
TGCCTAATTGAAGATT-1,L3
TGCCTGACATCGGTCA-1,L1
TGCCTGATCAAACGAT-1,L5
TGCCTTGGCCAGGCAA-1,L5
TGCGAATATGGGATTT-1,L6
TGCGACACCCTAGTGC-1,WM
TGCGACGGCCGAACGT-1,WM
TGCGAGAATATTACCC-1,WM
TGCGAGATGGCGGCCA-1,
TGCGAGCCCTTCCGCG-1,L2
TGCGCAAAGCATTTGG-1,L6
TGCGCGATTAACGGAG-1,L5
TGCGGAGTAAAGGTGC-1,L5
TGCGGCATAGTTCAAC-1,L3
TGCGGGTATTGGGATC-1,L1
TGCGGTCTACGAGTAA-1,L1
TGCGGTGAAATTTCAT-1,L3
TGCGTAAGAACCTGAT-1,WM
TGCGTCATGACTGAGC-1,WM
TGCGTTTGTTGACACT-1,L6
TGCTAAGTGTCTATTT-1,L5
TGCTATACAAACGGAC-1,L1
TGCTATGGCAAAGGGA-1,
TGCTCCACAGTTCTTA-1,L5
TGCTCGGCGAAACCCA-1,L6
TGCTCGGTGGGTCACC-1,L5
TGCTCTTGAGAGTTTG-1,L6
TGCTGGTTGGACAATT-1,L3
TGCTGTTGAAGAACTC-1,L6
TGCTTAGAGAGAATGC-1,WM
TGCTTCCCAAGCAGTA-1,L6
TGCTTGAAACCATGCA-1,L1
TGGAACCACTGACACA-1,L3
TGGAAGAAGGGAACGT-1,L6
TGGAAGACGAACACCA-1,L3
TGGAAGGATAAAGATG-1,L5
TGGAATATCCTTGACC-1,L3
TGGAATTAGACGCTTT-1,L3
TGGACCAATCTAAGAT-1,L5
TGGACCACGGCGTTGA-1,L1
TGGACGCAATCCAGCC-1,WM
TGGACTGTTCGCTCAA-1,L6
TGGAGCTAAAGTTCCC-1,L2
TGGAGTGATGCGATGA-1,L5
TGGATAGAGTAACAGA-1,L1
TGGCAAACTAAATTAC-1,L6
TGGCAACTCGCGCGCC-1,L5
TGGCAAGCACAAGTCG-1,L6
TGGCAATGGGACGGCG-1,L3
TGGCACGAGCTCGAGT-1,L1
TGGCAGATTACGATCA-1,L6
TGGCAGCAGTAATAGT-1,L6
TGGCATGAAGTTTGGG-1,WM
TGGCCAAACTGAAGTA-1,L6
TGGCCGTATATTGACC-1,L5
TGGCGACTGCTCCAAA-1,WM
TGGCGATCAAGTTATG-1,WM
TGGCGGTGTGCGATTG-1,L1
TGGCTACACTCTACCT-1,L3
TGGCTATGTGACATAC-1,L5
TGGCTTTGGGTAGACA-1,L4
TGGGAAATGCCTTTCC-1,L3
TGGGATGCACTCATTC-1,L3
TGGGCAATAGTTGGGT-1,L3
TGGGCACAAACAGAAC-1,L1
TGGGCACGTTCTATGG-1,L3
TGGGCAGGCCACCGCA-1,L3
TGGGCCACAAGAGCGC-1,L4
TGGGCCCATACTAATT-1,L5
TGGGTAAGGTTCCCGC-1,L3
TGGTAGAATATATGGG-1,L4
TGGTATCGCATCCCAA-1,L3
TGGTATCGGTCTGTAT-1,L2
TGGTCCCACGCTACGG-1,L6
TGGTCTGTTGGGCGTA-1,L5
TGGTGATCGTATTTGT-1,L3
TGGTTAAGGGCGCTGG-1,L2
TGGTTCAACGGGTAAT-1,L6
TGGTTCGTAGCAAAGG-1,L5
TGGTTGGAGGATCCTG-1,L3
TGGTTTAAACGTGGGT-1,L3
TGTAACTTGTCAACCT-1,L1
TGTAATGACCACAATA-1,L5
TGTACCTACACGAGGG-1,L5
TGTACGAACAAATCCG-1,L6
TGTACGCTATCAGCTT-1,L1
TGTAGCCATCCCATTC-1,L3
TGTAGGAGAAATTTCC-1,L5
TGTAGTGATCTATAAT-1,L5
TGTATAACAGATCCTG-1,L6
TGTATCAGACTGAAGC-1,L1
TGTATCCTTATTCCAT-1,L2
TGTATGGCGCAGACAG-1,L5
TGTATTTACCTAATGC-1,L2
TGTCATTTGTTGGGAA-1,L3
TGTCCCGACATAGCAC-1,L3
TGTCCGTGGCGCCTTT-1,L3
TGTCCTAAGTCACCGC-1,L5
TGTCGTTATCACATAT-1,WM
TGTCTACAGTTTCTGT-1,L3
TGTGACTACGCCAGTC-1,L5
TGTGAGACTAGCCCAA-1,L6
TGTGATTCCAGCGCTT-1,L1
TGTGCCGGTGCCGGAA-1,L4
TGTGCTTTACGTAAGA-1,L5
TGTGGCAAAGCGTATG-1,L5
TGTGGCGGGCTTCTGG-1,L6
TGTGGCTCCCACCAAC-1,L3
TGTGGTTGCTAAAGCT-1,WM
TGTGTAGTAGCACGTG-1,L3
TGTGTCGCGAGTTGCA-1,L4
TGTGTTCGTATCCAAG-1,L4
TGTTATTGTATGTGGC-1,L5
TGTTCCGCTTCCATGA-1,L6
TGTTCGTATTGCGGTG-1,L6
TGTTCTTCCATTGACT-1,L5
TGTTGCCGTCGTCCCA-1,L2
TGTTGTCAAGAAGTCT-1,L5
TGTTTAATACTTCATC-1,L3
TGTTTCGGTACTTCTC-1,L4
TGTTTGAGATCGTCAG-1,L3
TTAAACCGGTAGCGAC-1,L2
TTAAACTCGAATTCAT-1,L5
TTAACACCTCGAACAT-1,L3
TTAACCAACCCTCCCT-1,L4
TTAACGAACAAGCAGT-1,L2
TTAACGTCGCAAGACC-1,L2
TTAACTTCAGGTAGGA-1,L6
TTAAGACGAACGAACC-1,L2
TTAAGATAGGATTGAC-1,L4
TTAAGCCGACAACTTC-1,L3
TTAAGCGCCTGACCCA-1,L5
TTAAGGATACGGAGGT-1,L1
TTAAGGCCCGTACTTT-1,WM
TTAAGTATTGTTATCC-1,L4
TTAATCAGTACGTCAG-1,L4
TTAATGCGAGGTAACT-1,L2
TTAATGTAGACCAGGT-1,L6
TTAATTGCTTTGGGTG-1,L5
TTAATTTCAGACGCGG-1,L4
TTACAACTACGCATCC-1,L5
TTACACGATCTGCGAC-1,L3
TTACAGACCTAAATGA-1,L4
TTACATCGTGGCCTGG-1,L3
TTACATGCCACAACTA-1,L3
TTACCATTGATTACCC-1,L5
TTACCCATTGCCGGGT-1,L3
TTACCCTAACAGTCCT-1,L3
TTACCCTAGGGATTGG-1,L6
TTACGGATGGTTCGAG-1,L5
TTACGGTGTCACCGAG-1,L1
TTACGTAGCGCGTGCT-1,L1
TTACGTATCTATGACA-1,
TTACTAAAGGACTTTA-1,L6
TTACTATCGGCTTCTC-1,L4
TTACTCCGGCCGGGAA-1,L6
TTACTCTGGTACGTAC-1,L6
TTACTGGGATATTTCA-1,WM
TTACTGTCTAGAGCTC-1,L2
TTACTGTTTCTCTACG-1,L1
TTAGAAGAACATGACT-1,L6
TTAGAATAAGGGTCGG-1,WM
TTAGACACGATCGTTG-1,L3
TTAGACGAGTCACCTC-1,L5
TTAGAGTTTAGAAGGA-1,L5
TTAGATAGGTCGATAC-1,L1
TTAGCAACATGGATGT-1,L3
TTAGCTAATACGATCT-1,L3
TTAGCTCTGTAATCCG-1,L3
TTAGCTGATTTGCCGT-1,L5
TTAGGTCATAACCGAC-1,WM
TTAGTAAACCTGCTCT-1,L4
TTAGTAGGGCGGCGGG-1,L5
TTAGTTATTCGTGGCA-1,L5
TTAGTTCAAGTGTTCG-1,L3
TTATAGATGCACATTA-1,L1
TTATAGGTAATTGTCT-1,L5
TTATATACGCTGTCAC-1,L6
TTATATTTGGCAATCC-1,L5
TTATCATACTCGCAAA-1,L1
TTATCCAATCGAACTC-1,L2
TTATCCGGGATCTATA-1,L5
TTATCCTCAAGGAATA-1,WM
TTATCGCCTGCGAAGC-1,L3
TTATCTGTATCATAAC-1,L5
TTATGAATGAAAGGGA-1,L6
TTATGACAAACTGGAT-1,L4
TTATGATCTTAACGAA-1,L5
TTATGCGTCCCGGTCC-1,L1
TTATGTTTGCGATAGA-1,L3
TTATTAGAGCGTGTTC-1,L6
TTATTAGGGAAGCATC-1,L3
TTATTATCTGGAAGGC-1,L2
TTCAAAGTCTCTAGCC-1,L6
TTCAACGACCCGACCG-1,L4
TTCAAGCCGAGCTGAG-1,L3
TTCAATACTCTGAATC-1,L5
TTCAATTAGCCATAAT-1,L3
TTCACGAAAGGATCAC-1,L6
TTCACTCGAGCACCTA-1,L6
TTCACTTCCTAGAACG-1,WM
TTCAGAGTAACCTGAC-1,L1
TTCAGCCCTGGTCCAC-1,L5
TTCAGCTGGCGTGCCC-1,L4
TTCAGGCGTCAAAGCC-1,L5
TTCATGGCGCAACAGG-1,L5
TTCCAATCAGAGCTAG-1,L4
TTCCAATCTGGCTATC-1,WM
TTCCACACAGATTTGA-1,WM
TTCCACATTTCTCGTC-1,L1
TTCCAGACGAGATTTA-1,L3
TTCCATCATGCGGTGA-1,L3
TTCCATCGACAGCGTG-1,L3
TTCCCGACGCTTCACT-1,L2
TTCCGCAGAGAAATAT-1,L3
TTCCGCGTGAGGCGAT-1,L6
TTCCGGCCTTGAGGCT-1,WM
TTCCGGCTCGACTTCT-1,L1
TTCCGGTATCTGTGTC-1,L3
TTCCGGTTACCCACTT-1,L5
TTCCTCGAGGGTGTCT-1,L4
TTCCTCGGACTAACCA-1,L5
TTCCTCTGCCCGAATA-1,L5
TTCCTTTCTGTGTTGC-1,L1
TTCGACAGAGCCCGTG-1,L6
TTCGACGGGAAGGGCG-1,L5
TTCGCACTCGCGTGCT-1,L5
TTCGCACTGTACGACA-1,L6
TTCGCGCGCCATACGA-1,WM
TTCGCTAGGAAGTTGT-1,L3
TTCGCTATCTGACGTG-1,L3
TTCGGACTGATGCCTT-1,L2
TTCGGCAACCCGCTGA-1,L3
TTCGGCTAGAGATGGT-1,L2
TTCGGGACTAATCGCG-1,L6
TTCGGGCGCTAGTCTT-1,WM
TTCGGGTTGCCACGGG-1,L2
TTCGGTACTGTAGAGG-1,L6
TTCGGTGGAGACGCCC-1,L2
TTCGTAATCCCAGCGG-1,L3
TTCGTACTCCAGAACG-1,L4
TTCGTTCAACGAAGTT-1,L3
TTCTAACCGAAGCTTA-1,L5
TTCTACCTCAATCGGT-1,
TTCTACCTTTATGTTG-1,L3
TTCTACTTGCGAGGGC-1,L3
TTCTAGAAAGTCTTAT-1,WM
TTCTAGGCCAATTGTG-1,L4
TTCTATTAAACGCAGC-1,L6
TTCTGACCGGGCTCAA-1,L5
TTCTGCCGCGCCTAGA-1,L6
TTCTGCGAGCGCCCTT-1,L4
TTCTGCGGGTTAGCGG-1,L6
TTCTGCTAGACTCCAA-1,L3
TTCTTAGTGAACGGTG-1,L3
TTCTTAGTGGCTCAGA-1,L4
TTCTTATCCGCTGGGT-1,L3
TTCTTCCCTTTGATAT-1,L1
TTCTTCGCAATAGAGC-1,L2
TTCTTGAGCCGCGCTA-1,WM
TTCTTGCTAGCATCTC-1,L3
TTCTTGGACGATCTGC-1,WM
TTCTTGGAGTAATGAG-1,L5
TTCTTGTAACCTAATG-1,L3
TTCTTTGGTCGCGACG-1,L3
TTGAAAGGTGTAAAGG-1,L2
TTGAACGAATCCTTTG-1,L2
TTGAACGACGTGCTGA-1,L5
TTGAAGAATTCCCAGG-1,L6
TTGAAGGATGGGCGCC-1,WM
TTGAATATGGACTTTC-1,L6
TTGAATTCACGTGAGG-1,L4
TTGACAGGAGCTCCCG-1,L4
TTGACATGAACGTGGA-1,L6
TTGACCAGGAACAACT-1,L5
TTGACCATGTTCTCCG-1,L5
TTGACCGTGTTAATGA-1,WM
TTGACGATTCAGCACG-1,L2
TTGACGCTCCATGAGC-1,L4
TTGACTACCATATGGT-1,WM
TTGACTATTGTCCGGC-1,L3
TTGAGAAGTTTAGCAT-1,L5
TTGAGAGTACTGCTAA-1,WM
TTGAGCAGCCCACGGT-1,L3
TTGAGCGCCACGTGAT-1,L2
TTGAGGCATTTAACTC-1,L3
TTGAGTCCCGCTGCTG-1,L2
TTGATAGTCAATACAT-1,L2
TTGATCTAACTTTGTC-1,L5
TTGATGTGTAGTCCCG-1,L5
TTGATTAGCTGTTTCT-1,WM
TTGATTATGCAGATGA-1,L4
TTGCACAATTCAGAAA-1,L6
TTGCACGGAGCAGCAC-1,L5
TTGCATGCTGATCACG-1,L6
TTGCCAAGCAGAACCC-1,L3
TTGCCATAGCCCGCTC-1,WM
TTGCCCTGATCACGGG-1,L5
TTGCCGCAGACCTACA-1,WM
TTGCCGCTTTCTAGTA-1,L5
TTGCCGGTGATCCCTC-1,L3
TTGCGGCATCAGAAAG-1,WM
TTGCGGCGACTCATGC-1,L1
TTGCGTAGTTTGAGGA-1,L3
TTGCGTCGGCCAACCG-1,WM
TTGCGTGAACGCTTAG-1,L3
TTGCTAGCTACCAATC-1,L1
TTGCTCCCATACCGGA-1,L5
TTGCTGAAGGAACCAC-1,L4
TTGCTGATCATGTTCG-1,L6
TTGCTGCACCTATCCA-1,L3
TTGCTGGCCGGGCTTC-1,L3
TTGGAAGAATACAGTC-1,WM
TTGGACATGTGGCTTA-1,L6
TTGGACCATCTGGCAA-1,L3
TTGGACCTATAACAGT-1,L5
TTGGAGTCTCCCTTCT-1,L1
TTGGATATCGTCTACG-1,WM
TTGGATCGACTTCTGG-1,L3
TTGGATTGGGTACCAC-1,L3
TTGGCCATCTTGCGCT-1,L2
TTGGCCTAGAATTTCG-1,L3
TTGGCTCGCATGAGAC-1,L3
TTGGGACACTGCCCGC-1,L6
TTGGGACGTAAGAGTT-1,L3
TTGGGCGGCGGTTGCC-1,L6
TTGGTATGGCTTGTGT-1,L2
TTGGTCACACTCGTAA-1,WM
TTGGTTGCGGTGCGCG-1,WM
TTGTAAGGACCTAAGT-1,WM
TTGTAAGGCCAGTTGG-1,L5
TTGTAATCCGTACTCG-1,L6
TTGTATCACACAGAAT-1,L3
TTGTCGTTCAGTTACC-1,L5
TTGTGAACCTAATCCG-1,L5
TTGTGAGGCATGACGC-1,L5
TTGTGCAGCCACGTCA-1,L5
TTGTGGCCCTGACAGT-1,L4
TTGTGGTAGGAGGGAT-1,WM
TTGTGGTGGTACTAAG-1,L4
TTGTGTATGCCACCAA-1,L6
TTGTGTTTCCCGAAAG-1,WM
TTGTTAGCAAATTCGA-1,L4
TTGTTCAGTGTGCTAC-1,L5
TTGTTGTGTGTCAAGA-1,L6
TTGTTTCACATCCAGG-1,WM
TTGTTTCATTAGTCTA-1,WM
TTGTTTCCATACAACT-1,L6
TTGTTTGTGTAAATTC-1,L1
