ID,annot_type
AAACAAGTATCTCCCA-1,1
AAACACCAATAACTGC-1,2
AAACAGAGCGACTCCT-1,3
AAACAGGGTCTATATT-1,2
AAACAGTGTTCCTGGG-1,2
AAACATTTCCCGGATT-1,2
AAACCCGAACGAAATC-1,1
AAACCGGGTAGGTACC-1,4
AAACCTAAGCAGCCGG-1,2
AAACCTCATGAAGTTG-1,1
AAACGAAGAACATACC-1,4
AAACGAGACGGTTGAT-1,2
AAACGCCCGAGATCGG-1,3
AAACGGGCGTACGGGT-1,2
AAACGGTTGCGAACTG-1,1
AAACGTGTTCGCCCTA-1,3
AAACTAACGTGGCGAC-1,3
AAACTCGGTTCGCAAT-1,2
AAACTCGTGATATAAG-1,3
AAACTGCTGGCTCCAA-1,3
AAACTTAATTGCACGC-1,2
AAACTTGCAAACGTAT-1,1
AAAGAATGTGGACTAA-1,2
AAAGACCCAAGTCGCG-1,2
AAAGACTGGGCGCTTT-1,1
AAAGCTTGCCTACATA-1,3
AAAGGCCCTATAATAC-1,2
AAAGGCTACGGACCAT-1,4
AAAGGCTCTCGCGCCG-1,3
AAAGGGATGTAGCAAG-1,2
AAAGGGCAGCTTGAAT-1,1
AAAGGTAAGCTGTACC-1,3
AAAGTAGCATTGCTCA-1,1
AAAGTCACTGATGTAA-1,2
AAAGTCGACCCTCAGT-1,1
AAAGTGTGATTTATCT-1,1
AAAGTTGACTCCCGTA-1,1
AAATAACCATACGGGA-1,1
AAATAAGGTAGTGCCC-1,1
AAATACCTATAAGCAT-1,3
AAATAGCTTAGACTTT-1,4
AAATAGGGTGCTATTG-1,4
AAATCCGATACACGCC-1,2
AAATCGTGTACCACAA-1,4
AAATCTAGCCCTGCTA-1,2
AAATGATTCGATCAGC-1,3
AAATGCTCGTTACGTT-1,2
AAATGGCATGTCTTGT-1,1
AAATGGCCCGTGCCCT-1,2
AAATGGTCAATGTGCC-1,4
AAATGTGGGTGCTCCT-1,4
AAATTAACGGGTAGCT-1,4
AAATTACACGACTCTG-1,1
AAATTACCTATCGATG-1,3
AAATTCCAGGTCCAAA-1,4
AAATTGATAGTCCTTT-1,2
AAATTGCGGCGGTTCT-1,2
AAATTGGTGAGAAGCA-1,3
AAATTTACCGAAATCC-1,3
AAATTTGCGGGTGTGG-1,4
AACAACTGGTAGTTGC-1,2
AACAATACATTGTCGA-1,2
AACAATTACTCTACGC-1,4
AACACACGCTCGCCGC-1,2
AACACGACTGTACTGA-1,4
AACACGAGACGCGGCC-1,1
AACACGCGGCCGCGAA-1,2
AACAGCTGTGTGGCAA-1,2
AACAGGAAATCGAATA-1,1
AACAGGATGGGCCGCG-1,4
AACAGGTAGTATGGAT-1,1
AACATATCAACTGGTG-1,3
AACATCGATACGTCTA-1,3
AACATTGAAGTTGATC-1,2
AACATTGTGACTCGAG-1,2
AACCAAGACTTCTCTG-1,4
AACCAGTATCACTCTT-1,3
AACCATAGGGTTGAAC-1,2
AACCATGGGATCGCTA-1,2
AACCCAGAGACGGAGA-1,2
AACCCATCCCATGATC-1,2
AACCCGACAACCCGTG-1,2
AACCCGAGCAGAATCG-1,4
AACCCGCTGTATTCCA-1,2
AACCCTACTGTCAATA-1,1
AACCCTGGTGGAACCA-1,4
AACCGAGCTTGGTCAT-1,2
AACCGCTAAGGGATGC-1,1
AACCGTTGTGTTTGCT-1,1
AACCTCGCTTTAGCCC-1,1
AACCTGTCACGGAATT-1,4
AACCTTTAAATACGGT-1,4
AACCTTTACGACGTCT-1,3
AACGATAATGCCGTAG-1,4
AACGATAGAAGGGCCG-1,2
AACGATATGTCAACTG-1,2
AACGCATGATCTGGGT-1,3
AACGCGAACGGCAACA-1,2
AACGCGACCTTGGGCG-1,2
AACGCGGTCTCCAGCC-1,2
AACGCTGTTGCTGAAA-1,2
AACGGACGTACGTATA-1,1
AACGGCCATCTCCGGT-1,4
AACGTACTGTGGGTAC-1,4
AACGTCAGACTAGTGG-1,2
AACGTCGCTGCACTTC-1,2
AACGTGATGAAGGACA-1,1
AACGTGCGAAAGTCTC-1,2
AACTACCCGTTTGTCA-1,1
AACTAGGCTTGGGTGT-1,4
AACTCAAGTTAATTGC-1,4
AACTCCAGAGCGTGTT-1,2
AACTCCTAATCCCATG-1,1
AACTCGATGGCGCAGT-1,2
AACTCTCAATAGAGCG-1,3
AACTGAGGTCAGCGTC-1,3
AACTGATATTAGGCCT-1,2
AACTGGGTCCCGACGT-1,1
AACTGGTGTGGGCCTT-1,1
AACTTCTGCGTCTATC-1,2
AACTTGCCCGTATGCA-1,4
AACTTGCGTTCTCGCG-1,2
AACTTTAGCTGCTGAG-1,1
AAGAAGGATCAGTTAG-1,2
AAGACATACGTGGTTT-1,2
AAGACCCAACTGAACA-1,4
AAGACTAACCCGTTGT-1,2
AAGACTGCAAGCTACT-1,2
AAGAGATGAATCGGTA-1,1
AAGAGCTCTTTATCGG-1,2
AAGAGGATGTACGCGA-1,4
AAGAGGCATGGATCGC-1,2
AAGAGGCCCTTTGGAA-1,1
AAGATGGCACCGGACC-1,2
AAGATTGGCGGAACGT-1,3
AAGCACCCTGCGTATC-1,4
AAGCATACTCTCCTGA-1,4
AAGCCGAAGCGGTTTA-1,1
AAGCCGCCGTGAAATC-1,2
AAGCGCAGGGCTTTGA-1,2
AAGCGGCGTCATGGGT-1,3
AAGCGTCCCTCATCGA-1,2
AAGCTAGATCGAGTAA-1,3
AAGCTCGTGCCAAGTC-1,2
AAGCTCTTTCATGGTG-1,4
AAGGAGAACTTATAAG-1,4
AAGGAGCGGTTGGTGC-1,2
AAGGATCGATCGCTTG-1,4
AAGGATGAGGGACCTC-1,3
AAGGCAGGCTGTCTCC-1,1
AAGGCGCGTAAAGCTT-1,1
AAGGCTGTGCTCATCG-1,4
AAGGGAACGACTGGCT-1,2
AAGGGACAGATTCTGT-1,3
AAGGGACTATGCATTC-1,2
AAGGTATCCTAATATA-1,1
AAGGTGATAAACCAGC-1,1
AAGTAGAAGACCGGGT-1,2
AAGTAGTGACGCGAGG-1,4
AAGTCAATTGTCGTCA-1,4
AAGTGACGACCGAATT-1,4
AAGTGAGTCGGGTTTA-1,2
AAGTGCCTTGACTGTA-1,4
AAGTGCGTTAGAATCT-1,1
AAGTGCTTCTCTATTG-1,2
AAGTGTTTGGAGACGG-1,1
AAGTTCACTCCAAGCT-1,2
AAGTTCAGTCTGCGTA-1,3
AAGTTCGGCCAACAGG-1,4
AAGTTGTGATGTTATA-1,2
AAGTTTACTAATGGCA-1,4
AAGTTTATGGGCCCAA-1,2
AATAACAACGCTCGGC-1,4
AATAACGTCGCGCCCA-1,2
AATAAGTCCTCGAGAC-1,4
AATACAATGTTTCAGG-1,1
AATACCGGAGGGCTGT-1,1
AATACCTGATGTGAAC-1,2
AATAGAATCTGTTTCA-1,1
AATAGCAAGCCTCCTG-1,3
AATAGCTACCGCGTGC-1,3
AATAGTCCGTCCCGAC-1,4
AATATCAAGGTCGGAT-1,2
AATATCGAATCAATGC-1,1
AATATCGAGGGTTCTC-1,3
AATATTGGAGTATTGA-1,4
AATCAGACTGCAGGAC-1,2
AATCAGGTTTCATTTA-1,2
AATCATGTAAAGACTC-1,2
AATCCAAGGGCCTGAG-1,2
AATCCATGCAAGGGTG-1,2
AATCGCCTCAGCGCCA-1,2
AATCGCGCAGAGGACT-1,4
AATCGGGACACTACGA-1,4
AATCGGTATAGCCCTC-1,2
AATCGTGAGCCGAGCA-1,2
AATCTAGGTTTACTTG-1,2
AATCTATGCCGGAGCC-1,1
AATCTGCGTTGGGACG-1,3
AATCTGGCTTTCTAGT-1,2
AATCTGGGTAGACCCT-1,1
AATGACAGCAATGTCT-1,1
AATGACTGTCAGCCGG-1,2
AATGAGTTCGCATATG-1,2
AATGATGATACGCTAT-1,3
AATGATGCGACTCCTG-1,3
AATGCAACCGGGTACC-1,2
AATGCACCAAGCAATG-1,3
AATGGTCCACCGTTCA-1,1
AATGGTTCTCACAAGC-1,2
AATGTATGGCACTGTA-1,2
AATGTGCCCGAGGTGT-1,2
AATGTGCTAATCTGAG-1,2
AATGTTGTCGTGAGAC-1,2
AATTAAAGGTCGGCGT-1,4
AATTAACGGATTTCCA-1,4
AATTCATAAGGGATCT-1,3
AATTCATTGTCATGCA-1,2
AATTCCAAGCATGTAC-1,1
AATTCGATTCGAGGAT-1,2
AATTGCAGCAATCGAC-1,2
AATTGCGTGGATTACA-1,2
AATTTGGGACATAGTA-1,1
AATTTGGTTCCAAAGA-1,1
ACAAACCATGCGTCCT-1,2
ACAAAGCATGACCTAG-1,2
ACAAATCGCACCGAAT-1,1
ACAAATTCAGATCTGA-1,3
ACAACAGCATGAGCTA-1,1
ACAACGGTCCCTGCGA-1,2
ACAAGCAGTGCCTAGC-1,4
ACAAGGAAATCCGCCC-1,3
ACAAGGACAAGAGGTT-1,4
ACAAGGATGCTTTAGG-1,2
ACAATAGTCGTACGTT-1,1
ACAATCCATTTAAACC-1,4
ACAATCGATCTTTATA-1,4
ACAATGAATACGGAGA-1,2
ACAATGATTCTTCTAC-1,3
ACAATTGTGTCTCTTT-1,2
ACAATTTGAGCAGTGG-1,2
ACACAAAGACGGGTGG-1,1
ACACACCAGGACCAGT-1,2
ACACACTTTCTACACG-1,2
ACACATGATCAAATCT-1,2
ACACATTTCCGTAGAC-1,2
ACACCACATAATTAGC-1,1
ACACCCAGCATGCAGC-1,2
ACACCCGAGAAATCCG-1,2
ACACCGGTCTGACCGC-1,2
ACACCTTAAGTAGGGC-1,2
ACACCTTACTACTTGC-1,4
ACACGAGACTCCTTCT-1,2
ACACGGCACTATGCAT-1,4
ACACGGGAACTTAGGG-1,2
ACACGTAGGCCACAAG-1,4
ACACTCCAATGTCACT-1,2
ACACTGGGACAGTCGT-1,4
ACAGAACTGAGAACAA-1,2
ACAGATTAGGTTAGTG-1,1
ACAGCATAGAGCCAGT-1,2
ACAGCGACATTCTCAT-1,2
ACAGCGCACCCGCAGC-1,4
ACAGGCACGGATCCTT-1,2
ACAGGCTTGCCCGACT-1,2
ACAGTAATACAACTTG-1,2
ACAGTATACCGTGGGA-1,3
ACATAATAAGGCGGTG-1,2
ACATCCCGGCCATACG-1,3
ACATCCTGGTAACTGT-1,4
ACATCGATCGTTTACC-1,4
ACATCGGTCAGCCGCG-1,4
ACATCGTTAACCTAGT-1,4
ACATCTCAACGCGTAA-1,4
ACATGGCGCCAAAGTA-1,4
ACATGGCTCAATTTAG-1,2
ACATTTGAAACCTAAC-1,2
ACCAAACACCCAGCGA-1,3
ACCAAACTAGAAATCC-1,4
ACCAACACCACACACT-1,3
ACCAACCGCACTCCAC-1,2
ACCAAGAACGCGTGTC-1,2
ACCAAGTCATCGGCAG-1,2
ACCAATATGCAAGTTA-1,4
ACCACAACTCAGAACA-1,4
ACCACAAGTTTCTATC-1,2
ACCACACGGTTGATGG-1,2
ACCACCAATGTAACAA-1,4
ACCACCCTCTCTTCTA-1,3
ACCACGTGCAGCTATA-1,3
ACCAGCCCGGTCTTTG-1,4
ACCAGGAGTGTGATCT-1,4
ACCAGTGCCCGGTCAA-1,3
ACCAGTGCGGGAGACG-1,1
ACCATATCCGCAATAA-1,4
ACCATCCGCCAACTAG-1,1
ACCATCGTATATGGTA-1,4
ACCCAACGCCCGTGGC-1,2
ACCCACCTACATGCTC-1,1
ACCCATCTTGAGGGTA-1,4
ACCCATTTGTCCCTCT-1,2
ACCCGAGCGAAATTAC-1,2
ACCCGATTGGTTCCGA-1,1
ACCCGGAAACTCCCAG-1,4
ACCCGGATGACGCATC-1,4
ACCCGGTTACACTTCC-1,4
ACCCGTAGTCTAGTTG-1,1
ACCCGTGTCATCAGTA-1,3
ACCCTATAGGACTGAG-1,2
ACCCTCCCGTCAGGGC-1,2
ACCCTCCCTTGCTATT-1,1
ACCCTGGTAACGCCCT-1,3
ACCCTTCATCTGCGAA-1,1
ACCCTTTAGTTCTCCA-1,4
ACCGAAAGGGCCCTGC-1,2
ACCGAAGAGTCTGGTT-1,2
ACCGACACATCTCCCA-1,4
ACCGACTGAGTCCCAC-1,2
ACCGAGTCTCCTTATT-1,2
ACCGATAGGCATAACC-1,1
ACCGATATTTAATCAT-1,1
ACCGATGGTAGCATCG-1,2
ACCGCAATAACTGCCT-1,1
ACCGCGGTGGAAGTCG-1,4
ACCGGGCCTTTGTTGA-1,1
ACCGGTCAGGTACACC-1,2
ACCGTGACCACGTGGG-1,2
ACCGTTCCCGCTCTGA-1,4
ACCTAAGTACCTTTCA-1,1
ACCTAATCGACTTCCT-1,4
ACCTACAGTATGTGGT-1,4
ACCTACTATAAATCTA-1,2
ACCTCCGCCCTCGCTG-1,4
ACCTCCGTTATTCACC-1,4
ACCTCGAACTTATGCT-1,2
ACCTGCGTGTCATGTT-1,1
ACCTTTCCTTTAGAAG-1,4
ACGAAATGGGCGGCAC-1,4
ACGACTCTAGGGCCGA-1,2
ACGACTGGTCATACTC-1,2
ACGAGAACCCATCACG-1,2
ACGAGATATTTGCTTA-1,4
ACGAGGATACCACTCT-1,2
ACGAGGTTTACAACGT-1,2
ACGAGTACGGATGCCC-1,1
ACGATACATAGAACTA-1,1
ACGATCATACATAGAG-1,2
ACGATCATCTTGTAAA-1,4
ACGATGCATATGTTAT-1,4
ACGATGGATCCGATGC-1,4
ACGCAAACTAATAGAT-1,2
ACGCAATCACTACAGC-1,3
ACGCATAAATGACATG-1,3
ACGCATACGTTTACTA-1,1
ACGCATTCGTGAGTAC-1,2
ACGCCACTCGAAACAG-1,2
ACGCCAGATGATTTCT-1,1
ACGCCAGTGCGTTTGC-1,2
ACGCCCAGCTGTCGAT-1,4
ACGCCGCTAGACGACC-1,3
ACGCGCTACACAGGGT-1,4
ACGCGGGCCAAGGACA-1,2
ACGCTAGTGATACACT-1,3
ACGCTGTGAGGCGTAG-1,1
ACGCTTAGTGTCTCTC-1,1
ACGGAACACGAGTGCC-1,2
ACGGAATTTAGCAAAT-1,2
ACGGACTCTCAAAGCG-1,4
ACGGAGCGCAAATTAC-1,3
ACGGATGGTGCGGATA-1,4
ACGGCGACGATGGGAA-1,3
ACGGCGGGTTGCCCTG-1,2
ACGGCTGGATGTAGAA-1,2
ACGGGAGTGTCGGCCC-1,1
ACGGGCGTATGCGACA-1,3
ACGGTACAGTTCAATG-1,2
ACGGTCACCGAGAACA-1,2
ACGTACAGATTTCTCT-1,4
ACGTACTTTGGCACGG-1,1
ACGTAGATTGCTGATG-1,2
ACGTAGGAGAGTCGCT-1,2
ACGTATTACTCCGATC-1,4
ACGTCCTAAACGAGAT-1,4
ACGTGCGCCTCGTGCA-1,2
ACGTTAATGTCGAAGA-1,2
ACGTTAGATTTGCCCG-1,4
ACGTTATTGGTCACTC-1,2
ACGTTCCGCGCTCCGT-1,1
ACGTTCGCAATCAATT-1,4
ACGTTCGTTCAGGAAA-1,2
ACGTTCTGTACAAGTC-1,2
ACGTTTAGTTGTGATC-1,1
ACTAATACGTCAGGCG-1,3
ACTACAAAGAGAGGTG-1,2
ACTACATCCCGACAAG-1,2
ACTACCAGCTCTCTGG-1,2
ACTACGCGTTAGAATT-1,4
ACTAGTTGCGATCGTC-1,1
ACTATATGCTGTGTTC-1,3
ACTATCCAGGGCATGG-1,4
ACTATCTGCCCGCGTA-1,1
ACTATGTCCAGCTGCC-1,2
ACTATTCGTCCGTGGT-1,1
ACTATTTCCGGGCCCA-1,2
ACTCAACGAATGTATT-1,2
ACTCAAGTGCAAGGCT-1,2
ACTCAATAAAGGCACG-1,2
ACTCAGACCTGCTTCT-1,2
ACTCATGGCAGCCTTC-1,2
ACTCCAATATCATCAT-1,2
ACTCCCATTCCTAAAG-1,2
ACTCCCGAATTCGTTT-1,1
ACTCCCGTAGACTAGG-1,3
ACTCCCTAATGCTAAA-1,4
ACTCCGGCCGACCACT-1,2
ACTCGCCGTTCGATAA-1,2
ACTCGTAACCCGTCCT-1,1
ACTCGTCAGTAATCCC-1,2
ACTCTCTGACTTAGGT-1,2
ACTCTCTTATACACGA-1,1
ACTCTGACCTAATAGA-1,2
ACTCTTGTATAGTAAC-1,2
ACTGAAACGCCGTTAG-1,2
ACTGAATGGCGAAAGT-1,1
ACTGATTTAGTGATTC-1,4
ACTGCCCGCCATTCTC-1,2
ACTGCCGTCGTAACTC-1,1
ACTGCGGACACACCGT-1,4
ACTGGGATGCCAGTGC-1,2
ACTGTACGATACACAT-1,2
ACTGTAGCACTTTGGA-1,2
ACTGTATACGCGAGCA-1,2
ACTGTCCAGGATTATA-1,4
ACTGTCTTCTTTAGAA-1,2
ACTGTGCTAGTAGATC-1,2
ACTGTTTAGTGTAGGC-1,4
ACTTACCGGGCGCGCA-1,3
ACTTACGCATCCACGC-1,4
ACTTAGTACGACAAGA-1,2
ACTTATACTTACCCGG-1,2
ACTTATTAGGATCGGT-1,4
ACTTATTTATGTGCCA-1,1
ACTTCAGGCTGATCCC-1,1
ACTTCCATGCGGGACA-1,2
ACTTCGCCATACGCAC-1,2
ACTTGACTCCCTCTTT-1,3
ACTTGCCATATTGTAC-1,4
ACTTGGGACCCGGTGG-1,2
ACTTGTAGTCCCTTCA-1,1
ACTTGTGGATGGAACG-1,1
ACTTGTTACCGGATCA-1,1
ACTTTACCCTCATGAA-1,4
ACTTTCCTATAGCTTC-1,2
ACTTTGACTGCATCCT-1,1
ACTTTGGTCGTGCTCC-1,2
AGAAATTATGACTCGC-1,1
AGAACCCTCAATTGGG-1,2
AGAACGTGGTACATTC-1,2
AGAACTGTACTTTGTA-1,2
AGAAGAGCGCCGTTCC-1,2
AGAAGGTACACTTCAC-1,2
AGAAGGTTGCCGAATT-1,4
AGAAGGTTGTAGGTCG-1,2
AGAAGTGATTCGTGAT-1,1
AGAATACAGGCTATCC-1,1
AGAATGCGGGTTCGGA-1,3
AGAATTATGGATTCGA-1,3
AGAATTGTTTGACATA-1,2
AGACATAGATCCTTCC-1,2
AGACCATGGGATACAA-1,2
AGACCCGCCCTCCTCG-1,1
AGACCGCTCCGCGGTT-1,1
AGACCGGGAAACCCTG-1,1
AGACGAAGTGCCGGTC-1,1
AGACGACGATGCCGCT-1,2
AGACGGGCCGATTTAA-1,3
AGACTAGCCTTCCAGA-1,2
AGACTGTTACCGGGTC-1,2
AGAGAAACACCAGAAA-1,2
AGAGAACCGTCTAGGA-1,3
AGAGAAGGAGTACAAT-1,2
AGAGATCTCTAAAGCG-1,1
AGAGCAGTTATGAGAC-1,1
AGAGCCGCCGAGATTT-1,4
AGAGCGGGCTAATCAT-1,2
AGAGCGTACAAGCTCG-1,1
AGAGCTACGAAAGCAT-1,2
AGAGGCTTCGGAAACC-1,1
AGAGGGACAATTGTCC-1,3
AGAGGTATCTCGGTCC-1,4
AGAGTAAACTTCACTA-1,1
AGAGTATAGTGTTACG-1,3
AGAGTTAGAGACCGAT-1,3
AGATAACTTCAGGGCC-1,4
AGATACCAATAGAACC-1,2
AGATACCAGCACTTCA-1,3
AGATACCGGTGTTCAC-1,4
AGATACGACTTCATAT-1,2
AGATATAATACGACTA-1,1
AGATCGTGCATAAGAT-1,3
AGATCTCAGGTGTGAT-1,2
AGATGACTCGCCCACG-1,2
AGATGAGGGTTGCGAT-1,3
AGATGATGGAGTCTGG-1,4
AGATGCAAGACGTGCA-1,2
AGATTATAGGACGTTT-1,4
AGATTCACAACCGATA-1,2
AGCAAAGGCCGCTAGT-1,4
AGCAACATATCTTATT-1,1
AGCAACCGAAAGTAAT-1,2
AGCACACGTTTAGACT-1,2
AGCACCAGTACTCACG-1,2
AGCACTACCGGCCTGT-1,4
AGCACTACCTCACCAG-1,4
AGCACTTAAGGACGCC-1,4
AGCAGAAGGAGAAAGA-1,4
AGCAGCCAGATGAATA-1,4
AGCAGTCGAAGCATGC-1,2
AGCATATCAATATGCT-1,2
AGCATCATTTCGAAAG-1,2
AGCATCGTCGATAATT-1,2
AGCATTACGAGGCAAG-1,2
AGCCAAGCTTTGTGTC-1,4
AGCCACAGGTTACCCG-1,2
AGCCACTCCCGTGCTT-1,1
AGCCATATAGTATGTG-1,1
AGCCCATACATGTAAG-1,4
AGCCCGCAACAAGCAG-1,2
AGCCCGCACTACAATG-1,2
AGCCCGGCATTAGAGG-1,2
AGCCCGGTAGCCTGTA-1,2
AGCCCTAAGCGAAGTT-1,2
AGCCCTCCCTGGTGGC-1,2
AGCCCTTCTAATCCGA-1,3
AGCCCTTGGACATCCC-1,1
AGCCGTGGCTAAATGT-1,2
AGCCTAATACCCACGT-1,2
AGCCTTAAAGCGGAAG-1,1
AGCGACATCCCATTCA-1,2
AGCGACCAACGATATT-1,1
AGCGAGACGTGAAGGC-1,2
AGCGATGCGCCTAATA-1,2
AGCGCATAATGAATCG-1,3
AGCGCGGGTGCCAATG-1,3
AGCGCTTATGGGCAAG-1,3
AGCGGACACTTCGTAG-1,4
AGCGGCGGTTAGCGGT-1,2
AGCGGGAAGGGTCCAT-1,2
AGCGGGTCTGACACTC-1,1
AGCGGTTGCCGCTCTG-1,3
AGCGTACGAGAGCTAG-1,2
AGCGTCTGAACCCGCA-1,2
AGCTAACAAGCAATGT-1,2
AGCTAAGTACGCAGGC-1,2
AGCTAGAAGCAGAAGT-1,3
AGCTATTTAATCCAAC-1,1
AGCTCCATATATGTTC-1,4
AGCTCCTTCGCACATC-1,2
AGCTCTAGACGTTCCA-1,2
AGCTCTTCCCAGTGCA-1,1
AGCTCTTCGTAACCTT-1,4
AGCTCTTTACTCAGTT-1,4
AGCTGAAGTAAACCAA-1,1
AGCTGTAACCTCAATC-1,2
AGCTTATAGAGACCTG-1,1
AGCTTCTTCTCGAGCA-1,2
AGCTTGATCTTAACTT-1,1
AGGAAGCTGTCCGCCG-1,4
AGGACATCGCACGTCG-1,2
AGGACGACCCATTAGA-1,4
AGGACGCTCGATGTTG-1,3
AGGAGACATCCACAGT-1,3
AGGAGGCCTTCGCGCG-1,2
AGGATAAAGTCGGGAT-1,4
AGGATATAGGGATTTA-1,1
AGGATATCCGACTGCA-1,2
AGGATCACGCGATCTG-1,2
AGGATTGCTTACGACA-1,1
AGGCACGTGACTGTCC-1,4
AGGCAGATGCGTAAAC-1,1
AGGCAGGGAGCGTACT-1,2
AGGCATTGTCGTAGGG-1,1
AGGCCACCCGTTATGA-1,1
AGGCCCAGTGACTGGT-1,2
AGGCCCATTGTACAGG-1,2
AGGCCCTAGAACGCCA-1,1
AGGCCTATCATACCAA-1,2
AGGCCTGAGAATCTCG-1,2
AGGCGGTTTGTCCCGC-1,2
AGGCGTCTATGGACGG-1,3
AGGCTATGGTTAGCTT-1,1
AGGCTTGCTAGACACC-1,1
AGGGAAACGAGGTACT-1,1
AGGGACCGGCTGCGTT-1,4
AGGGAGACATACTTCG-1,1
AGGGCAGCGGCGTGGT-1,4
AGGGCGAGCAGCTGAT-1,1
AGGGCGTGATCGGCTA-1,2
AGGGCTGCAGTTACAG-1,2
AGGGTCAGAGCACTCG-1,2
AGGGTCAGTAACCCTA-1,3
AGGGTCGATGCGAACT-1,1
AGGGTGCCGTTCTTTA-1,2
AGGGTGCTCTCGAGGG-1,3
AGGGTTCAGACGGTCC-1,2
AGGGTTCCCTTTGGTT-1,2
AGGGTTTAGTTCGGGA-1,2
AGGTAACCTCCTATTC-1,2
AGGTACGATATTGCCA-1,1
AGGTAGATCGAGATAT-1,2
AGGTAGGTACAAAGCT-1,4
AGGTATAATTGATAGT-1,4
AGGTCAGGTGAGAGTG-1,1
AGGTCGCGGAGTTACT-1,3
AGGTGCACGTCCACAT-1,2
AGGTGGTGACCTTCGC-1,4
AGGTGTATCGCCATGA-1,1
AGGTTACACCATGCCG-1,1
AGGTTCTCCTTTCCGG-1,2
AGGTTGAGGCACGCTT-1,2
AGGTTTCACACACCTT-1,2
AGTAACGTTCATCCTG-1,3
AGTAACTATAGCAGCC-1,2
AGTAATCTAAGGGTGG-1,1
AGTAATGTCTTGCCGC-1,2
AGTAATTTGCAAGCGT-1,2
AGTACAGAAGCTTATA-1,2
AGTACATCATTTATCA-1,1
AGTACCTTCGAGTGCT-1,3
AGTACGGGCACCTGGC-1,1
AGTACGTGGCCTGTCT-1,1
AGTACTCTTATGCCCA-1,2
AGTAGAAGGCGCCTCA-1,2
AGTAGCGTGAACGAAC-1,4
AGTAGGAAGGAAGTTG-1,3
AGTAGGTAACATACAT-1,2
AGTATAATACTAGGCA-1,2
AGTATACACAGCGACA-1,2
AGTATCCATAATAACG-1,2
AGTATGCTGGAGACCA-1,2
AGTCAAATGATGTGAT-1,2
AGTCAACACCACCATC-1,4
AGTCAAGATGACACTT-1,1
AGTCACTAGCTCTCGA-1,2
AGTCACTCCGCCTCAT-1,2
AGTCAGCCACCGCCTG-1,2
AGTCCAGCGGGTACGT-1,2
AGTCCATTGGCTGATG-1,4
AGTCCCGCCTTTAATT-1,3
AGTCGACGGTCTCAAG-1,2
AGTCGGCCCAAACGAC-1,2
AGTCGGCTCAACTTTA-1,1
AGTCGGTTGCGTGAGA-1,4
AGTCGTATAAAGCAGA-1,2
AGTCGTCGACCACCAA-1,2
AGTCGTGGGCATTACG-1,1
AGTCTAAAGTATACTC-1,1
AGTCTCACAAGACTAC-1,2
AGTCTGGACATCCTTG-1,2
AGTCTTCTCCTCAAAT-1,2
AGTCTTTAAAGTGTCC-1,2
AGTGAACAAACTTCTC-1,4
AGTGAAGATGGTGTCC-1,3
AGTGACCTACTTTACG-1,4
AGTGACTGTGACACAA-1,2
AGTGAGACTTCCAGTA-1,3
AGTGAGCCTCGCCGCC-1,1
AGTGAGGGTTTCTGAC-1,1
AGTGAGTCGAATTAAC-1,2
AGTGATAACCTGCGCG-1,2
AGTGATATGAGTAGTT-1,4
AGTGATTCAAGCAGGA-1,3
AGTGCACGCTTAAGAA-1,2
AGTGCGTAGCTCGTAA-1,4
AGTGCTAAACACAGCA-1,2
AGTGCTTGCACGAATA-1,2
AGTGGCCCGCAAATGG-1,2
AGTGGCGGCAATTTGA-1,3
AGTGGCGTCTGAAGGT-1,2
AGTGGCTCCGTCGGCC-1,1
AGTGTATTGCGCATTG-1,3
AGTGTGGTCTATTGTG-1,2
AGTTAAACACTTGCGA-1,4
AGTTAAGCGGTCCCGG-1,1
AGTTAAGTCAACCGCT-1,2
AGTTACCGCACATGGT-1,1
AGTTACTCTATCGTGG-1,1
AGTTATTCAGACTGTG-1,2
AGTTCCTACAGAATTA-1,1
AGTTCCTATTTATGTT-1,3
AGTTCTGCGTTGTATC-1,2
AGTTGACATCGGCTGG-1,2
AGTTGACGGTCCTTGC-1,4
AGTTGCGGTCCTCAAC-1,2
AGTTGCTGACTGATAT-1,2
AGTTGGCAAGGCTAGA-1,2
AGTTTATGTAAAGACA-1,3
AGTTTCGCAGGTCGGA-1,1
AGTTTGCACCTGCCTC-1,4
AGTTTGGCACGGGTTG-1,1
AGTTTGGCCAGACCTA-1,4
ATAAACGGACCCGTAA-1,3
ATAAACGTTGCACCAC-1,4
ATAAAGGCTCGGTCGT-1,4
ATAAAGGTCAAGTACG-1,1
ATAAATATTAGCAGCT-1,4
ATAACGCCGGAGGGTC-1,2
ATAACGGAGTCCAACG-1,2
ATAACGTTACCTCCAC-1,3
ATAAGGTGGAGAACAT-1,3
ATAAGTACCCGATTGT-1,3
ATAAGTAGGATTCAGA-1,1
ATAAGTAGGGCGACTC-1,4
ATAAGTTACCGCGACG-1,4
ATAATACCGTTAGCCG-1,2
ATAATAGCTGTTGAAT-1,3
ATAATAGTGTAGGGAC-1,2
ATAATCTTGGAGAACC-1,4
ATAATTAGCTAAGTAG-1,4
ATACAGGCCCTCCAAT-1,4
ATACCACGGGCAACTT-1,4
ATACCAGCAAATTGCT-1,4
ATACCAGGCTAATAGA-1,2
ATACCAGGTGAGCGAT-1,4
ATACCGTCATCCATAA-1,3
ATACCTAACCAAGAAA-1,4
ATACGCCGGCGAAACC-1,2
ATACGGAACGTCGTTT-1,2
ATACGGGTTTCGATTG-1,1
ATACGTACTTAGCCAC-1,4
ATACGTCCACTCCTGT-1,1
ATACGTTATGCACGGA-1,4
ATACTACCCGTACCAC-1,1
ATACTAGCATGACCCT-1,2
ATACTCTCGCCACTCT-1,2
ATACTGCCTTACACCG-1,4
ATAGACAACGGGACCT-1,3
ATAGACGAAGAGAAAG-1,4
ATAGAGTACTGGGACA-1,2
ATAGAGTTATCAACTT-1,3
ATAGATTTGCAGTCGG-1,4
ATAGCAACTAGGGAAG-1,2
ATAGCCATAACAGTCA-1,2
ATAGCCTCAGTACCCA-1,2
ATAGGAATCTAAGCTT-1,1
ATAGGCGGCTATAGAA-1,4
ATAGGCTAGCTTCGCA-1,3
ATAGGGATATCCTTGA-1,2
ATAGGTTGGGCAGATG-1,2
ATAGTCTTTGACGTGC-1,4
ATAGTGAAGCGTTCTC-1,4
ATAGTTCCACCCACTC-1,4
ATATAAAGCGCTCGTG-1,4
ATATAAATGTAGCTGC-1,4
ATATAACACGGGCGCA-1,2
ATATACGCTCGTGACG-1,1
ATATAGAGTATTGGTC-1,2
ATATCAACCTACAGAG-1,4
ATATCGGTAGGGAGAT-1,4
ATATCGTGCCAGACCC-1,4
ATATCGTTCCTCGAAC-1,2
ATATCTCCCTCGTTAA-1,1
ATATCTTAGGGCCTTC-1,2
ATATGGGATAGCAACT-1,2
ATATGTCTAGAGCGTG-1,2
ATATGTCTCCCTAGCC-1,1
ATATGTGCACAAACCA-1,3
ATATTCAGTTAAACCT-1,4
ATATTCCACATAGTGA-1,1
ATATTCCCACAGGTCA-1,2
ATATTGCTGTCAAAGT-1,2
ATATTTAACCCTCAAG-1,2
ATCAAACACTGTTCCA-1,1
ATCAAACGAAGGTTTG-1,1
ATCAAGATCCCAGGAC-1,2
ATCAATCTGGGCTGCA-1,2
ATCAATGCCGTGGCTG-1,2
ATCACATTAGAATATC-1,1
ATCACGTGCTAATTAA-1,4
ATCACTTCATCCTCGC-1,2
ATCAGACGGCACGCCG-1,4
ATCAGCCTCATGCTGC-1,2
ATCAGCTCGTCCACTA-1,2
ATCAGGTCGCCATTGC-1,3
ATCAGTAGGCAGGGAT-1,1
ATCATAGCCCTATGTA-1,2
ATCATCCAATATTTGT-1,4
ATCATCTGCCCAGTGT-1,1
ATCCAACGCAGTCATA-1,2
ATCCAATGGAGGGTCC-1,4
ATCCACATCGACAGAA-1,4
ATCCACGCTAAATGTT-1,1
ATCCACTTTCAGACTA-1,3
ATCCAGGATTCGTGAA-1,4
ATCCCATCCACAGCGC-1,2
ATCCCATTTCCGTGGG-1,2
ATCCTACCTAAGCTCT-1,4
ATCCTGAATCGCTGCG-1,4
ATCCTGCGTGGAATGG-1,4
ATCCTGCTGCAGATAG-1,1
ATCGACCCAATACAGA-1,4
ATCGACTCTTTCCGTT-1,2
ATCGCACGATTGTTCA-1,2
ATCGCACGCCGGGAGA-1,2
ATCGCCAGTCAACATT-1,4
ATCGCTGCGTGCAGCA-1,3
ATCGGAGACAGACGGC-1,4
ATCGGCAAGCAGTCCA-1,3
ATCGTCCAATCGAGTC-1,2
ATCGTGGAAAGTCTGG-1,2
ATCGTTAGCTAGCGGA-1,2
ATCGTTCACTTTCGCC-1,3
ATCTAATATCCTACGG-1,4
ATCTACCATCTGCTCC-1,2
ATCTAGCTTGTGAGGG-1,1
ATCTCCCACGGAATAT-1,1
ATCTCCCTGCAATCTA-1,1
ATCTCGTGAGCGAAAC-1,1
ATCTGACATGGAAGGA-1,2
ATCTGCACCTCTGCGA-1,1
ATCTGCTGTTATCGCC-1,2
ATCTGGGCTGTTCTTG-1,4
ATCTGGTTAAGACTGT-1,2
ATCTGTAATTGTACCC-1,2
ATCTTAGGGCATTAAT-1,2
ATCTTATCGCACACCC-1,2
ATCTTGACCTGCAACG-1,2
ATCTTGACTTGTCCAA-1,1
ATCTTTCGTATAACCA-1,3
ATGAAGCCAAGGAGCC-1,2
ATGACGCCGGCTCTAA-1,2
ATGACGCGTTCTATCC-1,1
ATGACTATCAGCTGTG-1,2
ATGACTATGCGACATT-1,1
ATGAGGAGTGTTAATC-1,1
ATGAGGGCAGCGGCTA-1,1
ATGATCGGGAATAGAC-1,2
ATGATGCAATGGTACA-1,4
ATGCACGCGCTGTTCA-1,2
ATGCACTACCGCATTG-1,2
ATGCATGATCCAGGAT-1,2
ATGCATTCCGTGATGG-1,4
ATGCCAATCGCTCTGC-1,3
ATGCCATTTGCGACCA-1,2
ATGCCGGTCTTGCATA-1,2
ATGCCGGTTGATGGGA-1,1
ATGCGACAATTGGTCC-1,3
ATGCGACAGTCCCATT-1,2
ATGCGAGTCCCACCAC-1,1
ATGCTCAGTGTTGCAT-1,2
ATGCTCTGGCGCGGTA-1,4
ATGCTTAGGAGTTGAT-1,4
ATGGAACCTTTGCACA-1,4
ATGGAGCAGGCCGTGA-1,2
ATGGATCCGGCGTCCG-1,1
ATGGATTGACCAAACG-1,2
ATGGCAGCATTACGAT-1,2
ATGGCTGGAAATGGCC-1,3
ATGGGAACGGAAGCGG-1,3
ATGGGACCTGCTGAAC-1,2
ATGGGCCTCGGCCTCT-1,1
ATGGGTGTATACCTCC-1,2
ATGGTATTGGGAACCG-1,2
ATGGTATTTACTGATT-1,2
ATGGTCGCGTGGTTTC-1,2
ATGGTGCTCAAAGCCA-1,4
ATGGTTACGAAACATG-1,3
ATGTAAGGCTGCTCTT-1,4
ATGTACATGCGGTGAG-1,1
ATGTACGATGACGTCG-1,1
ATGTAGCGCGCGTAGG-1,2
ATGTGAAAGCCTAATG-1,1
ATGTGCATCCGACGCA-1,2
ATGTGTAGTTTAGTCA-1,4
ATGTTACGAGCAATAC-1,2
ATGTTGATTAGAGACT-1,2
ATGTTGTAGTCTGTTT-1,2
ATTAAACATGCGGACC-1,4
ATTAATACTACGCGGG-1,2
ATTAATGAACCAGTCG-1,1
ATTAATTCGGTCACTC-1,1
ATTACAACTACCGGCC-1,1
ATTACATGTCAGTCTT-1,1
ATTACCACACTGCCTG-1,1
ATTACGACTCCACAGT-1,3
ATTACGCGCTGGCAGG-1,4
ATTACTAGCCTCTTGC-1,2
ATTACTTACTGGGCAT-1,3
ATTAGATTCCTCAGCA-1,3
ATTAGATTGATAGCGG-1,2
ATTAGGCGATGCTTTC-1,2
ATTATACTTTGCTCGT-1,1
ATTATAGCTACTTTAC-1,4
ATTATCGGAATGTACG-1,2
ATTATCTCGACAGATC-1,4
ATTATGAGACCCAATT-1,2
ATTATGCCATAGGGAG-1,2
ATTATTATGTCCGTCA-1,2
ATTATTCAGAGTCACT-1,2
ATTCAACCATTTAAGG-1,1
ATTCACTGATGTTGGA-1,4
ATTCAGGACCTATTTC-1,3
ATTCAGTAGCAGGGTC-1,1
ATTCATATACTGTCCA-1,1
ATTCATCGTTGAGGCA-1,2
ATTCCCACATAAACAA-1,1
ATTCCTAAGACGTGGA-1,3
ATTCCTCCGCCAGTGC-1,2
ATTCCTTCCAGGCGGT-1,2
ATTCGACGCCGGGCCT-1,4
ATTCGCGCCTTGAGAG-1,2
ATTCGTGCTATCTCTT-1,4
ATTCGTTTATCGTATT-1,2
ATTCTCGTCTCTTTAG-1,2
ATTCTGAGTATGAACT-1,1
ATTCTTCGTACTTATG-1,1
ATTGAAGATCTTAGTG-1,4
ATTGACCGGCGATGAC-1,3
ATTGACGTAACTCGGT-1,4
ATTGATAGCAACGAGA-1,2
ATTGATGAGTCCTAAC-1,1
ATTGCCTATTAGACCG-1,2
ATTGCCTTTATGTTTG-1,2
ATTGCGATCAGTAACT-1,1
ATTGCTGCTCCTCCAT-1,4
ATTGGATTACAGCGTA-1,1
ATTGGGAATATCTTGG-1,2
ATTGGGAGTTCTGTAA-1,3
ATTGGTTGTGCATTAC-1,2
ATTGTACAACTCGGCT-1,4
ATTGTCGCAATACCTT-1,1
ATTGTCTGTTTCATGT-1,2
ATTGTGACTTCGCTGC-1,3
ATTTAACTCGTATTAC-1,2
ATTTACAGTTTACTGG-1,4
ATTTACTAAGTCCATT-1,1
ATTTATACTGGTAAAG-1,2
ATTTCATTATTTCGCG-1,1
ATTTCCGGGTTCTGCG-1,2
ATTTGCCTAGTTACGA-1,4
ATTTGCGCGAGTAGCT-1,1
ATTTGTCTTGGGAGCT-1,2
ATTTGTTCCAGGGCTC-1,2
CAAACCCTCCGGCGGG-1,2
CAAACGAGTATCGCAG-1,4
CAAACGGTCGCACTTT-1,4
CAAACGTGGTCTTGCG-1,4
CAAACTACGATAGAGA-1,1
CAAACTATTGAGCTTC-1,4
CAAACTCGCGACGCCG-1,1
CAAAGATTATTGGGCC-1,2
CAAAGGTTAAATTCAG-1,3
CAAATCTCTCACAAGG-1,1
CAAATGCGGAGTGTTC-1,4
CAAATGTCCTTCCGTG-1,4
CAAATTGGATTATGCC-1,3
CAAATTGTCAGCAAGC-1,1
CAACACATCTCCTGCC-1,1
CAACAGTGCCAAACGG-1,4
CAACCAGTGGCCTACC-1,4
CAACCTACCGAGCAGT-1,2
CAACCTGAACCTGCCA-1,3
CAACGACCCGTTTACA-1,2
CAACGGTTCTTGATAC-1,2
CAACGTGGTGGAGTCT-1,1
CAACTATATCGAATGC-1,1
CAACTCCAACGTTTAG-1,1
CAACTCCGTAACTTGC-1,3
CAACTCCTTGATCCCG-1,2
CAACTGAGGGTATGAC-1,3
CAACTGCTCATCCGAT-1,4
CAACTTGTAGTGGGCA-1,2
CAAGAAACCCTAAACT-1,3
CAAGATATTATAACGT-1,2
CAAGCAACGTCGGAGT-1,4
CAAGCACCAAATGCCT-1,2
CAAGCGGCACATAATT-1,4
CAAGGATCGCATGTTC-1,2
CAAGGCCAGTGGTGCA-1,2
CAAGGTCCTATAGGCT-1,4
CAAGTAAGTGATAGAC-1,2
CAAGTGAACTTTGGTT-1,1
CAAGTGTGGTTGCAAA-1,1
CAATAAACCTTGGCCC-1,2
CAATACGAGAGTCTGA-1,1
CAATACGCTCTGAGGC-1,1
CAATATGTAGATTTAC-1,3
CAATATTGGACTAGTG-1,2
CAATCCCTATACCAGC-1,1
CAATCCTGCCGTGGAG-1,2
CAATGACCCTTAATTT-1,2
CAATGAGGTTCGACTA-1,1
CAATGCGAGAAGTATC-1,4
CAATGGAATCTACATA-1,3
CAATGGATCTCTACCA-1,1
CAATGGTCGGCCTGGG-1,1
CAATGTGCCAACCCTT-1,4
CAATTAAGGGTGATGA-1,2
CAATTTCGTATAAGGG-1,2
CAATTTGACCGGGAAG-1,2
CACAAACCGCAGAACT-1,2
CACAAGAAAGATATTA-1,3
CACAAGCTAAGAAAGG-1,2
CACAATGAGCTGCTAT-1,4
CACACACGCTAACGAG-1,1
CACACAGCTTGCGCTC-1,1
CACACAGGGATAGATT-1,1
CACACGCGCTGTCTTA-1,3
CACACGTTTCAATGGG-1,3
CACACTTGTATTGCGA-1,3
CACAGAGACGAGGACG-1,2
CACAGCACCCACGGCA-1,2
CACAGCTAGGGAGTGA-1,2
CACAGGGCCATATAGT-1,2
CACAGGGCCGTTGTCA-1,4
CACAGTCCCGCTTCGC-1,4
CACAGTTCGCTTCCCA-1,1
CACATCGTGCACGCGC-1,2
CACATCTCACCGACGA-1,4
CACATGATTCAGCAAC-1,2
CACATGTTTGGACATG-1,2
CACATTCTTTCGATGG-1,1
CACATTTCTTGTCAGA-1,4
CACCAGTCAGCATGCA-1,2
CACCATCGGAGGAGAC-1,1
CACCATGATCGCAAAG-1,3
CACCCAAATCTTATGT-1,4
CACCCACACGTCACCC-1,2
CACCCACGAGGCAATT-1,1
CACCCGCGTTTGACAC-1,2
CACCCTAACAAGATCT-1,4
CACCCTTGGTGAGACC-1,2
CACCCTTTCCTCGCTC-1,2
CACCGATACACCGAGC-1,1
CACCGATGATGGGTAC-1,2
CACCGCCAGAAGGTTT-1,2
CACCGCCGACCAGCGA-1,4
CACCGCGTCCACTCTA-1,3
CACCGGAGATATCTCC-1,3
CACCGGGCATCACAAG-1,2
CACCGGTAGAGACATT-1,2
CACCGTATCCCATCCG-1,1
CACCGTTGCGCGATAT-1,1
CACCTAATAGAGTCGT-1,2
CACCTAATCAGTTTAC-1,2
CACCTCGATGGTGGAC-1,2
CACCTTGCGAAACTCG-1,1
CACCTTGGCGCCTTTG-1,4
CACGAAAGTTAGTCCC-1,4
CACGACGTAATAGTAA-1,3
CACGATTGGTCGTTAA-1,1
CACGCACAGCGCAGCT-1,2
CACGCAGCGAGGCTTT-1,4
CACGCGGAACTGTTGC-1,4
CACGGACGTGGATGGC-1,3
CACGGCGCGCCAAAGG-1,3
CACGTCAATCAATGGA-1,1
CACGTCGGCAACCTCT-1,1
CACGTCTATGATGTGG-1,3
CACGTTCGTGCTCTAG-1,2
CACGTTTCGTACACAC-1,2
CACTAAAGTTGCCTAT-1,4
CACTACGGGAGCTGCC-1,1
CACTACTCAGTTCTGT-1,4
CACTCAAGAGCTATGG-1,4
CACTCAGCTCTTGAGG-1,4
CACTCCTATGTAAGAT-1,2
CACTCCTCTCGGTCGG-1,1
CACTCGAGCTGAACAA-1,3
CACTCTCAAGCATCGA-1,2
CACTCTTCTGCTAGCC-1,1
CACTGACGATTGTGGA-1,2
CACTGTCCAAGTGAGA-1,2
CACTTAATCAGACGGA-1,4
CACTTCGCCACAGGCT-1,2
CACTTCGTCTTATCTC-1,2
CAGAACTTAGCCCTCT-1,2
CAGAATAACACACGGA-1,1
CAGACCTGTAAGTGTT-1,1
CAGAGCATGAGCTTGC-1,2
CAGAGTGATTTAACGT-1,4
CAGATAATGGGCGGGT-1,2
CAGATACTAACATAGT-1,2
CAGATATGAAGATGAC-1,2
CAGATCATTTAAAGTC-1,3
CAGATCCTGGTTTGAA-1,2
CAGCAGCCCGTTCCTT-1,2
CAGCAGTCCAGACTAT-1,1
CAGCAGTCTGTGCTGC-1,4
CAGCCCTCACAGGCAG-1,4
CAGCCGGGCCCTCTAT-1,1
CAGCCTCCTGCAGAGG-1,1
CAGCCTCTCCTCAAGA-1,3
CAGCTCACTGAGACAT-1,2
CAGCTCGACAAGTTAA-1,3
CAGCTCGTGCTTGTGT-1,2
CAGCTGGCGTAACCGT-1,1
CAGCTTAGTAGGTAGC-1,4
CAGGAAGACTTTATAT-1,1
CAGGATATATCGTTGT-1,4
CAGGCAGTCTTACCAG-1,2
CAGGCCAGTACCACCT-1,2
CAGGCCGTTTGGGTGT-1,4
CAGGCGCACGGTGGTC-1,2
CAGGCGCCATGCTAGG-1,3
CAGTAACTATTTATTG-1,3
CAGTAATCCCTCCCAG-1,2
CAGTACATTCTCTAAA-1,3
CAGTACCAGTTTACGT-1,2
CAGTAGCCCACGCGGT-1,3
CAGTAGCGAGGTAGTA-1,2
CAGTCCAACGCCTTCT-1,3
CAGTCGAGGATGCAAT-1,3
CAGTCTCTCGGCTAAT-1,2
CAGTCTGTATACTGGG-1,2
CAGTGAATAAATGACT-1,1
CAGTGGTTGCACATGA-1,2
CAGTGTCCGCAGAATG-1,2
CAGTGTCGGCTGGCCC-1,2
CAGTGTTAATCTCTCA-1,2
CAGTTCAAATTGACAC-1,2
CAGTTCCGCGGGTCGA-1,1
CAGTTCGAGGACCCGA-1,2
CATAACGGACAGTCGT-1,2
CATAAGAAGCTTGGCT-1,4
CATAAGCTCTCCGTCT-1,1
CATAATGAGCGGGCGA-1,1
CATACAAAGCCGAACC-1,2
CATACACGGTTCCCAC-1,4
CATACCCGTACCCAGT-1,4
CATACGAACTAGCTGG-1,2
CATACGGCGTCTGGGC-1,2
CATACGGGTGCATGAT-1,2
CATACTATGTAATTGT-1,4
CATACTTAGGCAATAC-1,4
CATACTTCTTTCTCCG-1,2
CATAGAGGAGATACTA-1,2
CATAGCCGCCCGGGAT-1,1
CATAGTACATTGAGAG-1,1
CATAGTAGCATAGTAG-1,2
CATAGTCAAATACATA-1,2
CATAGTCCACAAGAAC-1,4
CATATACTACTGATAA-1,3
CATATAGGTACAGTCA-1,4
CATATGTCAGGCTACG-1,1
CATATTATTTGCCCTA-1,4
CATCAAACTGGCGCCC-1,3
CATCATCTACCCGGAC-1,4
CATCATTACCCTGAGG-1,2
CATCCAATATAGTTTG-1,2
CATCCCGAGATTCATA-1,2
CATCCGCAGGCCCGAA-1,2
CATCCTCTCAAAGATC-1,2
CATCGCCCGCGGCCAA-1,2
CATCGGACGGGTTAAT-1,4
CATCTACCCGAGAACG-1,3
CATCTATCCCGTGTCT-1,3
CATCTTACACCACCTC-1,4
CATGAACCGACATTTG-1,2
CATGAACCTCTTATCA-1,4
CATGACTTCGCTGAAT-1,4
CATGAGATGCACTCTC-1,4
CATGATCGCTTTGAGA-1,2
CATGATGCACAATTCT-1,2
CATGATGGAAGTTAGC-1,4
CATGCATGGAGACCCT-1,4
CATGCCAACTCGCAAA-1,1
CATGCGACCAGTTTAA-1,3
CATGCGTTAGACAGAA-1,2
CATGCGTTGAGAGGAG-1,2
CATGCTGGCTCCAATT-1,2
CATGGAAATGGGACCA-1,3
CATGGATTGTCTTCCG-1,1
CATGGCAGGAAGATCG-1,2
CATGGGTATGCCTTAT-1,4
CATGGGTCGGGTGTGG-1,1
CATGGTCTAGATACCG-1,2
CATGGTTTATTAATCA-1,2
CATGTAAGAGACATTT-1,2
CATGTAGGAGCGCCAA-1,3
CATGTCTCATTTATGG-1,1
CATTACATAGATTGTG-1,1
CATTACGCAGGAAGGG-1,2
CATTACGTCGGCCCGT-1,2
CATTATAACAGGGTCC-1,4
CATTATCCCATTAACG-1,2
CATTATGCTTGTTGTG-1,2
CATTCACTGACAGCTA-1,4
CATTCAGGTCAGTGCG-1,2
CATTCCCATTCCGTCG-1,1
CATTCCCTAAGTACAA-1,2
CATTGATGAACACGCC-1,3
CATTGCGGGTCAATTC-1,3
CATTGTGTGCTAGATC-1,2
CATTTAGCGGACCATG-1,1
CATTTATCGTTCAAGA-1,4
CATTTCTAGCAGACTA-1,2
CCAAACAGAACCCTCG-1,2
CCAAATAACAAGATTC-1,1
CCAAATCAAAGGGCAA-1,2
CCAACCTTATGTAACT-1,2
CCAACGATGCACTGAT-1,4
CCAACGCTTGCCAGGG-1,3
CCAAGACTTCTGCGAA-1,2
CCAAGCGTAACTCGTA-1,2
CCAAGGAACAGAGAGG-1,2
CCAAGGTTGCCCTTTC-1,2
CCAATAGTGCCGTCGA-1,4
CCAATCGGTAGATCGA-1,1
CCAATGTCACAGCAAG-1,4
CCAATTACGGGTCGAG-1,3
CCAATTGAATGTTAAT-1,2
CCACAATGTACGTCTT-1,2
CCACACTGAGATATTA-1,4
CCACAGCTGAAATCAT-1,2
CCACAGTACCCATCCT-1,1
CCACATACTGCACCCA-1,1
CCACCCAAGGAAAGTG-1,2
CCACGAATTTAACCTC-1,4
CCACGAGAAGAGAATC-1,1
CCACGGAGCCATAAGA-1,1
CCACGGTGCCCGGTAG-1,4
CCACTAAACTGAATCG-1,2
CCACTATCCGGGTCAC-1,1
CCACTCAGATCCGCAA-1,2
CCACTGGTGGCTGGTT-1,1
CCACTGTTTGGATTAA-1,4
CCAGAAACTGATGCGA-1,2
CCAGAGACAAAGCCGG-1,1
CCAGATAGTTGAGTGA-1,2
CCAGCCTGGACCAATA-1,2
CCAGCTACGCCTCATA-1,2
CCAGCTCGAACGCATT-1,4
CCAGCTGATGGTACTT-1,4
CCAGCTTCCGCCCGCA-1,1
CCAGGGACGTGGCCTC-1,2
CCAGTAGTCTGATCCA-1,3
CCAGTCCATTATTCGA-1,2
CCAGTCTAGACGGCGC-1,1
CCAGTCTTGTCATAGA-1,4
CCAGTGTACAGACCGA-1,2
CCAGTTCGGTAACTCA-1,1
CCATAAACAACCCGAC-1,1
CCATACCTTTACTTGT-1,1
CCATAGGTTGGCGTGG-1,2
CCATAGTCAGTAACCC-1,2
CCATATGGAAACTATA-1,1
CCATATTGGATCATGA-1,2
CCATCCATACCAAGTC-1,2
CCATCTCACCAGTGAA-1,4
CCATCTTGTTCACAAT-1,2
CCATGCCCTAGATTTC-1,2
CCATGCCTGTTTAGTA-1,4
CCATGCTCTGCAGGAA-1,2
CCATGGCCCTTGTACC-1,4
CCATGTTCATCTATAT-1,2
CCATTAGCGATAATCC-1,4
CCATTCCCTGCCCACA-1,4
CCATTGTTTCCTCCAT-1,1
CCATTTCTACCTATTA-1,4
CCCAAACATGCTGCTC-1,3
CCCAACATACGTCGCG-1,4
CCCAACCACACTAACA-1,4
CCCAAGACAGAGTATG-1,4
CCCAAGTCATTACACT-1,2
CCCAATGAGATTTGCA-1,2
CCCAATTTCACAACTT-1,4
CCCAGAGGAGGGCGTA-1,3
CCCAGGAAGAATTCGA-1,2
CCCAGGTCTGAAGGCT-1,1
CCCAGTAAACTTGGGA-1,2
CCCAGTTAAGGCGCCG-1,2
CCCATATAGGTCGATT-1,1
CCCGAAGTTTCGCGAA-1,1
CCCGACCATAGTCCGC-1,2
CCCGAGTTTCTCCGTA-1,1
CCCGCAGCGCGAACTA-1,3
CCCGCAGGGCCCAAAG-1,4
CCCGCCATGCTCCCGT-1,2
CCCGCGCAATGCACCC-1,2
CCCGGGTCGTTCAGGG-1,4
CCCGGTGGAAGAACCT-1,1
CCCGGTGTATCGGAAT-1,2
CCCGTAAGTCTAGGCC-1,4
CCCGTAGCTGGGAAGA-1,2
CCCGTCAGCGTCTGAC-1,2
CCCGTTTCGCAGATGT-1,1
CCCTACCCACACCCAG-1,1
CCCTACTTGAACAATG-1,2
CCCTAGTGTCAGGTGT-1,2
CCCTATGTAGAGCAGA-1,2
CCCTCATTCTGGAATT-1,2
CCCTCCTCGCTCGTAT-1,1
CCCTCGATAATACACA-1,2
CCCTCGGGAGCCTTGT-1,4
CCCTGAAATGAGTTGA-1,4
CCCTGACTAACAAATT-1,1
CCCTGATGTAACTCGT-1,2
CCCTGCCCAATCCGCT-1,1
CCCTGCGCTACGCATA-1,4
CCCTGGTATGGGCGGC-1,4
CCCTTTAATGGAGTTC-1,2
CCGAAAGTGGTGAGCA-1,2
CCGAACACTGGGCCTC-1,1
CCGAACCTTCCCGGCC-1,3
CCGAAGTATATTGTTC-1,2
CCGACAAACACATGAG-1,2
CCGACAAAGGGAGTGC-1,4
CCGACAATAGGCCGCC-1,4
CCGACGGGCATGAGGT-1,1
CCGACGTAAACACAAC-1,3
CCGACTCGCATAGTCT-1,4
CCGAGAAGTCGCATAA-1,1
CCGAGCTGTGCTTGTC-1,3
CCGAGGGATGTTAGGC-1,4
CCGATCTCAACCTTAT-1,4
CCGATCTTAAGAGGCT-1,3
CCGATTCGAGGGACCC-1,1
CCGCACAAAGACCAAC-1,2
CCGCACGTGACCTCGG-1,4
CCGCACTTGCAATGAC-1,2
CCGCATGTGGTACGAT-1,4
CCGCCACCACAATCCA-1,4
CCGCCGGAACTTCTCG-1,2
CCGCCGGTCAACACAC-1,2
CCGCCGTTGAGGATAA-1,1
CCGCCTGCGAATTGGT-1,3
CCGCGGGTACGAAGAA-1,4
CCGCGTAGGTAAGGGC-1,4
CCGCTATCAGCACCAG-1,3
CCGCTCCAGGGCGATC-1,1
CCGCTCTTCCGAACTA-1,2
CCGCTGGTGCCATTCA-1,4
CCGCTTACCTCACTCT-1,4
CCGCTTGCTGACATGG-1,1
CCGGAAGTGCAATATG-1,2
CCGGAATGGTTTCAGT-1,2
CCGGAGCGTACTTTCT-1,4
CCGGAGGTCTTATGGT-1,3
CCGGCACGACCGTTTC-1,4
CCGGCGCATATTGGAT-1,2
CCGGCGTGAGACTCTG-1,2
CCGGGACCCGCAGAGA-1,2
CCGGGCGGTCTCGTCA-1,2
CCGGGCTAAGAATTTC-1,2
CCGGGCTGCTCCATAC-1,1
CCGGGTTCGAGGTTAC-1,4
CCGGTAATGGCTAGTC-1,4
CCGTAAGTTGGTCCCA-1,2
CCGTACCCAAGCGCCA-1,2
CCGTAGGAAATCCCTG-1,2
CCGTAGGGTTGTTTAC-1,2
CCGTATCTCGTCGTAG-1,1
CCGTATTAGCGCAGTT-1,3
CCGTCAACCTCTGGCG-1,2
CCGTGAGGCATTCATG-1,4
CCGTGCCCATGACGGC-1,2
CCGTGGAACGATCCAA-1,3
CCGTGTTAAATTCCAT-1,4
CCGTTACGTTAGAACA-1,1
CCGTTCCGAATCTCGG-1,1
CCTAAACAGGGTCCGT-1,4
CCTAAAGGCTGACGCT-1,1
CCTAAATTAACGGTTC-1,2
CCTAAATTGTATCCTA-1,1
CCTAACCCAAACAAGT-1,1
CCTAACTAAGGCTCTA-1,3
CCTACAAGTCCGGAAT-1,3
CCTACATTCACAGACG-1,1
CCTACGGCTCAGTCGA-1,2
CCTACTGCTTACACTT-1,2
CCTAGGCGTAGCGATC-1,2
CCTAGGTAAAGGTAGC-1,2
CCTAGTTAGTCGCATG-1,1
CCTATAATGAGTGCCC-1,4
CCTATATCGTGTCACG-1,2
CCTATATTTGTCCTGG-1,2
CCTATCTATATCGGAA-1,1
CCTATGAAGTGGTGCC-1,4
CCTATGGCTCCTAGTG-1,2
CCTATGGGTTACCGTC-1,2
CCTATGGTCAAAGCTG-1,2
CCTATGTCCACTCCAC-1,2
CCTCACCAATCTTGAC-1,2
CCTCACCTGAGGGAGC-1,1
CCTCACCTTAGCATCG-1,3
CCTCATGCAGCTACGA-1,2
CCTCCCGACAATCCCT-1,4
CCTCCGACAATTCAAG-1,4
CCTCCTAGCTAGAGTC-1,2
CCTCCTGTTGTGTCGT-1,2
CCTCGAAGTGGACGGG-1,1
CCTCGACCCACTGCCT-1,4
CCTCGCCAGCAAATTA-1,1
CCTCGCGCGATATAGG-1,3
CCTCGCGCTGTGCGAT-1,4
CCTCGGACCGGGATAG-1,2
CCTCGGTTTCCTTGCC-1,2
CCTCGTTACGCCTGTT-1,3
CCTCTAATCTGCCAAG-1,2
CCTCTACAAGGATTGG-1,2
CCTCTATCGATTAGCA-1,1
CCTCTCTCCCATCTAG-1,4
CCTCTGGCCTAGACGG-1,1
CCTCTGTACTATTCTA-1,3
CCTGAATATTTACATA-1,2
CCTGACCACCGATGGT-1,4
CCTGACGCAACCTTTA-1,1
CCTGAGAATAAATGCA-1,2
CCTGCGATAGAACTGT-1,2
CCTGCTATTTGAGAAG-1,2
CCTGGAAACGTTCTGC-1,4
CCTGGCTAGACCCGCC-1,1
CCTGGTCGAATGTGGG-1,4
CCTGTAAGACATGATA-1,4
CCTGTACTCACGCCCA-1,4
CCTGTCACCCGGGCTC-1,2
CCTGTCCCTCACGTTA-1,4
CCTGTCGCCCGTAAAT-1,2
CCTGTCGTGTATGAAG-1,2
CCTGTTCAACCTCGGG-1,2
CCTGTTTGAAGACACG-1,2
CCTTAAGTACGCAATT-1,1
CCTTCAGTTAAAGTGA-1,2
CCTTCCGCAACGCTGC-1,2
CCTTCGTATAGAATCC-1,2
CCTTCTCAGCGTTCCT-1,1
CCTTCTTGATCCAGTG-1,2
CCTTGACCACTTTATT-1,4
CCTTGTGAACGTGGTT-1,2
CCTTTCAATGAAGAAA-1,3
CGAAACATAGATGGCA-1,4
CGAAACGCAATTCATG-1,4
CGAACAGTATGGGCGT-1,1
CGAACATAGTCAGAAA-1,3
CGAACCCGCATGCGTC-1,4
CGAACCTCTTTCCTAG-1,2
CGAACGCCCAGTGCCG-1,1
CGAACGGCCGGACAAC-1,2
CGAAGATCAGTTTCAT-1,2
CGAAGCTATAAATTCA-1,3
CGAAGGGTTTCAGATT-1,2
CGAAGTTGCTCTGTGT-1,4
CGAATCTGCTCGACGC-1,2
CGAATGAAGTCATTGC-1,2
CGAATGACGCATAATG-1,4
CGACAATTTGATCTAA-1,1
CGACACCGCTTAAGGA-1,3
CGACACGCTCCGACAG-1,1
CGACAGTTCGCGTTAT-1,4
CGACATGCGATCTTCT-1,4
CGACCCTTAACGCCGG-1,2
CGACGCATCCGTACCT-1,2
CGACTCAGGATGTTAT-1,3
CGACTCGGTACACGGT-1,3
CGACTTTGTATAGCCT-1,4
CGAGACCCTAGAGTGT-1,4
CGAGACTACTGCTGCT-1,2
CGAGAGATGTGAACCT-1,2
CGAGAGCTTTCACTAC-1,2
CGAGAGGGTAGCCGCG-1,4
CGAGATTTCGCTCGGG-1,1
CGAGCACTTCAAGTTT-1,1
CGAGCGTTGATCAGCC-1,2
CGAGCTGGGCTTTAGG-1,1
CGAGGAGCTTCCATAT-1,3
CGAGGATCGGGAACGA-1,1
CGAGGCCAGGCATTGG-1,2
CGAGGCTAAATATGGC-1,2
CGAGGGACTGCGGTCG-1,2
CGAGGGTATCCAGGTG-1,4
CGAGTACTAAAGAGGA-1,4
CGAGTGAAGGTACCAG-1,2
CGAGTGCTATAGTTCG-1,2
CGAGTTCTGTCCCACC-1,1
CGAGTTTATCGGACTG-1,2
CGATAATACTCAGGTT-1,1
CGATACCTCGCGGACA-1,4
CGATAGCGATACAGTG-1,2
CGATAGTCGTACTGCA-1,2
CGATATTAGCCGCAGG-1,2
CGATCATTAGAGGCAC-1,3
CGATCCACCATTGTTG-1,2
CGATCCGACCCAGTGC-1,4
CGATCCTCGCAACATA-1,2
CGATCGAGAAGCACCA-1,2
CGATCTGTTGGAGGAC-1,1
CGATGGACCCTACGCC-1,3
CGATGTTGTTATCTAC-1,2
CGATTAAATATCTCCT-1,4
CGATTCGCCTGGCTGC-1,4
CGCAAACACGAGTTAC-1,2
CGCAATTACTTTCGGT-1,2
CGCAATTAGGGTAATA-1,2
CGCAATTCTACAATAA-1,1
CGCACATGTCCACTAC-1,2
CGCACGTCTGTTTATG-1,2
CGCACGTGCGCTATCA-1,4
CGCAGAAACATTTGCG-1,1
CGCAGATCTTCACCCG-1,3
CGCAGGCGATCCAAAC-1,1
CGCAGTTCTATCTTTC-1,2
CGCATCATGGCTTCAG-1,1
CGCATCCATCAGCCAG-1,1
CGCATGCCGAATGCGT-1,2
CGCATGGTGCGATGCT-1,2
CGCATTAGCTAATAGG-1,1
CGCCAAGAAGCCGAGT-1,1
CGCCACCCGCATTAAC-1,2
CGCCATCCGATTATGA-1,1
CGCCCAGCACGCCTAG-1,1
CGCCCAGCGTTTCACG-1,2
CGCCCGCTTCCGTACA-1,1
CGCCCTAATTGTTCAA-1,2
CGCCCTTGAAGGCTGA-1,1
CGCCGCCCATGCCTGT-1,2
CGCCGCGTTCTGAACG-1,2
CGCCGTTCAGCATAGT-1,1
CGCCTCCCTCCTCTAT-1,3
CGCCTGGCCTACGTAA-1,4
CGCCTTTAGCATGCTC-1,1
CGCGAAGTGGCATACT-1,2
CGCGACCGCGACAGAT-1,4
CGCGAGAGGGACTTGT-1,3
CGCGAGTCTGCCGGGT-1,2
CGCGCAAATGTCCAGA-1,2
CGCGCAAGGAACTACA-1,2
CGCGCCCGACTTAATA-1,1
CGCGGCAGTATTACGG-1,2
CGCGGCTCAACTTGAA-1,4
CGCGGGAATTAGGCAG-1,2
CGCGGGAATTCCTTTC-1,2
CGCGGTAAGTCTAGCT-1,1
CGCGGTACGGTATACA-1,1
CGCGGTCACAAACCAA-1,3
CGCGTACATTCTGGAA-1,3
CGCGTCATATTAAACC-1,4
CGCGTTCATGAAATAC-1,2
CGCTACGGGACATTTA-1,4
CGCTAGAGACCGCTGC-1,4
CGCTATACCGCCCACT-1,2
CGCTATTCAATGTATG-1,2
CGCTATTCTTAGGCTC-1,4
CGCTCGACATAATGAT-1,2
CGCTCTCCGTAGATTA-1,4
CGCTGGTGACTACCCT-1,1
CGCTGTGACGCCGCAC-1,2
CGCTGTGTGGATGTTG-1,2
CGCTTAGTATTGATAC-1,2
CGCTTATTCCCGGTCG-1,4
CGCTTCCACTGAAATC-1,2
CGCTTCGGTCTAAGAC-1,2
CGCTTGGACGGATAGA-1,1
CGCTTTCATACCGGTG-1,2
CGCTTTCCGCCAAGGT-1,1
CGCTTTCTTGCATTCG-1,2
CGGAAATTTCACATCC-1,1
CGGAACGTAAACATAG-1,4
CGGACCTTTACGTCCC-1,2
CGGAGCAATTTAATCG-1,1
CGGAGCATGGCGATCC-1,2
CGGAGCTTATAACACC-1,1
CGGAGTTTGAGAGACA-1,4
CGGATAAGCGGACATG-1,2
CGGATCCTCAAGGACT-1,4
CGGATGAATGCTGTGA-1,2
CGGCAAACATCGTGCG-1,3
CGGCAATAAGATCGCC-1,1
CGGCACCGTTAGCGCC-1,1
CGGCACTCAAGAAAGT-1,2
CGGCAGGGTCGGGTTG-1,3
CGGCCACGCACAAAGT-1,4
CGGCCAGAGCGACCAT-1,2
CGGCCCAACCTGTAGT-1,1
CGGCCCAGGTATATCC-1,4
CGGCGCCATCAATCCC-1,2
CGGCTCTAAAGCTGCA-1,1
CGGCTCTTCGTCGAAC-1,1
CGGCTGCAAGATTAAG-1,4
CGGCTTTGTATGATAA-1,1
CGGGAACGCCCTGCAT-1,2
CGGGAAGTACCGTGGC-1,2
CGGGAATATAGTATAC-1,1
CGGGAATTTATGTAAA-1,3
CGGGAGCTTCAGTGTA-1,1
CGGGAGTATACCGCCG-1,2
CGGGATCAATGTAAGA-1,2
CGGGCAGCTAAACCGC-1,2
CGGGCCATAGCCGCAC-1,2
CGGGCCTTCTTTGTAA-1,4
CGGGCGATGGATCACG-1,2
CGGGTGTACCCATTTA-1,2
CGGGTTCGGCACGTAT-1,3
CGGGTTTGTTAGGGCT-1,1
CGGTAGAGGTGCAGGT-1,3
CGGTATAGGTATTAGC-1,3
CGGTATGGGCACTCTG-1,2
CGGTCAAGTGGGAACC-1,2
CGGTCCATGAGACTCC-1,3
CGGTCCGTCGCAAGCC-1,2
CGGTCTATCAACCCGT-1,1
CGGTGAAGACTAAAGT-1,4
CGGTGCAGATAGAACG-1,4
CGGTGCGCGTTGGTCC-1,1
CGGTGGGCTCCAGCCT-1,3
CGGTGTACTTGATCCC-1,2
CGGTTATCCAACAGTG-1,3
CGGTTCAAGTAGGTGT-1,3
CGGTTCCGGCTTCTTG-1,2
CGGTTGACCTGGCATA-1,4
CGGTTGAGTATCCTTC-1,2
CGGTTGGGCAGGGTCC-1,1
CGGTTGGGTTCAAGTT-1,3
CGGTTTATGAAGGAAC-1,3
CGTAAACGCTTGAGTG-1,2
CGTAAAGCAAGAAATC-1,2
CGTAACTTCGACACTT-1,2
CGTACCGAAAGTCTAG-1,2
CGTACCTGATAGGCCT-1,2
CGTAGAGAGTAATTAT-1,2
CGTAGCGAATTGTCAG-1,1
CGTAGCGCCGACGTTG-1,1
CGTATTAAGAGATCTA-1,4
CGTCACGTCCATTGGT-1,4
CGTCAGTGCGCACAAG-1,2
CGTCAGTTTATCGTCT-1,4
CGTCATACCATATCCA-1,2
CGTCCTCATCGCGTGC-1,2
CGTCGCATGTGAGCCA-1,2
CGTCGCGGCGGGATTT-1,2
CGTCGCTTGGTTATAC-1,2
CGTCGGATAGTGTTGA-1,1
CGTCGGGTCTAAGCGC-1,1
CGTCGTCCTTCGCGAA-1,4
CGTCTGGAAGGGCCCG-1,2
CGTGAAGTTAATTCAC-1,4
CGTGACATTGGGTCGT-1,1
CGTGACCAGTCCTCTG-1,4
CGTGCACACCACTGTA-1,2
CGTGCAGACTGGGACA-1,2
CGTGCATTGTCGACGC-1,4
CGTGCCCGACATTTGT-1,4
CGTGCTGGCCTAGTCG-1,2
CGTGCTTCTACCTAAA-1,2
CGTGGAAGCCTCGTAC-1,1
CGTGGCCGAATATCTA-1,1
CGTGGTACCCAAAGGC-1,2
CGTGTATGGGAGCTGA-1,2
CGTGTCCCATTCGCGA-1,2
CGTGTCTCGTTACGAC-1,2
CGTGTGTTAAACCCTG-1,4
CGTTAAACTAGTTAGG-1,1
CGTTAAATACGACCAG-1,2
CGTTAATGTCCCGACG-1,2
CGTTAGCTCACAACTG-1,1
CGTTCAAGGAAACGGA-1,2
CGTTCAGACCCGCGAA-1,4
CGTTCATGGTGCGCGT-1,2
CGTTCTTCGCACACCT-1,3
CGTTGAATACCGCGCT-1,4
CGTTGAGTAATTGCGT-1,3
CGTTGCCCGCGTGGGA-1,2
CGTTGTAAGATTGATT-1,1
CGTTGTCGGCAATTGA-1,4
CGTTGTTTCAATTCCC-1,4
CGTTTAAGCGGAGCAC-1,2
CGTTTACAAGGCAGCT-1,3
CGTTTCACTTCGGGCG-1,3
CGTTTCGCTCATTACA-1,4
CGTTTCGGTTATATGC-1,2
CTAAAGAATGCCTACT-1,4
CTAAAGGGAAATAGGA-1,4
CTAAAGTCCGAAGCTA-1,2
CTAAATCCGGTGTACA-1,2
CTAAATCCTATTCCGG-1,1
CTAACCGCGCGCCCGT-1,4
CTAACGAAACTTGCTG-1,3
CTAACTGATAATCGCC-1,1
CTAACTGGTCCGGTTC-1,1
CTAAGTACAGGGCTAC-1,3
CTAATTATGAAGCGTA-1,3
CTAATTCGCACGCGCT-1,4
CTAATTCTCAGATATT-1,1
CTAATTTCAACAACAC-1,2
CTACAAGAAATAACCC-1,2
CTACACTCGCAGATGG-1,1
CTACATATCGCGGGAC-1,2
CTACCCTAAGGTCATA-1,3
CTACGAACTAGGTCGA-1,4
CTACGACTAGCTATAA-1,4
CTACGATCCTATCCTA-1,2
CTACGCACGGAGTACC-1,4
CTACGCCATTTCCGAT-1,1
CTACGTGTTGCCACCA-1,2
CTACTATCATAGGTTT-1,1
CTACTATCTTTCAGAG-1,3
CTACTCAAGGTATAGT-1,2
CTACTCTAGGCCCGGC-1,4
CTACTGCCACCTGACC-1,2
CTAGACATATATGTAG-1,3
CTAGACTGCATTTCGT-1,3
CTAGATAAACTCCTCG-1,2
CTAGATGTGAGTGTAA-1,4
CTAGATTTACGACGGC-1,3
CTAGCATAGTATAATG-1,2
CTAGCCACAGGCGAGC-1,4
CTAGCCGATGTTATGA-1,3
CTAGGCGCCCTATCAG-1,2
CTAGGCGGCAGAGAAT-1,1
CTAGGGATAGGGACAA-1,2
CTAGGTCTGAAGGAAT-1,4
CTAGGTTCGGACGTGA-1,4
CTAGTAGAAAGGGATT-1,2
CTAGTATTCGGAATTA-1,1
CTAGTCACGTCTTAAG-1,2
CTAGTGAAGGACAGGA-1,4
CTAGTTACAACCCGGT-1,4
CTAGTTGGGCCCGGTA-1,2
CTATAAGAGCCAATCG-1,3
CTATAGGCGTTGATGT-1,2
CTATATCCAGCCTGGC-1,2
CTATCACAACGCTGGA-1,2
CTATCGACGAAATACA-1,2
CTATCGCGTAGAGAAC-1,1
CTATCGGGTCTCAACA-1,2
CTATGCCCGAATGCAA-1,4
CTATGGGAAGCGGAAT-1,1
CTATGTCACTAGCCCA-1,1
CTATGTCTATTGAAAC-1,2
CTATGTGAGTCACGGC-1,1
CTATTCATGTGTCCCA-1,3
CTATTGTGTTTGGTCA-1,3
CTATTTGCTTGGAGGA-1,1
CTATTTGGTTACGGAT-1,2
CTCAAACCACTGCCCG-1,2
CTCAACTAACCCGGAT-1,2
CTCAAGACATTAGCGC-1,3
CTCACACGCAAGCCTA-1,3
CTCACATTTACTAAAT-1,4
CTCACCGATCCAAACT-1,3
CTCACTGTGATACTTA-1,4
CTCACTTGGCTGGTAA-1,4
CTCAGAGCTAATGTCG-1,2
CTCAGGACTCACCTGT-1,2
CTCAGTCACGACAAAT-1,3
CTCATAAATGTGTATA-1,2
CTCATGGCTCACAATC-1,1
CTCATGGTAATTTGCG-1,1
CTCATTGCTCTAACAA-1,4
CTCATTTGATGGGCGG-1,1
CTCCCAATGAGTCGCG-1,1
CTCCCTCCTTTCGATC-1,2
CTCCGCCCACATGAGG-1,4
CTCCGGCCTAATATGC-1,2
CTCCGGCTTGTAGACA-1,2
CTCCTAAGTTATGTCT-1,2
CTCCTCCAGCTCACAC-1,2
CTCCTGTTCAAGGCAG-1,1
CTCCTTTACGCAAGTC-1,3
CTCGAATGGAACGTAT-1,3
CTCGAGATCCAAAGCA-1,2
CTCGAGGTCGAACAGT-1,2
CTCGATATTTGCGAGC-1,3
CTCGCACCTATATAGT-1,2
CTCGCATTGCATAGCC-1,2
CTCGCCGAATGTAGGG-1,4
CTCGCTAGGTAAGCGA-1,2
CTCGGGATAACACCTA-1,1
CTCGGGCATCGTCGGG-1,4
CTCGGGTTCTCTGGCC-1,2
CTCGGTACCACTGCTC-1,2
CTCGGTCCGTAGCCTG-1,2
CTCGGTTGTCGGCCCT-1,2
CTCGTCGAGGGCTCAT-1,2
CTCGTCTGTGCCTTCG-1,2
CTCGTTACGGCTACCA-1,2
CTCGTTTCTAATGTTT-1,3
CTCTAATGCATTGATC-1,3
CTCTACACTGGCGATT-1,1
CTCTACATCCTGCGTG-1,2
CTCTAGCCCTCGGAAA-1,2
CTCTATTTGGCTGCAG-1,3
CTCTCACAATCGATGA-1,2
CTCTCGATGTGCGCCT-1,4
CTCTCTAACTGCCTAG-1,2
CTCTGCAGGCATTCTT-1,2
CTCTGCGAAGCAAGCA-1,2
CTCTGGACGCCTGGTG-1,2
CTCTGTTTGAGGATTC-1,1
CTCTTCTATTGACTGG-1,4
CTCTTCTGGAAGTTAG-1,2
CTCTTGTCCCGCTTGG-1,3
CTGAAACGGCCCTCAG-1,1
CTGAAAGAGATCCGAC-1,2
CTGAATCCGAGACCTC-1,4
CTGAATTTATTGCCAG-1,3
CTGACATAGAAATAGA-1,1
CTGACTGCGCAGCTCG-1,1
CTGAGAAAGTTCGGCG-1,1
CTGAGCAAGTAACAAG-1,2
CTGCAAATGGGCTCCA-1,4
CTGCAAGCACGTTCCG-1,1
CTGCACAACTACATAT-1,3
CTGCACCTAGTCCACA-1,1
CTGCACCTGGAACCGC-1,2
CTGCACTCCAGTACAG-1,4
CTGCAGAGAATCAGAG-1,2
CTGCCAAGGTTGGAAG-1,1
CTGCCATGCATCACAT-1,4
CTGCCTAGCCACCAAG-1,4
CTGCCTCATATGCAAC-1,1
CTGCCTTTAATACCTT-1,2
CTGCCTTTCTAGTAAA-1,2
CTGCGACCTCGCCGAA-1,2
CTGCGATTTCGAGATT-1,2
CTGCGGGTGAAATGTT-1,4
CTGCGGTAGTCACGTG-1,3
CTGCGTTACGATATAA-1,1
CTGCTCTGACGGCAAA-1,2
CTGCTGAGGCCACGAA-1,1
CTGCTGTCTAACGAGC-1,1
CTGCTTGGCGATAGCT-1,4
CTGCTTTATGTCCGCG-1,3
CTGGAAATGGATGCTT-1,2
CTGGAAGACACGGTGG-1,1
CTGGACGCAGTCCGGC-1,2
CTGGCATCCGAATGAG-1,1
CTGGCGACATAAGTCC-1,1
CTGGCGATTTACATGT-1,2
CTGGCGCACAGGTCTG-1,2
CTGGCGGGAATAAGTA-1,2
CTGGCTCCTGCGGGAT-1,2
CTGGCTGATTCATCCT-1,1
CTGGCTGCTAACGTAA-1,2
CTGGGATACGCTACCC-1,4
CTGGGATCGCCCAGAT-1,4
CTGGGCCTGCTATATC-1,4
CTGGGCTACTGGAGAG-1,2
CTGGGCTATCCTTTGG-1,3
CTGGGTTGAGTTAAAG-1,2
CTGGTAAAGACTTACA-1,2
CTGGTAAAGTGTGGGC-1,4
CTGGTAACACATAGAA-1,2
CTGGTAACGAGCTCTT-1,3
CTGGTCATTCCAATCC-1,1
CTGGTCCTAACTTGGC-1,4
CTGGTGAATGGGCCTA-1,2
CTGGTTCAACGCATCA-1,2
CTGGTTTCGAGCAAGA-1,1
CTGTACTTCTTAGCAT-1,4
CTGTAGTGAGGATCGA-1,2
CTGTATGGTGTAGAAA-1,2
CTGTCAAATGGCTCGG-1,1
CTGTCACGCCAGGCGC-1,3
CTGTGCAGGGTAGGTC-1,2
CTGTGGTCGGGAGATA-1,2
CTGTTACCCAATCTAG-1,3
CTGTTCACTGCCTGTG-1,2
CTGTTCATCTCACGGG-1,2
CTGTTGTTCAGTCGTA-1,2
CTTAACTTACAGTATA-1,2
CTTAACTTCGAAGTAC-1,1
CTTACACGGTATTCCA-1,4
CTTACACTGGGAAATA-1,2
CTTACATAGATTTCTT-1,2
CTTAGATGTTTCATCC-1,2
CTTAGCCTTCCACATG-1,1
CTTAGGTATAGACCAG-1,2
CTTAGTAGGCCTACAG-1,1
CTTAGTGTAGTAGCAT-1,1
CTTAGTTGAGGAATCG-1,2
CTTATGCGCTCAGGGC-1,1
CTTATGTTGACTACCA-1,2
CTTCAACTCCACTTGG-1,4
CTTCACGCCCTGGTAC-1,2
CTTCAGTGGTCGCCTA-1,1
CTTCAGTTGGACAACG-1,2
CTTCATAGCTCAAGAA-1,2
CTTCATTGTCAGTGGA-1,4
CTTCGATTGCGCAAGC-1,2
CTTCGGCCAATTGTTT-1,1
CTTCGTAGATAGGTGA-1,4
CTTCTATGTTGAAGTA-1,1
CTTCTGGGCGTACCTA-1,2
CTTCTTACGTCGTATA-1,2
CTTGACCCGAAAGATA-1,1
CTTGAGGTTATCCCGA-1,2
CTTGAGTTAGGGTAAT-1,2
CTTGATGACCATCCAG-1,2
CTTGCAACCGCCTCCT-1,1
CTTGCCCACCCACGCA-1,2
CTTGCCCAGGCTCTAC-1,4
CTTGGCCAAGCTGGGA-1,4
CTTGTACTTGTTGACT-1,2
CTTGTCAACATTCGAG-1,3
CTTGTGAGTCTTTGAC-1,2
CTTGTGCTCACCGATT-1,3
CTTGTTGCTGAGTCAA-1,2
CTTGTTTATGTAGCCA-1,2
CTTTAACTTTCAAAGG-1,2
CTTTAATATTGGTCGA-1,3
CTTTACCGAATAGTAG-1,1
CTTTAGTGCTATTATT-1,3
CTTTCTGTGCGGGCTT-1,4
CTTTGCATCGCTCTTG-1,2
CTTTGGCAGACAGAGT-1,3
CTTTGGCGCTTTATAC-1,1
CTTTGGCTTTAGTAAA-1,4
CTTTGGGATTGTTGCA-1,2
GAAACAGATGACCACC-1,2
GAAACAGCCATGCAGT-1,2
GAAACATAGGAAACAG-1,2
GAAACCATGGTGCGCT-1,1
GAAACCGAATTACCTT-1,4
GAAACCTATACAAATG-1,2
GAAACTCGTGCGATGC-1,4
GAAACTCTAATGAAGG-1,1
GAAAGAACAGCGTTAT-1,4
GAAAGCAGTGCACTTT-1,3
GAAAGCCCTTTGGACC-1,4
GAAAGTGACTAACTGC-1,1
GAAATACCTGCTGGCT-1,1
GAAATACTAAACGTTT-1,2
GAAATATCACCATCAG-1,4
GAAATATGCTTGAATG-1,3
GAAATCGCGCGCAACT-1,2
GAAATGGCGGTGTTAG-1,2
GAAATGGGATGTAAAC-1,2
GAAATTAGCACGGATA-1,3
GAAATTCACATCGCTG-1,2
GAAATTGTCTCTATAA-1,4
GAACAACTGGGATGAA-1,2
GAACACACATCAACCA-1,2
GAACAGATTACTAAAT-1,4
GAACATTAGTATGTTA-1,3
GAACCATCTGGGAGAC-1,4
GAACCCTCTGTGTTCT-1,4
GAACCTTTAACGATCC-1,2
GAACGACCGAATGATA-1,2
GAACGATAAGTTAAAG-1,3
GAACGCGGGTCACACG-1,1
GAACGGTGTAAAGCAG-1,3
GAACGTCTCATGGTCG-1,2
GAACTGTGGAGAGACA-1,2
GAACTTAGCGCCCGGT-1,1
GAAGAAACGATATTGT-1,2
GAAGAACGGTGCAGGT-1,2
GAAGACTTCAATGCCG-1,4
GAAGCCACTGATTATG-1,2
GAAGCCTGCACATTCC-1,4
GAAGCGTGAGGAATTT-1,2
GAAGCTCGGACCCGTC-1,1
GAAGCTTGCTGACCGC-1,4
GAAGGAGTCGAGTGCG-1,1
GAAGGCTACCATTGTT-1,3
GAAGGGCATAACCATG-1,1
GAAGGGTCATTAAGAC-1,2
GAAGTCTCCCTAGCGA-1,2
GAAGTGATTTATCGTG-1,4
GAAGTGCTGGATAGCT-1,2
GAAGTTTCCACTCAAT-1,4
GAATAGACGCGACCCA-1,2
GAATAGCATTTAGGGT-1,1
GAATAGCCCTGCGGTC-1,3
GAATAGTGCTCGATTA-1,2
GAATATTCGGAGTCCC-1,1
GAATCGACATGGTCAC-1,2
GAATCGCCGGACACGG-1,2
GAATCTGAACATTCTC-1,2
GAATGAAGGTCTTCAG-1,3
GAATGCCGAAATGACC-1,2
GAATGCGAATCGGTTC-1,4
GAATGTATGGCAGGTC-1,1
GAATGTTGGGTAATCT-1,2
GAATTATAGTGAAAGG-1,2
GAATTCACCCGGGTGT-1,4
GAATTTCTCGCTGCAG-1,4
GACAAACATATGCAGG-1,4
GACAACGACCATTGAA-1,2
GACAACGCAGCTTACG-1,2
GACAAGAGATGAGATT-1,1
GACACAAGGGAAGAAA-1,2
GACACAGCCGGGACTG-1,2
GACACGAGTTAGAGGA-1,2
GACACTGAGTTCAGTG-1,4
GACACTGGAACCCGAT-1,1
GACACTTCCAATTACC-1,2
GACAGGCACACACTAT-1,4
GACAGGTAATCCGTGT-1,2
GACATCCGTCGAACTG-1,2
GACATTTCGCCCAGCC-1,2
GACCAAACGTTGACTG-1,4
GACCACACTTCCCTTT-1,2
GACCAGAGCCCTGTAG-1,4
GACCAGGTCATTCATA-1,4
GACCCAATTATGATAC-1,2
GACCCGTCGCCGGCTA-1,1
GACCGACGTGAAAGCA-1,4
GACCGACTGAAGCGTC-1,4
GACCGATTAAATATGT-1,2
GACCGCGTCTGACGTG-1,1
GACCGTCAGGTCGTGA-1,1
GACCGTGCTGACGGTG-1,4
GACCTTCCACGTCTAC-1,2
GACGACGATCCGCGTT-1,4
GACGAGGCTAATAAAC-1,2
GACGATATCACTGGGT-1,2
GACGCCTGTTGCAGGG-1,2
GACGCTTGCTTCTAAA-1,4
GACGGACCGCGTTCCT-1,4
GACGGGCATCGAATTT-1,2
GACGGGTTGGCCCGTA-1,2
GACGGTCAATAGAAGC-1,1
GACGTGAGACTCCATG-1,2
GACGTGTAGGGATTAT-1,4
GACGTTCGTAAATACA-1,3
GACTAACACAGCACCT-1,1
GACTAAGATCATGCAC-1,2
GACTAAGTAGGCTCAC-1,2
GACTACAAAGCGGTGG-1,2
GACTACAATTGCTCGT-1,4
GACTAGGCCGTTAGGT-1,2
GACTCACCCACGTGAG-1,4
GACTCCCAGAATAAGG-1,1
GACTCCTTCCAATTGA-1,2
GACTCGCGGGAATGAC-1,3
GACTCGGTCGGCGGAT-1,3
GACTCTAGAGTTCCAA-1,2
GACTGATTGGTCACAA-1,3
GACTGCAAATCGAGCT-1,4
GACTGCGGCACGTGTA-1,1
GACTGCTGGTGAGAAA-1,2
GACTGGGCGCCGCAAC-1,3
GACTTCAACGCATCAA-1,1
GAGAACGGTTCTGACT-1,2
GAGACCCTGCAACGCC-1,3
GAGACTGATGGGTAGA-1,2
GAGAGGCCTATGTGTA-1,1
GAGAGGGCGCGAGGTT-1,4
GAGAGGTGCATTCTGG-1,4
GAGAGTCTCGGGAGAG-1,2
GAGATCTGCTTGGCAT-1,4
GAGATCTGTCACTCCG-1,2
GAGATGACAATCCTTA-1,3
GAGATGGCTTTAATCA-1,2
GAGATGGGAGTCGACA-1,4
GAGCACCTGTGTCCAG-1,4
GAGCATCAACAACTTG-1,2
GAGCATCATCCCTGGG-1,2
GAGCCACGGTAGTAGG-1,2
GAGCCAGCTACCTGTG-1,2
GAGCCGAGCGTTTATT-1,3
GAGCGAGGGAGTACCG-1,2
GAGCGCAAATACTCCG-1,1
GAGCGCGCACGAGTAG-1,1
GAGCGCTGTTAGGTAA-1,2
GAGCGGAATGCGGTGT-1,2
GAGCTAAGGGCATATC-1,2
GAGCTCAACATGAGCG-1,2
GAGCTCTCGGACCTAA-1,2
GAGCTGTCGTCTCGGA-1,3
GAGGAATATCTCTTTG-1,2
GAGGAATGGAGAGGTT-1,1
GAGGATAAACAGTGCT-1,4
GAGGCATTTGCAGCAG-1,3
GAGGCCCGACTCCGCA-1,2
GAGGCCTGTTGATACA-1,2
GAGGCTATCAAAGTCG-1,4
GAGGGAGTCAGATCGC-1,2
GAGGGCATCGCGTATC-1,2
GAGGGCCATAATATTA-1,1
GAGGGCGCAGCTCTGC-1,3
GAGGGTAGTAACAAAG-1,2
GAGGTACATCCATCTT-1,1
GAGGTACGCGTGTCCC-1,2
GAGGTCCCAAAGATCT-1,2
GAGTAAACCGGAAAGT-1,1
GAGTAAGGCCACGGGA-1,2
GAGTACGGGTATACAA-1,2
GAGTAGATACTAGTTG-1,4
GAGTATGCGCGTGCAT-1,4
GAGTCCGCTTACCGGA-1,4
GAGTGTCAACCAGAAA-1,2
GAGTGTGCGGTACCCA-1,2
GAGTTGATGGCAATTT-1,2
GAGTTGTCACCAGTCT-1,2
GATAAATCGGTGGATG-1,2
GATAACTCGCACTGTG-1,2
GATAAGGCAGATGCAA-1,2
GATACGATGGGAGTCA-1,4
GATAGAACCCGCTAGG-1,2
GATAGATAGTACAGTC-1,2
GATAGGTAACGTTGAC-1,3
GATAGTGCGAGTAAGT-1,2
GATATCTCATGCAATA-1,2
GATATGAGACACTAAC-1,1
GATATGCGGTAGCCAA-1,1
GATATGGATTACGCGG-1,1
GATATTGAGATTGGCG-1,1
GATATTTCCTACATGG-1,1
GATCAACATAAAGGGA-1,2
GATCATTCCAAACATT-1,2
GATCCCTTTATACTGC-1,1
GATCCGGGAATTAACA-1,2
GATCCTAAATCGGGAC-1,3
GATCCTCGACACTGGC-1,1
GATCCTCTTGCGCTTA-1,1
GATCGACACTATCTGA-1,2
GATCGCGGGCTCTCCA-1,4
GATCGCTACCCGATTT-1,1
GATCGCTATATCTCAG-1,2
GATCGCTGTGGTGCGT-1,2
GATCGGATAGAACCAT-1,1
GATCGGCGATAAGTCG-1,2
GATCGGTGGCCATAAC-1,2
GATCGTGACTGATATC-1,2
GATCTCGACGCTGTGG-1,1
GATCTGCTATCTAAGG-1,4
GATCTTGGAGGGCATA-1,3
GATCTTTGCAGGGTAT-1,4
GATCTTTGCTCAAAGA-1,3
GATGACAAGTAGGGCA-1,2
GATGACGATGATCGCG-1,3
GATGAGGAACCTTCGG-1,2
GATGCCAGCAGAAGGC-1,1
GATGCCTTCTGCGGCA-1,2
GATGCGTCCTGCATTC-1,4
GATGCTACAAGCGCCT-1,2
GATGCTACCTTCGATG-1,2
GATGCTGTATTTCATC-1,1
GATGGCGCACACATTA-1,2
GATGGTGAAATAACCC-1,3
GATGGTGCCCTAGGCA-1,4
GATGTAACGAACCACC-1,2
GATGTCCGGATCACAT-1,2
GATGTCGGTCAACTGC-1,4
GATGTGTTGTCACAAG-1,4
GATGTTCAATCCACGA-1,4
GATGTTTGTGCGAGAT-1,2
GATTAACCGAAAGCCC-1,2
GATTAATCCTGGCTCA-1,2
GATTACTGAATTTGGG-1,4
GATTCCCTTGTCGCAG-1,2
GATTCCGCGTTTCCGT-1,1
GATTCCTATACGGCGC-1,1
GATTCGACGGTTCACG-1,2
GATTCTGTTAATGAGT-1,2
GATTGACACTCTGCTC-1,4
GATTGCTCCAGTTGCA-1,2
GATTGGGAAAGGTTGT-1,2
GCAAACCCTACATTAT-1,3
GCAAACCTTGGCCATA-1,4
GCAAACGTCGCCAGGT-1,1
GCAAAGGGCGTTAGCC-1,2
GCAAATATTACGCTTT-1,4
GCAACACACTAGAACT-1,1
GCAACAGCAGTATGCG-1,1
GCAACCACCAGACCGG-1,3
GCAACCACGGCCGCGT-1,4
GCAACGGCTAGTTATG-1,4
GCAAGAATTCCTTGGC-1,4
GCAAGATGTGTTCGCG-1,3
GCAAGTGCACAGAGAA-1,2
GCAAGTGTAAAGCATG-1,2
GCAATTAGTCGCACCG-1,1
GCACAAACCCTAGATG-1,2
GCACAAACGAGGCGTG-1,1
GCACAACCTCGGGCGT-1,2
GCACAAGTGTCGGAAG-1,4
GCACACACTGGTAGCC-1,2
GCACACAGCTATTACC-1,1
GCACAGCACGGGCCGA-1,2
GCACCTAGGCGAGTCC-1,2
GCACGCCGATTCCCGC-1,2
GCACGTGGTTTACTTA-1,2
GCACTAGTCGCGCTAT-1,2
GCACTGCCTACCTTTA-1,2
GCACTGTGCAAATGTA-1,2
GCAGAAACGTAATCCA-1,3
GCAGACCCAGCACGTA-1,4
GCAGATCCATAAGACT-1,1
GCAGATTAGGGATATC-1,4
GCAGCACACAGCCCAG-1,4
GCAGCCTATATCACAT-1,4
GCAGCGGTGGGCATTA-1,2
GCAGCTATGGACAGGT-1,3
GCAGCTGTCAACGCAT-1,2
GCAGGAACTTAGATCT-1,2
GCAGGACTATAGAATA-1,4
GCAGGTAGAGTATGGT-1,3
GCAGTGTGGCTATAGG-1,4
GCAGTTCGATCCGAGC-1,1
GCATACGAGGTCTTTA-1,1
GCATAGAGCACTCAGG-1,4
GCATCCCTAACTTTGA-1,2
GCATCGGCCGTGTAGG-1,1
GCATGAGGGACGCGGC-1,3
GCATGCTAATAACGAT-1,2
GCATTCAAGGCAACGC-1,1
GCATTCGAAATGAACA-1,1
GCATTGTAATTCATAT-1,1
GCATTTCCAAGGCTCC-1,4
GCCAACCATTTCCGGA-1,1
GCCAAGAATACTTCTG-1,1
GCCAATAGGGCATCTC-1,3
GCCACAATTTAAGGAC-1,4
GCCACTCAGAGCGCGA-1,2
GCCACTCCTTACGGTA-1,1
GCCAGGAAAGAACACT-1,2
GCCAGGAGTAACCGAT-1,1
GCCAGGCGTTCGCATG-1,1
GCCATATTGCACACAG-1,1
GCCATCGATGCTGCAT-1,4
GCCATTAGCCTCAAAC-1,2
GCCCACCAAGGCTGTC-1,2
GCCCAGATGCTGGAGA-1,4
GCCCAGTTGGTATGCC-1,2
GCCCGACTTCTTCCCG-1,1
GCCCGAGAGTCTAAAT-1,2
GCCCGATCTGTGGTCG-1,1
GCCCGCGCGTAAACGG-1,1
GCCCGCGCGTTTGACA-1,2
GCCCGTAATACCTTCT-1,2
GCCCTAGCCGTCGCGA-1,2
GCCCTGAGGATGGGCT-1,2
GCCGAAATTCCTACGT-1,4
GCCGACCCACGACTGC-1,2
GCCGATTGGCCAAGCT-1,4
GCCGCTTGTGAGAAAC-1,4
GCCGGAAACACATCTT-1,4
GCCGGGTTAGGGTCGC-1,4
GCCGGTCGTATCTCTC-1,2
GCCGTCGGTTTCGGGC-1,2
GCCGTGGAAGAAATGT-1,4
GCCTACGTTCTGTGCA-1,2
GCCTAGCGATCTGACC-1,2
GCCTATAGTGTCAGGG-1,3
GCCTATGCTGGGCCTT-1,3
GCCTATTCCGATATAG-1,2
GCCTATTTGCTACACA-1,2
GCCTCATCTGGAAATA-1,1
GCCTCCGACAATTCAC-1,2
GCCTCTATACATAGCA-1,4
GCCTGCTACACTGAGA-1,3
GCCTGTCCCGGTGCAT-1,2
GCCTTCAGCCCTACCG-1,2
GCCTTGTATATGCAGT-1,2
GCCTTTGTCAGTGGAC-1,2
GCGAAACGATCGGGAG-1,2
GCGAAGAATCTGACGG-1,2
GCGAAGCCATACCCGT-1,2
GCGAATGGACTAGCGA-1,2
GCGACATGTAAACATC-1,4
GCGACCCAACCATCTG-1,2
GCGACGATAGTTGTAC-1,4
GCGACGGTAGTCTCCT-1,2
GCGAGAAACGGGAGTT-1,2
GCGAGAGGCCATGTAA-1,3
GCGAGAGTTGCGTCCA-1,4
GCGAGCGCATGCTCCC-1,4
GCGAGGCCCGAGCAGA-1,4
GCGAGTTCTGCAAAGA-1,2
GCGATTCTGGAAGCAG-1,4
GCGATTGTTAACGTTA-1,2
GCGCAAATATATTCAA-1,2
GCGCAAGAGCGCGCTG-1,4
GCGCATCCAGTCAGCA-1,3
GCGCCGTTCCACGATA-1,2
GCGCCTCCCACTCCGA-1,1
GCGCGGTCTAGTAACT-1,1
GCGCGTCATTGGTACA-1,4
GCGCTAATTGAATAGA-1,2
GCGCTATGCCGAGGCA-1,4
GCGCTGATCCAGACTC-1,1
GCGCTGCTTTGCATTT-1,3
GCGCTTAAATAATTGG-1,2
GCGGAGAAACTTCGCA-1,2
GCGGATTACTTGTTCT-1,2
GCGGCAAAGTATTGCC-1,2
GCGGCTCTGACGTACC-1,4
GCGGCTTTAGCAAGTT-1,2
GCGGGAACCAGGCCCT-1,2
GCGGGCAGACGGGTGA-1,2
GCGGGCATTACGATGC-1,1
GCGGTAACCCAAATGA-1,2
GCGGTCCCGGTGAAGG-1,3
GCGGTCCCTAGACGCA-1,2
GCGGTCTTGCTTTCAC-1,2
GCGGTGAACTGCGCTC-1,3
GCGGTTCCCTATCATG-1,4
GCGTAAATGGCCATAA-1,4
GCGTCCCTAAGACATA-1,2
GCGTCGAAATGTCGGT-1,2
GCGTCGCCAGGGTGAT-1,4
GCGTCGTAACATGGTC-1,2
GCGTCTCTGCATTGGG-1,4
GCGTGGTACTGGGTTA-1,1
GCGTGTATGTCGTATT-1,4
GCGTTCGGAGACCGGG-1,3
GCTAAACCTGAGGTGA-1,1
GCTAACTGAAGTCTGA-1,2
GCTAAGCCCAGTATGC-1,2
GCTAAGTAAAGGCGAT-1,1
GCTAAGTAGTTTCTCT-1,2
GCTAATACCGAATGCC-1,2
GCTACAATCGAGGATA-1,2
GCTACAGTACGGACCG-1,1
GCTACGACTTATTGGG-1,3
GCTACTATAGTAGAGT-1,1
GCTAGACCGTCTACTG-1,4
GCTAGAGTAGAGATGT-1,2
GCTAGCAGGGAGTGGG-1,3
GCTAGCGATAGGTCTT-1,2
GCTAGGCACCACGGAG-1,2
GCTAGTAGAGCTTGTA-1,2
GCTAGTTTCATTGAGG-1,2
GCTATAAGGGCCAGGA-1,2
GCTATACGTCTCGGAC-1,2
GCTATCATACTCATGG-1,4
GCTATCGCGGCGCAAC-1,2
GCTCAATGTAATACCG-1,4
GCTCATTACTGCATGT-1,3
GCTCCATGCAAAGCAA-1,2
GCTCCCAGTCGGTCCA-1,4
GCTCCGCTCGCTTCAG-1,4
GCTCCTGACATACTGG-1,2
GCTCGCTCATGTCCAA-1,4
GCTCGGAATTTAAAGC-1,1
GCTCTAAACCCTGACG-1,2
GCTCTATGTTACGTGC-1,2
GCTCTCGGGTACCGAA-1,2
GCTCTTTCCGCTAGTG-1,1
GCTGAACTCTCCAGGG-1,1
GCTGAATCTTCCAATC-1,2
GCTGAGGCGTGAGTAT-1,2
GCTGCACGGTTTCTTA-1,3
GCTGCTAAGTAGTCGA-1,3
GCTGCTACTGCGTAGC-1,1
GCTGCTCTCCGGACAC-1,2
GCTGGACCCAAAGTGG-1,3
GCTGGCATATTCACCT-1,4
GCTGGCGGCGCATGCT-1,4
GCTGGTGACTCGTAGT-1,3
GCTGGTTTAGGCCATA-1,2
GCTGTATTACTGGCCC-1,4
GCTGTTGCTACCGAAC-1,1
GCTTAATGTAACTAAC-1,2
GCTTACGTAGTTAGTA-1,4
GCTTATGAAGCAGGAA-1,3
GCTTCAGTGGGATTAC-1,3
GCTTCCAGCTTAGATT-1,2
GCTTCCATGTAACCGC-1,2
GCTTCCCGTAAGCTCC-1,1
GCTTCCGTCCCTAGAC-1,2
GCTTCGACGTTCAATC-1,2
GCTTGAGTGACCTCTG-1,2
GCTTGATGATAATCAG-1,2
GCTTGCAGCACAATTG-1,3
GCTTGGATCGATTAGG-1,3
GCTTTACACAACTGGG-1,2
GCTTTCAGAGGAGGTG-1,3
GCTTTCTATCTCAACT-1,3
GGAAACCTTGTTGAAT-1,3
GGAAACTAAATGGGCC-1,2
GGAAAGGGAATTGAGC-1,1
GGAAAGTGCCCATGCC-1,1
GGAACCGTGTAAATTG-1,4
GGAACCTTGACTCTGC-1,2
GGAACGGCCTGCAGCC-1,1
GGAACTTTGGCGATTA-1,1
GGAAGCTCGCTTACAG-1,1
GGAAGGACACCGTATA-1,1
GGAATAACCTCAAGAA-1,4
GGAATGCGCTAGCGTG-1,2
GGACAACCATGAAGCC-1,2
GGACACAAGTTTACAC-1,1
GGACACCTCGGTGTTG-1,2
GGACCAACAGGATAAC-1,3
GGACCTACGGTAACGT-1,3
GGACCTCTAGGCCGCC-1,2
GGACGGCTTGCGCAAC-1,3
GGACGGGCGACCAACC-1,2
GGACGTCCATAGTTGG-1,3
GGACTCGACAGCGCAT-1,2
GGACTCGTGAGTGGTC-1,2
GGACTCTTTGACTAAG-1,2
GGAGAAGTCATTGGCA-1,2
GGAGACCAATGTGCTT-1,3
GGAGACGACACCTTTG-1,3
GGAGCAACATTTCAAG-1,1
GGAGCACCAAGAACTA-1,1
GGAGCGAGGCCTACTT-1,2
GGAGGATTGAAAGGAG-1,4
GGAGGCCGAAGTCGTC-1,4
GGAGGGCTTGGTTGGC-1,2
GGAGGGTCAAGTAAGA-1,1
GGAGTGCCGCCCTGGA-1,2
GGAGTTGATTCTGTGT-1,2
GGATACTCATGAATTG-1,2
GGATCAAAGGACGAGG-1,1
GGATCATCCCGTACGC-1,3
GGATCCCTACCAGCTA-1,2
GGATCCGGAATATACT-1,2
GGATCTTACTGCCCTT-1,2
GGATCTTGACTCAACC-1,2
GGATGAAGATCGCTGA-1,1
GGATGACGCGAGTTTA-1,4
GGATGCTGGCGTTCCT-1,1
GGATGGCTTGAAGTAT-1,2
GGATGTCCTTACCGCA-1,3
GGATTAAGCTAAGGTC-1,1
GGATTAATCATGGACC-1,2
GGATTCAGTACGGTGG-1,2
GGATTCCGCTATACCC-1,1
GGATTGCTGTGACTCC-1,1
GGATTTCACTTCTATA-1,2
GGCAAAGGCGCCAATA-1,2
GGCAAATTACTTTACT-1,4
GGCAAGCCAGGGATAG-1,3
GGCAAGCCCATAGTGG-1,1
GGCAAGGCGAAATAGC-1,3
GGCAATAGTCAATGAG-1,2
GGCACGCTGCTACAGT-1,2
GGCACTCCACTGGGCA-1,4
GGCACTGCGGTGGTTT-1,2
GGCAGCAAACCTATGC-1,1
GGCAGCGGTAATCCTA-1,3
GGCATACAGGTAGCGG-1,4
GGCATATCGGTTCTGC-1,1
GGCATCAACGAGCACG-1,1
GGCATTGAACATCTCA-1,2
GGCCAATTGTATAGAC-1,2
GGCCCAATCTAGAGGG-1,3
GGCCCAGCTGGTTTGC-1,2
GGCCCAGTTATCAGCA-1,3
GGCCCGGAGCATGTCT-1,4
GGCCCGTATACCATGC-1,3
GGCCCTCACCCACTTA-1,4
GGCCGAGACTCTGGTG-1,2
GGCCGCAGGAACCGCA-1,2
GGCCGGCGTCTGCTAT-1,2
GGCCGTTTGGGTTTCA-1,2
GGCCTGCTCTGATGTT-1,2
GGCCTGCTTCTCCCGA-1,4
GGCGAAATCTAACTTG-1,2
GGCGCAGGACATCTTC-1,4
GGCGCATGAATTGATG-1,4
GGCGCGGAGATCTTTC-1,2
GGCGCGTTCGAGTTTA-1,3
GGCGCTCCTCATCAAT-1,2
GGCGCTTCATTCCCTG-1,2
GGCGGAGTAATATTAG-1,4
GGCGGTAGGATCATTG-1,1
GGCGTACCCTATATAA-1,4
GGCGTAGGGAAAGCTG-1,2
GGCGTCCTATCCGCTG-1,4
GGCTAAAGGGCGGGTC-1,3
GGCTAATGATTGAAAT-1,3
GGCTACTATACACTCC-1,2
GGCTATTAAGTTGTAT-1,4
GGCTCCTCCACCTGTT-1,2
GGCTCGCGTTGAGGTA-1,3
GGCTCGTGCCACCAGC-1,2
GGCTCTGCTCCAACGC-1,2
GGCTGAAATAGCAAAG-1,3
GGCTGAGCATCGTAAG-1,3
GGCTGGCTAGCTTAAA-1,2
GGCTTTCAATAAGGGT-1,4
GGGAAAGAATGCCAAC-1,2
GGGAACGGGAGGTTAG-1,4
GGGAACGGTTTCAGAT-1,2
GGGAAGACGGTCTGTC-1,2
GGGAAGGGCTTTCTCA-1,2
GGGAATGAGCCCTCAC-1,3
GGGACAGAGTTACTCC-1,2
GGGACCCGTATATCTT-1,1
GGGACTGCATAGATAG-1,2
GGGAGAACTCACAGTA-1,2
GGGAGCGACCGTAGTG-1,2
GGGAGGATGCCCGAAA-1,4
GGGAGTAATGGCTGGC-1,2
GGGAGTTAATGAGGCG-1,2
GGGATCCCAATACAAA-1,3
GGGATGGTCGTAACCG-1,4
GGGATTTACCGCACCT-1,2
GGGCAACCGCACGTGC-1,2
GGGCACGTAGTACTGT-1,2
GGGCAGAGCAATCGTT-1,4
GGGCAGTCAACGCCAA-1,2
GGGCATGCATGTCGAG-1,2
GGGCCATTCGTGCTGG-1,2
GGGCCCGTCTTAAACA-1,4
GGGCCCTACGAAAGGG-1,1
GGGCCGGCCGAAGTAC-1,1
GGGCCTATTTAAGTAT-1,3
GGGCGATATGTGTGAA-1,2
GGGCGCAGCGTTACTC-1,4
GGGCGGGTTCCCTACG-1,4
GGGCGGTCCTATTGTC-1,2
GGGCGTACATTTATAT-1,2
GGGCGTCACCACGTAA-1,4
GGGCGTCCACTGGCTC-1,1
GGGCGTGGTTTCCCAG-1,4
GGGCGTTTACATTCAT-1,2
GGGCTCATCGAACCCA-1,3
GGGCTGCCTAGGGCGA-1,2
GGGCTGGTTAGTCGCG-1,4
GGGTAATGCTGTGTTT-1,2
GGGTACCCACGGTCCT-1,2
GGGTACTTCATGAACT-1,4
GGGTATGTATGCACTT-1,4
GGGTATTCTAGCAAAC-1,2
GGGTCACCGTGACGGT-1,4
GGGTCAGGAGCTAGAT-1,2
GGGTCATGCGTACCAT-1,1
GGGTCCTTGGAAGAAG-1,2
GGGTCGTGGCAAGTGT-1,3
GGGTCTATCGCTTTCC-1,1
GGGTGACACCTTAACT-1,4
GGGTGCATATGAAAGC-1,1
GGGTGGTCCAGCCTGT-1,4
GGGTGTTTCAGCTATG-1,1
GGGTTCAGACGAACAA-1,2
GGGTTTAGGATAGGAT-1,4
GGTAAACTCTGCGCTG-1,2
GGTAAATGTGCGTTAC-1,4
GGTAACCGGGAGGATA-1,2
GGTAACTATGTATCTG-1,2
GGTACAAACATGCTAT-1,4
GGTACACCAGATTTAT-1,3
GGTACATCTGGGACGA-1,1
GGTACCATTAAGACGG-1,1
GGTACGTTGCGGCCGG-1,2
GGTAGAAGACCGCCTG-1,4
GGTAGGCCAATATCAC-1,2
GGTAGTGCTCGCACCA-1,2
GGTATAGTGACACATA-1,4
GGTATTGCCGAGTTTA-1,4
GGTCAAGACTACTTCG-1,1
GGTCACGTTAGATTCA-1,2
GGTCAGTGGGTCCCAC-1,3
GGTCATTGTAGTCATA-1,3
GGTCGGATAAACGGCG-1,3
GGTCGGCCAGGAGCTT-1,2
GGTCGGTAATTAGACA-1,2
GGTCGTAAGCTCGCAC-1,2
GGTCTCCGTCCAGGTT-1,2
GGTCTCTGAATGGACT-1,1
GGTCTGAGAATCTGGA-1,2
GGTCTTGAGCGCTCTT-1,1
GGTGAAACCGGGAATG-1,1
GGTGAACGGGCTAGCC-1,2
GGTGAAGTACAGGGAT-1,4
GGTGAGATGCAGATAA-1,2
GGTGATAAGGAGCAGT-1,2
GGTGATTTCATCTTGT-1,2
GGTGCAGAGCCTATCG-1,3
GGTGCATAAATGATTA-1,2
GGTGCGGATAAGTGGC-1,2
GGTGCTGATCACAAAG-1,1
GGTGCTGGTACACATT-1,4
GGTGGACCACGTGTTA-1,3
GGTGGACTGCTCTGGC-1,2
GGTGTAAATCGATTGT-1,2
GGTGTAGGTAAGTAAA-1,2
GGTGTTCTGTTTCTAC-1,3
GGTTACCACCCTCGGG-1,4
GGTTACCCGACACTTT-1,1
GGTTAGCTATATGTCT-1,1
GGTTAGGCTTGGAGAA-1,4
GGTTAGTTACGGCGCC-1,1
GGTTCCCTAGTGTCTC-1,1
GGTTCGATGCTGAGTT-1,1
GGTTCGCATTTGCCGT-1,2
GGTTCTACTCGTCTGA-1,4
GGTTGTATCGTGAAAT-1,4
GGTTTAATTACCATCG-1,2
GGTTTAATTGAGCAGG-1,3
GGTTTACAATCTCAAT-1,2
GGTTTAGCCTTTCTTG-1,4
GGTTTCAATCGGTCAG-1,3
GGTTTGACAAGAAGCT-1,3
GGTTTGAGTGCTGGAA-1,2
GGTTTGCGAACACGTA-1,3
GGTTTGTGACCTGAGG-1,2
GTAACAACTGACCTTG-1,3
GTAACATCTAAGATAA-1,4
GTAACTGCCCAAGGAG-1,2
GTAACTTGCGGCAGTC-1,2
GTAAGCGGGCAGTCAG-1,2
GTAAGGATTTGTCGGA-1,4
GTAAGTAACAGTCTGG-1,2
GTAAGTAGGGTATACC-1,1
GTAAGTCCACACTCTA-1,1
GTAATAAAGGGCTCCC-1,1
GTACACTTACCTGAAG-1,2
GTACAGAGGCAAGGGT-1,1
GTACGACGGCGCTGCG-1,2
GTACGAGATTGCGACA-1,2
GTACGTCACGTATTAA-1,3
GTACGTTTGCCCGTCA-1,3
GTACTAAGATTTGGAG-1,2
GTACTCCCTTATCGCT-1,4
GTACTCCTGGGTATGC-1,3
GTACTGAGGTCGTAAC-1,2
GTACTGCATGAAGCGT-1,2
GTACTGGAGTTAGACC-1,2
GTACTTGGGCACTTCT-1,2
GTAGAAACGGGTGGAG-1,1
GTAGACAACCGATGAA-1,1
GTAGACACGCCTGACT-1,4
GTAGACGTCGTTACAT-1,2
GTAGAGGGAGACAAGT-1,1
GTAGCCAAACATGGGA-1,3
GTAGCGCTGTTGTAGT-1,1
GTAGCGGCTATACACT-1,2
GTAGCTAGTAAGCGCG-1,1
GTAGCTCCGGGAGGCT-1,2
GTAGCTTCCTCTTGTT-1,3
GTAGGTGATCCGTGTA-1,1
GTAGTCGCGGGAATCA-1,3
GTAGTCTACGATATTG-1,1
GTAGTGAGCAACCTCA-1,2
GTAGTTCGAAGGCGAA-1,2
GTATAATCTCCCGGAT-1,2
GTATAGGACTCAGTAG-1,2
GTATAGTGGCCCATGT-1,3
GTATATGTTACGGCGG-1,2
GTATCAAACGTTAGCT-1,2
GTATCAAGGTACTTCC-1,1
GTATCAGCTTGGGTTC-1,2
GTATCCTTTGGTAACC-1,2
GTATCGGGACGAGCTG-1,2
GTATCTCAGTCTTGAC-1,2
GTATCTCCCTAACTGT-1,4
GTATCTCGGGCGCTTT-1,2
GTATCTTGTTGCTCAC-1,1
GTATCTTTCATAACCA-1,3
GTATGAAATTTCACTC-1,2
GTATGACGTGGGAAAC-1,2
GTATGTGGGTCTAGTT-1,2
GTATTAAGGCGTCTAA-1,2
GTATTAGGGTTCGCGT-1,3
GTATTCTGAGAAACGA-1,4
GTATTCTTACCGTGCT-1,2
GTATTTAATGGCATAA-1,1
GTCAAAGAAGTGGTGT-1,1
GTCAAAGTTTACATAG-1,2
GTCAACCAGGCCTATA-1,2
GTCAAGCGGACTCGGG-1,2
GTCAATGCTATAATTT-1,3
GTCAATTGTACTGAAG-1,1
GTCACAAAGTTTCCAA-1,1
GTCACTCTCCAAATCT-1,2
GTCAGAATAGTCTATG-1,4
GTCAGTTGTGCTCGTT-1,4
GTCAGTTTGGTAGTCG-1,1
GTCATCTCCTACAGCT-1,2
GTCATGCACCTCCGTT-1,2
GTCATGCGCGAGGGCT-1,2
GTCATGGACATGACTA-1,2
GTCATTAGAGCGAACG-1,2
GTCCAATATTTAGCCT-1,2
GTCCAGGCACGTGTGC-1,2
GTCCATTACTGCTACG-1,4
GTCCCAACGTAAAGTA-1,2
GTCCCGCGACGTTATG-1,4
GTCCGGACCTGAAATT-1,2
GTCCGGCTGAATTGCG-1,2
GTCCGGGTTCACATTA-1,2
GTCCTACAGGCGGCTC-1,2
GTCCTACGAATAGTCT-1,2
GTCCTTCTAGTGGGTT-1,1
GTCCTTTAATGACTTC-1,3
GTCGAATTTGGGCGCT-1,2
GTCGCGTAACCCGTTG-1,2
GTCGGAAGGATACCAG-1,3
GTCGGATATCTCAGAC-1,4
GTCGGATGTAGCGCGC-1,1
GTCGGGAAGCAGAAAC-1,4
GTCGGGTGAAGTACCG-1,2
GTCGTACCATCTCGGG-1,3
GTCGTATTGGCGTACA-1,3
GTCGTCAATTATAAGG-1,2
GTCGTCTGGTTGGCTA-1,1
GTCGTGTCTGGTCATC-1,1
GTCTAGTGAGCCGCTT-1,2
GTCTATCTGAGTTTCT-1,4
GTCTATTGCATGCTCG-1,2
GTCTATTGGTTCCGGT-1,1
GTCTCAAGGCCCGGCT-1,4
GTCTCCCGAGTCCCGT-1,2
GTCTCCGCCTCAATAC-1,2
GTCTCCTGCCAGTATG-1,2
GTCTCGACTAAGTTTG-1,3
GTCTCGATCTGCTTTC-1,1
GTCTCGCCAACACGCC-1,4
GTCTGCCGACTCGACG-1,1
GTCTGGGCGGTCGAGA-1,4
GTCTTACCACGCCAAG-1,2
GTCTTAGTACAGCCGG-1,1
GTCTTGAGGAGCAGTG-1,4
GTCTTGTAGCTATTCA-1,1
GTGAAACGGCGCCACC-1,3
GTGAAACGTGCTCCAC-1,2
GTGAACTCCCATTCGA-1,1
GTGAAGATTTCAAGTG-1,3
GTGAAGCCGTATAGTC-1,3
GTGACAGCTTCCCACT-1,2
GTGACCGCACACTACG-1,2
GTGACGAGGGTGACCC-1,4
GTGACGCAGGTTTCAT-1,2
GTGACTTCAGTAGTGC-1,4
GTGAGATAACCTTATA-1,2
GTGAGCGTGCTGCACT-1,4
GTGAGGACACTTAAGG-1,3
GTGAGGAGCGGTTGAG-1,1
GTGAGTCGACTAATAG-1,2
GTGATCAAGCGTGCAC-1,2
GTGATCACTAACGCCT-1,1
GTGATCATAGATCTGC-1,4
GTGATCCTTGTCATGA-1,2
GTGATGCACAACATCT-1,3
GTGATTCGCCGCTCAA-1,4
GTGCAACAAATGTGGC-1,2
GTGCACCAGCTTCAAC-1,2
GTGCACGAAAGTGACT-1,1
GTGCCATCACACGGTG-1,4
GTGCCGCTTCAAAGGT-1,4
GTGCCTCAGTGTACGG-1,3
GTGCCTGAGACCAAAC-1,2
GTGCGAAATCGAACAC-1,4
GTGCGACAGGGAGTGT-1,4
GTGCGCAGCTTGCTCC-1,2
GTGCGGGACCATCGGC-1,1
GTGCGGGTCTCCAAAT-1,2
GTGCGTGTATATGAGC-1,2
GTGCTCAAGTACTGTC-1,4
GTGCTTACATCAGCGC-1,1
GTGGAACCTACATGCG-1,1
GTGGACCAACCCGATT-1,4
GTGGACGCATTTGTCC-1,4
GTGGACGTGCTGAGAC-1,2
GTGGAGCGTTTACCGA-1,2
GTGGCAAACAGCGGCA-1,2
GTGGCCGGTTTCTCGG-1,2
GTGGCGGGCCGTAGCT-1,4
GTGGCGGTCCCAGCGT-1,1
GTGGCTGTTTCTGTTC-1,2
GTGGGAACAAACCGGG-1,2
GTGGGAAGACTGAATC-1,1
GTGGGCTTAGACACAC-1,4
GTGGTCAGCGAAGTAT-1,3
GTGGTTACTTCTTTCG-1,1
GTGGTTTCCGCCTTTC-1,4
GTGTACCTTGGCTACG-1,2
GTGTATATCAGCGGGC-1,4
GTGTATGACTTTAAAG-1,1
GTGTCAGTGTACGTGG-1,2
GTGTCGTATAGCGTTC-1,4
GTGTCGTATTCACCTT-1,3
GTGTGAATAACTTAGG-1,1
GTGTTACTATGCGTCC-1,3
GTTAAAGTAGGACTGG-1,1
GTTAACATCACTTAAA-1,4
GTTAACTATGTTGTCA-1,4
GTTAAGGGTGCGATGT-1,4
GTTAAGTTAGAGTGGG-1,4
GTTACAATTGGTGACG-1,4
GTTACCTACAACTTGC-1,3
GTTACTTTGGGCCTAG-1,4
GTTAGAGTGTGCCGCT-1,4
GTTAGCCCATGACATC-1,2
GTTAGCCGTAAATCAA-1,1
GTTAGGCTACCCGTTT-1,2
GTTATAATACGGTGAA-1,1
GTTATATCAGGAGCCA-1,3
GTTATATTATCTCCCT-1,3
GTTATCAAGCTATCGA-1,2
GTTATCACCTTCTGAA-1,4
GTTATTAAATACGACC-1,1
GTTATTAACGTGGGAG-1,1
GTTCAATCTATGTCAA-1,1
GTTCACAGGAGTCTAG-1,4
GTTCAGTCGCCAAATG-1,2
GTTCATCGTTTGGCTG-1,4
GTTCCAAGACAGCGAC-1,2
GTTCCAGTCTGACCAT-1,2
GTTCCCGTAAACATAT-1,1
GTTCCGTCCGCCTGCA-1,2
GTTCGACAATTGTATA-1,2
GTTCGCCATAAGTGCC-1,4
GTTCGCTGAGACGTCT-1,1
GTTCGGAGCACTCAAC-1,1
GTTCGGATCGGGAACA-1,4
GTTCGGGCGTACCATT-1,4
GTTCGTCTAAAGAACT-1,2
GTTCGTCTGGGTCCCT-1,3
GTTCTTCCCTCGATGT-1,2
GTTCTTGTAACTCAAT-1,2
GTTGAACCGGTTCCAT-1,4
GTTGAGTCCCGCCGGT-1,4
GTTGCACGGAGTTTCG-1,2
GTTGCGCTAACATTAC-1,1
GTTGCGGACGGTCAGG-1,1
GTTGGACCGCATCAGG-1,3
GTTGGATTCAGTGGCT-1,3
GTTGGATTGAGAACAC-1,3
GTTGGATTTGCGTTGG-1,4
GTTGGTCATGCTATCC-1,4
GTTGTAGATTTATGAG-1,2
GTTGTCGTGTTAGTTG-1,2
GTTGTTACATTGCGCT-1,3
GTTTACGTTCCATCTG-1,3
GTTTCAAACGAGTTGT-1,1
GTTTCATATCGTCGCT-1,4
GTTTCCTGGAGGGTGA-1,2
GTTTCTAGAGGCGCGG-1,2
GTTTCTGCAGTCTCCC-1,2
GTTTGACCAAATCCTA-1,2
GTTTGGCCCAAGTTAT-1,2
GTTTGGCCGCTCAGCG-1,2
GTTTGGCGTCAGGCAC-1,1
GTTTGGGCTTGTGAGC-1,3
GTTTGGGTTTCGCCCG-1,2
GTTTGGTGATCGGTGC-1,2
TAAACGTCGTCAATGA-1,2
TAAAGACAACCCTTTA-1,1
TAAAGAGCCCGAAACC-1,2
TAAAGCGGTATTTCCA-1,2
TAAAGCGTTAGGAGAA-1,3
TAAAGCTGCAATAGGG-1,3
TAAAGTGCACGTCTCG-1,2
TAAATCTTTACACCTC-1,3
TAAATGAATCCGTTTC-1,2
TAAATGCCGTCTCATG-1,3
TAAATTGTGGGTAAAG-1,2
TAAATTTAGTAACACC-1,2
TAACAAAGGGAGAAGC-1,2
TAACAATATTTGTTGC-1,1
TAACAGCGTTTGTGCT-1,2
TAACAGGTTCCCTTAG-1,2
TAACATACAATGTGGG-1,2
TAACATACACGCGATC-1,2
TAACCGCCCGCAGTGC-1,2
TAACCTACCGTCCGAG-1,1
TAACCTAGGGAGTCCA-1,1
TAACGCTTTGAGAGCG-1,1
TAACTATCGAAGGTCC-1,2
TAACTATTACGCCAAA-1,1
TAACTCATCCGCGCGG-1,4
TAACTCCATGGAGGCT-1,2
TAACTGAAATACGCCT-1,2
TAAGAGGGACAGGGAC-1,2
TAAGCAGGCGACACGC-1,1
TAAGCCCTTACGACCA-1,3
TAAGCGCGAATCAAAT-1,2
TAAGGAACTTGTGGGA-1,2
TAAGGCAACATAAGAT-1,2
TAAGGCCCGTCACCCT-1,4
TAAGGCTGAATCCCTC-1,4
TAAGGGCCTGTCCGAT-1,2
TAAGGGCTGGGAGAGG-1,1
TAAGTAAATGTGCCGC-1,3
TAAGTAACATCTTGAC-1,4
TAAGTCGCCGAGTATC-1,2
TAAGTTGCGACGTAGG-1,2
TAATAAACAAGGAGAT-1,1
TAATACACAGTAGTAT-1,2
TAATACTAGAACAGAC-1,2
TAATAGAACAGAGTTA-1,1
TAATAGGTCACCAGAA-1,2
TAATAGTGACGACCAG-1,1
TAATATTGAAATTCGC-1,2
TAATCGATCCGTACGT-1,3
TAATGAAAGACCCTTG-1,1
TAATTACGTCAGTAGA-1,2
TAATTAGATGGATATG-1,2
TAATTAGGACATCCGT-1,4
TAATTGCGCTGATTAC-1,2
TAATTGGAATCGGGAA-1,3
TACAACAGCGCATACA-1,2
TACAACGCACAACTCA-1,4
TACAAGCTGTTCACTG-1,4
TACAAGGGCTTCTTTA-1,2
TACAAGTCTCGTGCAT-1,4
TACACAGCCGTGGTGC-1,2
TACACCGTCGTTAGTC-1,3
TACACCTCTTCGAATC-1,2
TACAGAAACGGTGGGC-1,2
TACATAGGCATACACC-1,4
TACATCCCTATCCCTG-1,1
TACATTTCTAACGTGC-1,4
TACCAAATAGCCCAGA-1,4
TACCAATAAAGTACCA-1,4
TACCAGAAGTAGGTTC-1,4
TACCAGCTAGGTTTAA-1,1
TACCAGGAATCCCGTC-1,2
TACCGAATAATTGTAA-1,2
TACCGCGGACTTGCAG-1,3
TACCGGCTCACTGCCC-1,3
TACCGGTCGTTTCCAT-1,4
TACCGTAGGTTAACTA-1,4
TACCGTGCCTCGGACC-1,3
TACCTACTCCCAGTAT-1,4
TACCTCACGCTTGTAC-1,2
TACCTCAGTTGTCTGT-1,2
TACCTCCACACCAATG-1,2
TACCTGCTGCACTGTG-1,4
TACCTTAAGATTTCCC-1,1
TACGAACACGACTTCA-1,1
TACGACGCTTGCTGCG-1,4
TACGACTGCCTCTTAG-1,3
TACGAGAACTTCACGT-1,4
TACGATGTTGATCATC-1,4
TACGCAGTTCTTTCCT-1,4
TACGCCATATTCTAAT-1,4
TACGCCGAGGGTACCC-1,2
TACGCCTCCATTCCGA-1,4
TACGCTATAGAAACCT-1,4
TACGCTCCTAGAACTG-1,2
TACGCTCGGTATTGGA-1,1
TACGCTGCACGGTCGT-1,2
TACGCTGCTGTGTTAA-1,2
TACGGAAGCCAAACCA-1,2
TACGGCATGGACGCTA-1,1
TACGGGATGCTAGCAG-1,1
TACGGGTAATAACATA-1,2
TACGTAAAGCGGAGTG-1,2
TACGTACTAGTGCTGA-1,2
TACGTGCACTATGCTG-1,2
TACGTGGGCCCAGGGC-1,2
TACGTTTACCGGCAAT-1,4
TACTACGTGCAATGCG-1,2
TACTCCTCTAGTTGAC-1,2
TACTCGTTTGAATCAA-1,2
TACTCTCCGAACAAAT-1,1
TACTCTTACTTTACTG-1,4
TACTGCAATCAATTAC-1,3
TACTGGACAGCTCGGC-1,4
TACTGTTTCTCTGGTA-1,1
TACTTAAACATGTACA-1,2
TACTTTACTGAGCCGG-1,3
TACTTTCCGCACGCCA-1,1
TAGAAACCACTAAGTA-1,4
TAGAAAGGTGGCGCTA-1,2
TAGAATAGCCGATGAA-1,2
TAGAATTAAGGGCAAC-1,4
TAGACGAAACGCCAAT-1,4
TAGACGCCCGTACCGG-1,3
TAGACTACCTAGCGTT-1,4
TAGACTCAGTTGGCCT-1,2
TAGAGATCATGCAACT-1,1
TAGAGCTACGAAGAAC-1,2
TAGAGGGAGTTTATCT-1,2
TAGAGGTTCTACTTGT-1,2
TAGAGTCTAAGCGAAC-1,2
TAGAGTGTTCCGGGTA-1,2
TAGATATGGACTGGAA-1,4
TAGATCCGAAGTCGCA-1,4
TAGATGGTTCCTTACT-1,2
TAGATTCAAAGTGCGG-1,2
TAGATTCCTGGTTATT-1,4
TAGATTCTCTAGCAAA-1,2
TAGCAACCTGTCACAA-1,2
TAGCAGATACTTAGGG-1,2
TAGCAGTATGACTAAA-1,2
TAGCCATTTCAAAGTC-1,2
TAGCCGGCGGTCAGCG-1,1
TAGCGTCCCTCGATTG-1,1
TAGCGTCCGGTGTGGT-1,4
TAGCGTTGGGTCTTAC-1,2
TAGCTAAGTCCGGGAG-1,2
TAGCTAGTGATGATGG-1,2
TAGCTCAGATCCTAGT-1,3
TAGCTGATGTGAAGCG-1,1
TAGGAACAGCCTCCAG-1,1
TAGGAGGCTCGAGAAC-1,2
TAGGCATGTTACGCCA-1,1
TAGGCCTATATAGTCT-1,2
TAGGCGATGAGGTCTC-1,2
TAGGCGGCTGCAAAGA-1,2
TAGGCTAAAGTGGCAC-1,2
TAGGGAGCTTGGGATG-1,1
TAGGGTGTTTCAAGAG-1,2
TAGGTCCAAGTAAGGA-1,4
TAGGTCGCCGGAACTG-1,1
TAGGTGACGATAACCT-1,4
TAGGTGAGCCCTACTC-1,4
TAGGTGCTCGCCTAGC-1,2
TAGGTGTTCCACAGAT-1,4
TAGGTTCGAGTTCGTC-1,2
TAGGTTCTGCTGAGAA-1,2
TAGTACCACAACTTTC-1,2
TAGTACCTTAGTGGTC-1,2
TAGTAGCTTATACCAG-1,2
TAGTCCCGGAGACCAC-1,2
TAGTCCGCAGAGAATG-1,4
TAGTCCGTATGCATAA-1,2
TAGTCCTGCACTAAGC-1,2
TAGTCGATCACGGGTT-1,1
TAGTCTAACAACGAGA-1,4
TAGTCTGCGGCACATT-1,2
TAGTCTGTGACGTTGC-1,3
TAGTCTTTCCGAATTG-1,1
TAGTGCCCTCCAGAGT-1,4
TAGTGGAACTCATACA-1,1
TAGTGTCAGAAACGGC-1,2
TAGTTAAGATAGGATA-1,1
TAGTTTATTCTTGCTT-1,2
TATAAATCCACAAGCT-1,2
TATAAGTGAGGATAGC-1,2
TATACACGCAAAGTAT-1,2
TATACCGAGTGCCACA-1,1
TATACGCGTCATCACT-1,4
TATACTCATGCGGCAA-1,2
TATAGAGTCGCTTGAA-1,2
TATAGATGGTCGCAGT-1,4
TATAGGGTACTCATGA-1,4
TATAGTTAGGTGTACT-1,2
TATATAGGGCTTTACG-1,2
TATATATCGAGAAATG-1,2
TATATCAAAGTGATCT-1,2
TATATCCCTGGGAGGA-1,1
TATATTACAAATGTCG-1,3
TATATTCGCGTCGATA-1,4
TATCACAGCACGGGCA-1,4
TATCACCATGTAAAGT-1,3
TATCACCCAACCGACC-1,3
TATCACTTCGAGTAAC-1,3
TATCCAATTGGTTATC-1,4
TATCCATATCATGCGA-1,2
TATCCATCTCGGTTAG-1,2
TATCCGCACCGTCGGG-1,3
TATCCTATCAACTGGT-1,2
TATCCTGCATGGGAAT-1,2
TATCGATCTATGCATA-1,1
TATCGATGATTAAACG-1,2
TATCTACAGAGGTAAT-1,4
TATCTACCACAGCGGG-1,4
TATCTGAGCCGATATT-1,2
TATCTTGCAATACAAC-1,2
TATGAAGAATTAAGGT-1,2
TATGAAGACAGGTGCG-1,4
TATGATAAATCTAACG-1,4
TATGATCCGGCACGCC-1,1
TATGATCTTCTCTTTA-1,2
TATGATTCTGCTTGGT-1,2
TATGCTCCCTACTTAC-1,2
TATGGAGTTTCTCGTT-1,2
TATGGATGTGCTACGC-1,1
TATGGCCCGGCCTCGC-1,4
TATGGGACCGAGCAGG-1,4
TATGGGTACGTATCGT-1,2
TATGGTCTGAGTAACA-1,4
TATGGTTAGTGGGAGA-1,4
TATGTAAAGTGCTTAA-1,2
TATGTCAAGACCGACT-1,1
TATGTCTCATTGTGCC-1,2
TATTAACACCAAAGCA-1,2
TATTACCATCCTGCTT-1,1
TATTATGTTTGCCTGC-1,2
TATTCAATTCTAATCC-1,2
TATTCCGAGCTGTTAT-1,2
TATTCCGGCAGTCCTA-1,4
TATTCCTCCGCCCACT-1,1
TATTCGTGCCAGAATA-1,2
TATTGACATTTCTGCC-1,4
TATTGCCGGGCTTGTA-1,2
TATTTAGTCTAGATCG-1,2
TATTTATACCGAGTAG-1,1
TATTTGATTTGCACAG-1,1
TATTTGTTACCCTTTA-1,1
TCAAACAACCGCGTCG-1,2
TCAAACTTAGATTGTT-1,2
TCAAAGTCACGGCGTC-1,2
TCAAATTGTTGTGCCG-1,2
TCAAATTTGAGACTCA-1,4
TCAACAAAGATAATTC-1,1
TCAACACATTGGGTAA-1,2
TCAACATAGCGCCCTA-1,2
TCAACATCGACCGAGA-1,1
TCAACCATGTTCGGGC-1,1
TCAACGAGGAGACAAA-1,4
TCAACGCAGGAAATAA-1,1
TCAACGCGACCGGCAG-1,4
TCAACTAACGTATAAC-1,4
TCAACTGCAGAGTCAG-1,4
TCAAGAAATACTAGCT-1,4
TCAAGCGCGGACGGTA-1,4
TCAAGGTTACTACACC-1,1
TCAATACGCCGTCATG-1,4
TCAATATACAGGAGGC-1,2
TCAATCCGGGAAGTTT-1,2
TCACAAACCGAGGTAC-1,2
TCACAGATCCTCAAAC-1,2
TCACAGGTTATTGGGC-1,4
TCACATCTTATCTGAT-1,1
TCACCCTCTTAAGATT-1,4
TCACCGCTCGGCACTC-1,3
TCACGATGTCCGTGGA-1,1
TCACGCATTGTAGATC-1,4
TCACGGCCCAAGAGAG-1,2
TCACGGTCATCGCACA-1,2
TCACGTGCCCGATTCA-1,2
TCACTACGACCAATGC-1,3
TCACTATCCCTTCGGT-1,2
TCACTCGTGCAACGGC-1,3
TCAGAACCTCCACAGG-1,1
TCAGAACGGCGGTAAT-1,1
TCAGAGGACGCGTTAG-1,1
TCAGCAAATGCATCTC-1,2
TCAGCAGTAGGCCCTG-1,2
TCAGCCAATCCGTAAA-1,2
TCAGCGCACGCCGTTT-1,2
TCAGGGCGCAAACTCG-1,1
TCAGGGTGCACGAAAC-1,1
TCAGGGTGTAACGTAA-1,2
TCAGGTTCTTTGAGAA-1,4
TCAGTACTGACCCGCG-1,1
TCAGTAGGGACTATAA-1,4
TCAGTGTATACGTCAT-1,2
TCAGTTACGGAATGAT-1,4
TCATACTTACAGATCC-1,2
TCATATGAGCTTTGTT-1,4
TCATCACTCGAGCTCG-1,2
TCATCCCAGAGGGTGG-1,1
TCATCCTCAGCTGCTT-1,2
TCATCGATGGTCCCAA-1,2
TCATGCAGGTTCTCAT-1,1
TCATTCGTATAATTTG-1,3
TCATTTAAGTCTCCGA-1,1
TCATTTAGAAGTGTGA-1,1
TCCAACTCAGCTATCT-1,2
TCCAACTTTAAATTCT-1,4
TCCAAGCCTAGACACA-1,2
TCCAATAAAGGCTACC-1,2
TCCACAATGGTTTACG-1,4
TCCACATCGTATATTG-1,2
TCCACCAAGACATAGG-1,2
TCCACCTCTAGCCTTT-1,1
TCCACTTTATCTAGGT-1,2
TCCAGAGCACCGGTTC-1,2
TCCAGATGTACGCCAA-1,3
TCCAGCGCTATAAGCG-1,1
TCCAGGCAGGACGATC-1,2
TCCAGGCGAGTACGGT-1,2
TCCAGGGTATATACGA-1,4
TCCATCAATACTAATC-1,2
TCCATTAGTTGGATAG-1,2
TCCATTGTGACCTCGT-1,4
TCCCAAACAGACAACG-1,3
TCCCAAAGACGAAGGA-1,2
TCCCAAAGCCCTAAAT-1,4
TCCCACTCTCTTCCGG-1,1
TCCCAGCTTTAGTCTG-1,4
TCCCAGGCTTAGCTAA-1,4
TCCCGCCTATGTGCGT-1,1
TCCCGCGTACTCCTGG-1,2
TCCCGGGTGTGCTGCT-1,4
TCCCGGTCAGGAATTT-1,2
TCCCGTCAGTCCCGCA-1,2
TCCCGTCGCGTCATAG-1,1
TCCCTAGATCAATAGG-1,1
TCCCTCTTCTCAAGGG-1,1
TCCCTGGCGTATTAAC-1,2
TCCCTGGCTCGCTGGA-1,4
TCCCTTAGATTACTCG-1,1
TCCCTTGTCTGAAACT-1,2
TCCGAACTTGGCTTAC-1,1
TCCGAAGTAGTCACCA-1,3
TCCGAATGGTCCTGAG-1,1
TCCGACCGCTAATCAA-1,2
TCCGAGAAGGCTAAGC-1,1
TCCGATAATTGCCATA-1,2
TCCGATGACTGAGCTC-1,1
TCCGATGGTGCGACAT-1,2
TCCGATTACATTGCCG-1,4
TCCGCCTGTCTACAAG-1,4
TCCGCGGCAGCATCTG-1,2
TCCGCGGCCCAATGAA-1,2
TCCGCTGTCATCCCGG-1,1
TCCGGAGGAAGGGCTG-1,3
TCCGGCCTAGCGTACA-1,3
TCCGGCCTGCATCGAT-1,1
TCCGGGCTTGACGGGA-1,2
TCCGTAACCACAATCC-1,2
TCCGTTAAGCTAATAT-1,2
TCCGTTTAGCCTTGAA-1,2
TCCTAAAGATTCAGAC-1,2
TCCTAAATTGGGAAGC-1,4
TCCTAACCGTCGGGCA-1,2
TCCTAGCAAAGAAGCT-1,4
TCCTATCATAGGTAAC-1,1
TCCTCCTAAGACATTC-1,1
TCCTCGGGCTGGGCTT-1,2
TCCTCTACGAGATGGC-1,1
TCCTCTCCAGTTGTCC-1,4
TCCTCTGGCCCATTAG-1,1
TCCTGCCAACTGGAGA-1,1
TCCTGCGTTGATACTC-1,4
TCCTGGCGCTGCCTGG-1,3
TCCTTACGACGGTCCG-1,1
TCCTTCAGTGGTCGAA-1,1
TCCTTGTCCTTTAATT-1,2
TCCTTTAAATCCGCTT-1,2
TCCTTTCTTACGCTTA-1,2
TCGAAATTTAGGACCA-1,2
TCGAAGAACCGAGCAC-1,4
TCGAATATCCCGCAGG-1,2
TCGACAACTGAACCCG-1,2
TCGACTGACGATGGCT-1,2
TCGAGACCAACACCGT-1,4
TCGAGCCAGGCAGGCC-1,2
TCGAGGGCAACAGACG-1,1
TCGATAGGCTAGTCGC-1,2
TCGCACCAGGAGGCAG-1,1
TCGCATAAAGGGCGCA-1,1
TCGCATCCCTAAGTGT-1,2
TCGCATTCAATGACTT-1,2
TCGCCCAACTGACTCC-1,3
TCGCCGAAGTTGCGTC-1,4
TCGCCGACATATTCGC-1,2
TCGCCGGTCGATCCGT-1,2
TCGCCTCCTTCGGCTC-1,1
TCGCGCGTTTACATGA-1,1
TCGCGTAGCAGTGTCC-1,2
TCGCGTCCAGAAGGTC-1,4
TCGCTAAACCGCTATC-1,1
TCGCTACTGGCTTTGA-1,2
TCGCTCGATATATTCC-1,1
TCGCTCGGCACCAGCG-1,3
TCGCTGCCAATGCTGT-1,2
TCGCTGGGCGGATTGT-1,2
TCGCTGTGCGTAAATC-1,2
TCGCTTAATTACGAAG-1,3
TCGCTTTAAACGTTTG-1,1
TCGGAATGACCATCAA-1,4
TCGGAATGCGCTCTGA-1,4
TCGGACGCCCAGCCCA-1,2
TCGGAGAGTATCGGGA-1,1
TCGGAGTACATGAGTA-1,2
TCGGCGAACCCAAACC-1,1
TCGGCGTACTGCACAA-1,2
TCGGCTAACTTCCCTT-1,4
TCGGCTTGTATCGACG-1,2
TCGGGAACGTGCCTAG-1,1
TCGGGAGACAGCGTAC-1,4
TCGGGATTCAAACATA-1,1
TCGGGCCGTCGTGGTA-1,2
TCGGGTGAAACTGCTA-1,2
TCGGTCCCGACAATAG-1,2
TCGGTCCCTGACTCCA-1,1
TCGGTGACCGCTCCGG-1,3
TCGGTTAGCCATGTAG-1,3
TCGTAAGACGACATTG-1,2
TCGTAAGCTCCGAGGA-1,3
TCGTACCGACGTCAAG-1,2
TCGTATAGTGCAATTA-1,2
TCGTATTACCCATTGC-1,4
TCGTATTTCGTCCGGA-1,4
TCGTCAAGTACGCGCA-1,2
TCGTCACACTGTTAGC-1,1
TCGTCCGCTGGCGTCT-1,2
TCGTCCGGGTACACTC-1,3
TCGTCTTAGGCGTTAA-1,2
TCGTGTATTGGTCACG-1,1
TCGTGTCACGCTGACA-1,1
TCGTGTTCGACCACAA-1,4
TCGTTCGTTATTATGT-1,1
TCGTTGGCTCGTCAAT-1,2
TCGTTTACGCGACCCT-1,2
TCTAAAGAACAGTCTC-1,2
TCTAACCTAGCCTGCG-1,2
TCTAATACTGCCTCAG-1,2
TCTACACGTTCATGCA-1,3
TCTACCCAATAGAGAG-1,4
TCTACCCGCATCATTT-1,2
TCTACCGTCCACAAGC-1,2
TCTACGGGCTCAGTTG-1,3
TCTAGCAATCTCCGCC-1,4
TCTAGCATCTTCGATG-1,2
TCTAGCATGCCCAGAA-1,3
TCTAGGTGGCGACGCT-1,3
TCTAGTGATATCGTGG-1,4
TCTAGTTATCAGAAGA-1,4
TCTATAGGTGGGTAAT-1,2
TCTATCATGCAGTTAC-1,2
TCTATCCGATTGCACA-1,1
TCTATCGGTCGCAACA-1,2
TCTATGCTATAACGAC-1,2
TCTATTACGCTGGCGA-1,2
TCTATTACTAGAGGAT-1,1
TCTCAAATCAATCGGG-1,2
TCTCAGGCTACTCGCT-1,2
TCTCATGAGATAGGGT-1,1
TCTCCAACGTAGGTTA-1,1
TCTCCACAAGTTGAAT-1,2
TCTCCCTGGGCAGCGT-1,4
TCTCGAACGAGGTCAC-1,3
TCTCGACGTATCGCCG-1,1
TCTCGAGGAGGTTCGC-1,1
TCTCGGCTCCAGGACT-1,2
TCTCTAATAGCTGGTA-1,2
TCTCTCGCCGCACATA-1,1
TCTCTTACCGCGAACC-1,2
TCTGAACCGGTCGGCT-1,2
TCTGAACTCGTACCCG-1,1
TCTGAAGCACGTGGTC-1,4
TCTGAATTCCGTACAA-1,3
TCTGACGGGCTAACCC-1,1
TCTGACTGTAATGGTT-1,2
TCTGAGCAATTGACTG-1,1
TCTGATCGGGTGCTAG-1,4
TCTGATGTATTCTGTC-1,1
TCTGCATACCTTGCTT-1,2
TCTGCCAGAAACTGCA-1,2
TCTGCGAATCGTTCGC-1,3
TCTGCGTCCGGTTTCT-1,2
TCTGGGAACCTTTGAA-1,4
TCTGGGTAGCGCTCAT-1,4
TCTGTCATACAAGAGC-1,2
TCTGTGATGGAGGTTG-1,3
TCTGTGCCATCATAGT-1,2
TCTGTTACCCAGCATA-1,1
TCTTACAGAGGTACCG-1,2
TCTTACCGGAACTCGT-1,1
TCTTACGGCATCCGAC-1,1
TCTTACTTATGCCTCT-1,1
TCTTAGAGCTCCAATT-1,4
TCTTAGAGTGAACTCT-1,4
TCTTATGGGTAGTACC-1,1
TCTTCCCATGGGCACA-1,3
TCTTCGAATAGACGTT-1,2
TCTTCGATACCAATAA-1,2
TCTTCGCGGTGAGAGG-1,4
TCTTCTATAACCCGCC-1,1
TCTTGATGCGTAGCGA-1,2
TCTTGCTCCCGATACT-1,1
TCTTGGTAACACCAAA-1,1
TCTTTAAGACTATGAA-1,1
TCTTTAGAGTCTAACA-1,1
TCTTTAGCAGGCGAAC-1,4
TCTTTCTCTTAAGGAG-1,4
TGAAACTTATGCAAGC-1,4
TGAAAGGACCTGACTC-1,2
TGAACAAGCAGGGACT-1,2
TGAATACCGACGCGTA-1,2
TGAATATGCTATAAAC-1,3
TGAATGAGTGTTTCCC-1,2
TGAATGTCAGCCGGCC-1,1
TGACACTTCTCTTTGC-1,3
TGACATCGAGCGGACC-1,4
TGACATGTAACGTGAC-1,1
TGACCAAATCTTAAAC-1,1
TGACCAGCTTCAAAGT-1,3
TGACCCACGTTAGACA-1,4
TGACGAATATTTCCCT-1,1
TGACGATGCACTAGAA-1,1
TGACTATAATCCTTTC-1,3
TGACTCCGAATCATAC-1,2
TGAGAATGCTTTACCG-1,2
TGAGAGATTTACCACG-1,2
TGAGATCAAATACTCA-1,4
TGAGATTAGGCCCTAA-1,3
TGAGCAGTCGTGAAGT-1,1
TGAGCCATACAGTCTC-1,4
TGAGCGGAAAGTGTTC-1,4
TGAGCTTTAATGACGC-1,1
TGAGGAGTGCCAGCTT-1,4
TGAGGTGTGTGGCGGA-1,2
TGAGTAAATTAGCGTA-1,3
TGAGTGCCTCTTAAAT-1,4
TGAGTGGTCCGTGACG-1,2
TGAGTGTAACAACGGG-1,2
TGAGTTAAAGACATTC-1,1
TGATAGCGGGATTCTA-1,1
TGATCACCACACTGAC-1,2
TGATCAGGGAACTGCT-1,1
TGATCCCAGCATTAGT-1,1
TGATCGGTTTGACCCT-1,2
TGATCTACGCTGATCT-1,3
TGATCTATCACACTCT-1,2
TGATCTCCGGCGCCAG-1,2
TGATGGCTGTTTCTGA-1,1
TGATGTCAATTAAGTG-1,1
TGATTATGGCACGCAG-1,3
TGATTCCCGGTTACCT-1,2
TGATTCGTCTATCACT-1,4
TGATTCTGTCGCCGGT-1,4
TGATTTATTAGCTGTG-1,4
TGATTTCCTCCTGACG-1,2
TGCAAAGTTCGTCTGT-1,2
TGCAACCCATCTGCGG-1,2
TGCAACTACTGGTTGA-1,2
TGCAAGAATGACGTAA-1,2
TGCAATCTAACACGGT-1,2
TGCAATTTGGGCACGG-1,3
TGCACAGTGAAGTTAT-1,3
TGCACGAGTCGGCAGC-1,4
TGCAGAACTATATCGT-1,1
TGCAGAGTACCGAGCA-1,4
TGCAGATCGTCCTAGG-1,1
TGCAGCTACGTACTTC-1,1
TGCAGGATCGGCAAAG-1,2
TGCAGTGAGGCTCGGG-1,3
TGCAGTGGTAGGGAAC-1,2
TGCAGTTTCCTCCCAT-1,2
TGCATATGTCTGTCAC-1,3
TGCATGGATCGGATCT-1,2
TGCATGTGACCCATAG-1,2
TGCATGTGGTAATCTA-1,2
TGCCAAAGTCAGACTT-1,1
TGCCACCTGGCGAAAC-1,1
TGCCAGTACGTGGAGA-1,3
TGCCATTACTAAAGAA-1,1
TGCCCGATAGTTAGAA-1,2
TGCCGAAAGCGTATTC-1,4
TGCCGGATGTACGAGC-1,2
TGCCGTGGATCGTCCT-1,4
TGCCGTGGGACCCAAT-1,1
TGCCTAATTGAAGATT-1,1
TGCCTGACATCGGTCA-1,2
TGCCTGATCAAACGAT-1,2
TGCCTTGGCCAGGCAA-1,1
TGCGAATATGGGATTT-1,1
TGCGACACCCTAGTGC-1,4
TGCGACGGCCGAACGT-1,2
TGCGAGAATATTACCC-1,1
TGCGAGATGGCGGCCA-1,3
TGCGAGCCCTTCCGCG-1,3
TGCGCAAAGCATTTGG-1,2
TGCGCGATTAACGGAG-1,2
TGCGGACTTGACTCCG-1,2
TGCGGAGTAAAGGTGC-1,2
TGCGGCATAGTTCAAC-1,2
TGCGGGTATTGGGATC-1,4
TGCGGTGAAATTTCAT-1,1
TGCGTAAGAACCTGAT-1,4
TGCGTACGGCTAATTG-1,2
TGCGTCATGACTGAGC-1,2
TGCGTGATTGGGTGTC-1,2
TGCGTTTGTTGACACT-1,2
TGCTAAGTGTCTATTT-1,2
TGCTATACAAACGGAC-1,4
TGCTATGGCAAAGGGA-1,2
TGCTCCACAGTTCTTA-1,1
TGCTCGGCGAAACCCA-1,4
TGCTCGGTGGGTCACC-1,2
TGCTCTTGAGAGTTTG-1,1
TGCTGGTTGGACAATT-1,2
TGCTGTTGAAGAACTC-1,2
TGCTTAGAGAGAATGC-1,2
TGCTTCCCAAGCAGTA-1,4
TGCTTGAAACCATGCA-1,2
TGGAAACGGAGTGAAC-1,2
TGGAACCACTGACACA-1,3
TGGAAGAAGGGAACGT-1,4
TGGAAGACGAACACCA-1,2
TGGAAGGATAAAGATG-1,2
TGGAATATCCTTGACC-1,3
TGGAATTAGACGCTTT-1,1
TGGACCAATCTAAGAT-1,4
TGGACCACGGCGTTGA-1,2
TGGACGCAATCCAGCC-1,2
TGGACTGTTCGCTCAA-1,2
TGGAGAATAATCGTCC-1,2
TGGAGCTAAAGTTCCC-1,4
TGGAGGGAAACACCTC-1,3
TGGAGTGATGCGATGA-1,4
TGGATAGAGTAACAGA-1,2
TGGCAAACTAAATTAC-1,3
TGGCAACTCGCGCGCC-1,1
TGGCAAGCACAAGTCG-1,2
TGGCAATGGGACGGCG-1,1
TGGCACGAGCTCGAGT-1,3
TGGCAGATTACGATCA-1,4
TGGCAGCAGTAATAGT-1,4
TGGCATGAAGTTTGGG-1,2
TGGCCAAACTGAAGTA-1,2
TGGCCAATTTGGTACT-1,2
TGGCCGTATATTGACC-1,2
TGGCGGTGTGCGATTG-1,2
TGGCTACACTCTACCT-1,2
TGGCTATGTGACATAC-1,4
TGGCTCTTGTCGCGTA-1,1
TGGCTTGTACAAGCTT-1,3
TGGCTTTGGGTAGACA-1,2
TGGGAAATGCCTTTCC-1,2
TGGGATGCACTCATTC-1,3
TGGGCAATAGTTGGGT-1,1
TGGGCACAAACAGAAC-1,2
TGGGCACGTTCTATGG-1,1
TGGGCAGGCCACCGCA-1,1
TGGGCCACAAGAGCGC-1,2
TGGGCCCATACTAATT-1,1
TGGGCGATACAATAAG-1,1
TGGGTAAGGTTCCCGC-1,1
TGGGTGCACAAGCCAT-1,2
TGGGTGGGATGTCATT-1,3
TGGGTGTAATAGATTT-1,2
TGGGTGTTAAGTAGAA-1,1
TGGGTTTCGGGCGTAC-1,2
TGGTAAGCAGGATTGA-1,1
TGGTAGAATATATGGG-1,1
TGGTATCGCATCCCAA-1,4
TGGTATCGGTCTGTAT-1,4
TGGTCCCACGCTACGG-1,4
TGGTCTGTTGGGCGTA-1,4
TGGTGATCGTATTTGT-1,1
TGGTGCCCTGCCTTAC-1,2
TGGTTAAGGGCGCTGG-1,3
TGGTTCAACGGGTAAT-1,3
TGGTTCGTAGCAAAGG-1,2
TGGTTGGAGGATCCTG-1,1
TGGTTTAAACGTGGGT-1,3
TGTACCCGACCCTAAT-1,2
TGTACCTACACGAGGG-1,2
TGTACGAACAAATCCG-1,4
TGTACTACTCTCACGG-1,3
TGTACTTCCGGGCATG-1,2
TGTAGCCAATTCCGTT-1,2
TGTAGCCATCCCATTC-1,1
TGTAGGAGAAATTTCC-1,3
TGTAGTGATCTATAAT-1,4
TGTATAACAGATCCTG-1,2
TGTATCAGACTGAAGC-1,3
TGTATCCTTATTCCAT-1,2
TGTATGGCGCAGACAG-1,1
TGTATTTACCTAATGC-1,3
TGTCATTTGTTGGGAA-1,3
TGTCCACGGCTCAACT-1,2
TGTCCCGACATAGCAC-1,2
TGTCCGCAAACAATTC-1,2
TGTCCGTGGCGCCTTT-1,1
TGTCCTAAGTCACCGC-1,4
TGTCGGCATGGTGGAA-1,2
TGTCGTGGGTATAGGC-1,2
TGTCGTTATCACATAT-1,2
TGTCTACAGTTTCTGT-1,2
TGTGACTACGCCAGTC-1,2
TGTGACTAGAGTTTGC-1,2
TGTGAGACTAGCCCAA-1,4
TGTGCCGGTGCCGGAA-1,2
TGTGCTTTACGTAAGA-1,1
TGTGGAGGAAGCTTAA-1,4
TGTGGCAAAGCGTATG-1,2
TGTGGCGGGCTTCTGG-1,4
TGTGGCTCCCACCAAC-1,1
TGTGGTTGCTAAAGCT-1,2
TGTGTAGTAGCACGTG-1,4
TGTGTCGCGAGTTGCA-1,2
TGTGTTCGTATCCAAG-1,4
TGTTATTGTATGTGGC-1,2
TGTTCCGCTTCCATGA-1,4
TGTTCCGGCCTGAGCT-1,2
TGTTCTCTACTCCCTA-1,3
TGTTCTTCCATTGACT-1,4
TGTTGTCAAGAAGTCT-1,1
TGTTTAATACTTCATC-1,4
TGTTTCGGTACTTCTC-1,2
TGTTTGAGATCGTCAG-1,1
TTAAACAGAGTCCCGC-1,2
TTAAACCGGTAGCGAC-1,2
TTAAACCTGGTTCCTT-1,1
TTAAACTCGAATTCAT-1,3
TTAAAGGCGATGCTCG-1,2
TTAAAGTAAGTCGCCA-1,2
TTAACACCTCGAACAT-1,1
TTAACCAACCCTCCCT-1,2
TTAACGAACAAGCAGT-1,3
TTAACGTCGCAAGACC-1,2
TTAACTCACGCGTGGA-1,1
TTAACTTCAGGTAGGA-1,1
TTAAGACGAACGAACC-1,3
TTAAGATAGGATTGAC-1,4
TTAAGCCGACAACTTC-1,1
TTAAGCGCCTGACCCA-1,4
TTAAGGATACGGAGGT-1,2
TTAAGGCCCGTACTTT-1,2
TTAAGTATTGTTATCC-1,2
TTAATCAGTACGTCAG-1,1
TTAATGCGAGGTAACT-1,4
TTAATGTAGACCAGGT-1,2
TTAATTGCTTTGGGTG-1,4
TTAATTTCAGACGCGG-1,1
TTACAACTACGCATCC-1,2
TTACACGATCTGCGAC-1,1
TTACAGACCTAAATGA-1,3
TTACATCGTGGCCTGG-1,2
TTACATGCCACAACTA-1,4
TTACCATTGATTACCC-1,4
TTACCCATTGCCGGGT-1,1
TTACCCTAACAGTCCT-1,1
TTACCCTAGGGATTGG-1,4
TTACCGCCTTAGGGAA-1,2
TTACGGATGGTTCGAG-1,3
TTACGGTGTCACCGAG-1,1
TTACGTATCTATGACA-1,1
TTACTAAAGGACTTTA-1,3
TTACTCCGGCCGGGAA-1,2
TTACTCTGGTACGTAC-1,4
TTACTGGGATATTTCA-1,4
TTACTGTCTAGAGCTC-1,3
TTACTGTTTCTCTACG-1,4
TTAGAAGAACATGACT-1,3
TTAGAATAAGGGTCGG-1,2
TTAGACACGATCGTTG-1,1
TTAGACGAGTCACCTC-1,3
TTAGAGTTTAGAAGGA-1,1
TTAGATAGGTCGATAC-1,2
TTAGCAACATGGATGT-1,2
TTAGCTAATACGATCT-1,3
TTAGCTGATTTGCCGT-1,2
TTAGGTCATAACCGAC-1,2
TTAGTAAACCTGCTCT-1,2
TTAGTAGGGCGGCGGG-1,4
TTAGTTATTCGTGGCA-1,1
TTAGTTCAAGTGTTCG-1,3
TTATAGATGCACATTA-1,1
TTATAGGTAATTGTCT-1,4
TTATAGTCCAAGGTGC-1,3
TTATATACGCTGTCAC-1,2
TTATATTTGGCAATCC-1,2
TTATCCAATCGAACTC-1,2
TTATCCGGGATCTATA-1,2
TTATCCTCAAGGAATA-1,2
TTATCGCCTGCGAAGC-1,1
TTATCTGTATCATAAC-1,2
TTATGAATGAAAGGGA-1,2
TTATGACAAACTGGAT-1,1
TTATGATCTTAACGAA-1,1
TTATGCGTCCCGGTCC-1,2
TTATGTTTGCGATAGA-1,1
TTATTAGGGAAGCATC-1,2
TTCAAAGTCTCTAGCC-1,2
TTCAACGACCCGACCG-1,2
TTCAAGCCGAGCTGAG-1,1
TTCAATTAGCCATAAT-1,4
TTCACGAAAGGATCAC-1,4
TTCACTCGAGCACCTA-1,4
TTCACTTCCTAGAACG-1,2
TTCAGAGTAACCTGAC-1,2
TTCAGCCCTGGTCCAC-1,1
TTCAGCTGGCGTGCCC-1,2
TTCAGGCGTCAAAGCC-1,1
TTCAGTTCAAGAGGAG-1,2
TTCATAGCCTTGTAAC-1,2
TTCATGGCGCAACAGG-1,1
TTCCAATCAGAGCTAG-1,3
TTCCAATCTGGCTATC-1,4
TTCCAGACGAGATTTA-1,4
TTCCATCATGCGGTGA-1,3
TTCCATCGACAGCGTG-1,1
TTCCCGGCGCCAATAG-1,2
TTCCGCAGAGAAATAT-1,3
TTCCGCGTGAGGCGAT-1,3
TTCCGGCTCGACTTCT-1,3
TTCCGGTATCTGTGTC-1,4
TTCCGGTTACCCACTT-1,2
TTCCTCGAGGGTGTCT-1,2
TTCCTCGGACTAACCA-1,1
TTCCTTTCTGTGTTGC-1,2
TTCGACAGAGCCCGTG-1,3
TTCGACGGGAAGGGCG-1,2
TTCGAGCCGGCGCTAC-1,3
TTCGCACTCGCGTGCT-1,2
TTCGCACTGTACGACA-1,4
TTCGCATCCGGAAGCA-1,2
TTCGCGCGCCATACGA-1,2
TTCGCTAGGAAGTTGT-1,1
TTCGCTATCTGACGTG-1,3
TTCGGACTGATGCCTT-1,3
TTCGGCAACCCGCTGA-1,1
TTCGGCTAGAGATGGT-1,2
TTCGGGACTAATCGCG-1,2
TTCGGGTTGCCACGGG-1,4
TTCGGTACTGTAGAGG-1,1
TTCGTAATCCCAGCGG-1,1
TTCGTACTCCAGAACG-1,4
TTCGTTCAACGAAGTT-1,3
TTCTAACCGAAGCTTA-1,3
TTCTACCTCAATCGGT-1,2
TTCTACCTTTATGTTG-1,1
TTCTACTTGCGAGGGC-1,2
TTCTAGAAAGTCTTAT-1,2
TTCTAGGCCAATTGTG-1,2
TTCTATGCCTTTCGCA-1,1
TTCTATTAAACGCAGC-1,2
TTCTCAATTGCTACAA-1,2
TTCTGACCGGGCTCAA-1,2
TTCTGCCGCGCCTAGA-1,3
TTCTGCGGGTTAGCGG-1,2
TTCTGCTAGACTCCAA-1,1
TTCTTAGTGAACGGTG-1,2
TTCTTAGTGGCTCAGA-1,2
TTCTTATCCGCTGGGT-1,1
TTCTTCCCTTTGATAT-1,4
TTCTTGAGCCGCGCTA-1,4
TTCTTGCTAGCATCTC-1,4
TTCTTGGACGATCTGC-1,1
TTCTTGGAGTAATGAG-1,1
TTCTTGTAACCTAATG-1,2
TTCTTTGGTCGCGACG-1,3
TTGAAAGGTGTAAAGG-1,3
TTGAACGAATCCTTTG-1,2
TTGAACGACGTGCTGA-1,2
TTGAAGAATTCCCAGG-1,4
TTGAAGGATGGGCGCC-1,2
TTGAATATGGACTTTC-1,2
TTGAATCGTTGTATAA-1,2
TTGAATTCACGTGAGG-1,4
TTGACAGGAGCTCCCG-1,1
TTGACATGAACGTGGA-1,4
TTGACCAGGAACAACT-1,2
TTGACCATGTTCTCCG-1,1
TTGACCGTGTTAATGA-1,1
TTGACGATTCAGCACG-1,2
TTGACGCTCCATGAGC-1,4
TTGACTACCATATGGT-1,4
TTGACTATTGTCCGGC-1,1
TTGAGAAGTTTAGCAT-1,2
TTGAGAGTACTGCTAA-1,4
TTGAGCAGCCCACGGT-1,1
TTGAGCGCCACGTGAT-1,4
TTGAGGCATTTAACTC-1,3
TTGAGTCCCGCTGCTG-1,4
TTGATAGTCAATACAT-1,1
TTGATCTAACTTTGTC-1,2
TTGATGCCGCTCGTCG-1,2
TTGATGTGTAGTCCCG-1,3
TTGATTAGCTGTTTCT-1,4
TTGATTATGCAGATGA-1,1
TTGCAAGAAGACTCCT-1,2
TTGCACAATTCAGAAA-1,4
TTGCACGGAGCAGCAC-1,2
TTGCATGCTGATCACG-1,4
TTGCCAAGCAGAACCC-1,1
TTGCCATAGCCCGCTC-1,1
TTGCCCTGATCACGGG-1,4
TTGCCGCAGACCTACA-1,2
TTGCCGCTTTCTAGTA-1,4
TTGCCGGTGATCCCTC-1,3
TTGCCTAATCCAAAGT-1,2
TTGCCTTCTCGCCGGG-1,2
TTGCGCACAACCACGT-1,1
TTGCGCTTGATCAATA-1,2
TTGCGGCGACTCATGC-1,4
TTGCGTAGTTTGAGGA-1,1
TTGCGTGAACGCTTAG-1,3
TTGCGTGTGTAGGCAT-1,2
TTGCTCATAGTACGTG-1,2
TTGCTCCCATACCGGA-1,2
TTGCTGAAGGAACCAC-1,2
TTGCTGATCATGTTCG-1,1
TTGCTGCACCTATCCA-1,1
TTGCTGGCCGGGCTTC-1,4
TTGGAAGAATACAGTC-1,1
TTGGACATGTGGCTTA-1,4
TTGGACCATCTGGCAA-1,1
TTGGACCTATAACAGT-1,2
TTGGAGTCTCCCTTCT-1,2
TTGGATATCGTCTACG-1,4
TTGGATCGACTTCTGG-1,1
TTGGATTGGGTACCAC-1,2
TTGGCCAAATTGTATC-1,2
TTGGCCATCTTGCGCT-1,2
TTGGCCTAGAATTTCG-1,1
TTGGCGATCCGAATAT-1,4
TTGGCTCAATATGTGT-1,1
TTGGCTCGCATGAGAC-1,2
TTGGGAAGACGAGCCG-1,1
TTGGGACACTGCCCGC-1,2
TTGGGACGTAAGAGTT-1,1
TTGGGCGGCGGTTGCC-1,2
TTGGTATGGCTTGTGT-1,4
TTGGTCACACTCGTAA-1,4
TTGGTTGCGGTGCGCG-1,1
TTGTAAGGACCTAAGT-1,4
TTGTAAGGCCAGTTGG-1,2
TTGTAATCCGTACTCG-1,4
TTGTATCACACAGAAT-1,1
TTGTCGTTCAGTTACC-1,2
TTGTGAACCTAATCCG-1,2
TTGTGAGGCATGACGC-1,1
TTGTGATCTGTTCAGT-1,2
TTGTGCAGCCACGTCA-1,4
TTGTGGCCCTGACAGT-1,2
TTGTGGTAGGAGGGAT-1,1
TTGTGGTGGTACTAAG-1,2
TTGTGTATGCCACCAA-1,4
TTGTTAGCAAATTCGA-1,2
TTGTTCAGTGTGCTAC-1,2
TTGTTGTGTGTCAAGA-1,2
TTGTTTCACATCCAGG-1,2
TTGTTTCATTAGTCTA-1,2
TTGTTTCCATACAACT-1,1
TTGTTTGTGTAAATTC-1,1
