"","x"
"CACGATTGGTCGTTAA-1",3
"GGTTGTATCGTGAAAT-1",3
"TCTTATGGGTAGTACC-1",3
"TACAAGCTGTTCACTG-1",3
"GTATCTTGTTGCTCAC-1",3
"ATACCAGGTGAGCGAT-1",3
"CCTAAACAGGGTCCGT-1",3
"ATGGTGCTCAAAGCCA-1",3
"CAAATGCGGAGTGTTC-1",3
"CGTGCCCGACATTTGT-1",3
"GTATCTCCCTAACTGT-1",3
"ATTTGCCTAGTTACGA-1",1
"ACGTCCTAAACGAGAT-1",3
"CTGGGATCGCCCAGAT-1",3
"CTGCAAATGGGCTCCA-1",3
"CATTATAACAGGGTCC-1",3
"ACCTTTCCTTTAGAAG-1",3
"ATAGATTTGCAGTCGG-1",3
"CTCGGGCATCGTCGGG-1",3
"GTGGCGGGCCGTAGCT-1",3
"CAACAGTGCCAAACGG-1",3
"TGCGGGTATTGGGATC-1",3
"GTCTCGCCAACACGCC-1",3
"AGAGGTATCTCGGTCC-1",3
"GGCGTACCCTATATAA-1",3
"GCCGGAAACACATCTT-1",3
"AAATGTGGGTGCTCCT-1",3
"ACCAGGAGTGTGATCT-1",3
"TGTGGAGGAAGCTTAA-1",3
"AAGGAGAACTTATAAG-1",3
"CCCTCGGGAGCCTTGT-1",3
"ACTGTTTAGTGTAGGC-1",3
"CGTCAGTTTATCGTCT-1",3
"GCGTGTATGTCGTATT-1",3
"ACAATCGATCTTTATA-1",3
"CAGCCCTCACAGGCAG-1",3
"CGCGTCATATTAAACC-1",3
"GAAGACTTCAATGCCG-1",3
"TTGCGGCGACTCATGC-1",3
"ACCAAACTAGAAATCC-1",3
"TTACTGTTTCTCTACG-1",3
"GACCAGGTCATTCATA-1",3
"TTCTTCCCTTTGATAT-1",3
"ACGCCCAGCTGTCGAT-1",3
"AGTAGCGTGAACGAAC-1",3
"CCTCGACCCACTGCCT-1",3
"TCAGTTACGGAATGAT-1",3
"TCGGCTAACTTCCCTT-1",3
"ATATCGTGCCAGACCC-1",3
"GTAGCTAGTAAGCGCG-1",3
"ACGCTTAGTGTCTCTC-1",3
"TCCGGCCTGCATCGAT-1",3
"TAGTGGAACTCATACA-1",3
"ATCATCTGCCCAGTGT-1",3
"GTTATTAAATACGACC-1",3
"CCTGACGCAACCTTTA-1",3
"GTATCGGGACGAGCTG-1",3
"CATACGGGTGCATGAT-1",3
"CCACTAAACTGAATCG-1",3
"AAATTGCGGCGGTTCT-1",3
"AGTCCAGCGGGTACGT-1",3
"CATTCAGGTCAGTGCG-1",3
"CTAAAGTCCGAAGCTA-1",3
"AATCAGACTGCAGGAC-1",3
"AGTATCCATAATAACG-1",3
"CTGGCTGCTAACGTAA-1",3
"GTTCCAAGACAGCGAC-1",3
"AAGACTAACCCGTTGT-1",3
"GATTAATCCTGGCTCA-1",3
"CGCGCAAGGAACTACA-1",3
"CAGTAGCGAGGTAGTA-1",3
"ACGGCGGGTTGCCCTG-1",3
"CTAGGCGGCAGAGAAT-1",3
"GTGCGCAGCTTGCTCC-1",3
"TATGATTCTGCTTGGT-1",3
"TTACGGTGTCACCGAG-1",3
"TGAGCAGTCGTGAAGT-1",3
"GTGTATGACTTTAAAG-1",3
"GTCAATTGTACTGAAG-1",3
"AGCTTATAGAGACCTG-1",3
"AACTTTAGCTGCTGAG-1",3
"CCCAAGACAGAGTATG-1",3
"GGCATCAACGAGCACG-1",3
"ATGCATTCCGTGATGG-1",3
"TTATAGATGCACATTA-1",3
"GAACCATCTGGGAGAC-1",3
"TGCTATACAAACGGAC-1",3
"ACTTGCCATATTGTAC-1",3
"TATTCCGGCAGTCCTA-1",3
"GACGGACCGCGTTCCT-1",3
"ATGTGTAGTTTAGTCA-1",3
"ATACCAGCAAATTGCT-1",3
"AAGTTTACTAATGGCA-1",3
"CTCTCGATGTGCGCCT-1",3
"GATTGACACTCTGCTC-1",3
"TATCACAGCACGGGCA-1",3
"ACCGTTCCCGCTCTGA-1",3
"CCGCCACCACAATCCA-1",3
"CATTCACTGACAGCTA-1",3
"CGGCTGCAAGATTAAG-1",3
"CATGAACCTCTTATCA-1",3
"TTAATGCGAGGTAACT-1",3
"AATAAGTCCTCGAGAC-1",3
"ACCAGCCCGGTCTTTG-1",3
"CTACGAACTAGGTCGA-1",3
"ACATCTCAACGCGTAA-1",3
"CACTACTCAGTTCTGT-1",3
"CCGACTCGCATAGTCT-1",3
"CATTTATCGTTCAAGA-1",3
"CAAACGTGGTCTTGCG-1",3
"TAGAAACCACTAAGTA-1",3
"ACTGATTTAGTGATTC-1",3
"TCGTATTTCGTCCGGA-1",3
"CGGAAATTTCACATCC-1",3
"ATCCACGCTAAATGTT-1",3
"GTTCAATCTATGTCAA-1",3
"ATAAAGGTCAAGTACG-1",3
"CAACTCCAACGTTTAG-1",3
"TAGGAACAGCCTCCAG-1",3
"ATGGGAACGGAAGCGG-1",3
"CACACGTTTCAATGGG-1",1
"GGTGTTCTGTTTCTAC-1",3
"AGTAACGTTCATCCTG-1",3
"GTATAGTGGCCCATGT-1",3
"TCTACACGTTCATGCA-1",3
"AATCTGGGTAGACCCT-1",3
"TCGGTTAGCCATGTAG-1",1
"TAAGTAAATGTGCCGC-1",1
"TGGCACGAGCTCGAGT-1",3
"GAACTTAGCGCCCGGT-1",1
"ATAGGAATCTAAGCTT-1",1
"CAATATGTAGATTTAC-1",1
"TTATAGTCCAAGGTGC-1",1
"AAACGCCCGAGATCGG-1",1
"CCTCGTTACGCCTGTT-1",1
"GAACGGTGTAAAGCAG-1",3
"ACGCATAAATGACATG-1",1
"GGTTCGATGCTGAGTT-1",3
"CTTTGGCAGACAGAGT-1",3
"CAAAGGTTAAATTCAG-1",3
"GTTTGGCGTCAGGCAC-1",3
"GCTTTCTATCTCAACT-1",1
"CTGAAACGGCCCTCAG-1",1
"GAAGGGCATAACCATG-1",3
"CAATTTGACCGGGAAG-1",3
"TCTGACTGTAATGGTT-1",3
"TTCATAGCCTTGTAAC-1",3
"TGGAAACGGAGTGAAC-1",3
"ATCGCACGATTGTTCA-1",3
"CGCCACCCGCATTAAC-1",3
"TGGACCACGGCGTTGA-1",3
"GTATATGTTACGGCGG-1",3
"GTATTCTTACCGTGCT-1",3
"TTCAGAGTAACCTGAC-1",3
"GCGGTAACCCAAATGA-1",3
"CTACGTGTTGCCACCA-1",3
"CTAGATAAACTCCTCG-1",3
"TCCATTAGTTGGATAG-1",3
"CTGGCTCCTGCGGGAT-1",3
"CAGTCTCTCGGCTAAT-1",3
"GTATGACGTGGGAAAC-1",3
"AGTCACTCCGCCTCAT-1",3
"GCAGCGGTGGGCATTA-1",3
"TATGGAGTTTCTCGTT-1",3
"ACTCAACGAATGTATT-1",3
"AACACGCGGCCGCGAA-1",3
"CGATATTAGCCGCAGG-1",3
"AGCGTCTGAACCCGCA-1",3
"GATGTCCGGATCACAT-1",3
"GGTCACGTTAGATTCA-1",3
"TTAAGGATACGGAGGT-1",3
"GTGCGGGACCATCGGC-1",3
"CCATCTTGTTCACAAT-1",3
"TCCGAGAAGGCTAAGC-1",3
"TGGCGGTGTGCGATTG-1",3
"ATCCTGCTGCAGATAG-1",3
"TTATGCGTCCCGGTCC-1",3
"CATAATGAGCGGGCGA-1",3
"AGACATAGATCCTTCC-1",3
"GGTGAAACCGGGAATG-1",3
"AACTGGTGTGGGCCTT-1",3
"GTAGCGCTGTTGTAGT-1",3
"TTGTTTGTGTAAATTC-1",3
"GGATCAAAGGACGAGG-1",3
"CGTAGCGCCGACGTTG-1",3
"CAAGTGAACTTTGGTT-1",3
"GTAGACAACCGATGAA-1",3
"CAATGGTCGGCCTGGG-1",3
"ACAGATTAGGTTAGTG-1",3
"GTTATCACCTTCTGAA-1",3
"TGGTATCGGTCTGTAT-1",3
"GGAATAACCTCAAGAA-1",3
"ATTATCTCGACAGATC-1",3
"CCGAGGGATGTTAGGC-1",3
"TGAGATCAAATACTCA-1",3
"AAACGAAGAACATACC-1",3
"CTGGTCCTAACTTGGC-1",3
"TGCACGAGTCGGCAGC-1",3
"ATAGTCTTTGACGTGC-1",3
"TGGAGCTAAAGTTCCC-1",3
"GGGTGGTCCAGCCTGT-1",3
"CATGCATGGAGACCCT-1",3
"ACACGGCACTATGCAT-1",3
"CCCTGGTATGGGCGGC-1",3
"GGAGGATTGAAAGGAG-1",3
"CCGCTGGTGCCATTCA-1",3
"GTTAGAGTGTGCCGCT-1",3
"TCGGAATGACCATCAA-1",3
"TTCAATTAGCCATAAT-1",3
"GATGTGTTGTCACAAG-1",3
"TCTTTCTCTTAAGGAG-1",3
"ACCCTTTAGTTCTCCA-1",3
"ACCACAACTCAGAACA-1",3
"TATGATAAATCTAACG-1",3
"GATCCTCTTGCGCTTA-1",3
"TTCTACCTTTATGTTG-1",3
"GAAATACCTGCTGGCT-1",3
"ATTCTGAGTATGAACT-1",3
"GGATTAAGCTAAGGTC-1",3
"AGTACGTGGCCTGTCT-1",3
"TCAGGGTGCACGAAAC-1",3
"AAATTTACCGAAATCC-1",3
"TTGAGGCATTTAACTC-1",3
"AACCAGTATCACTCTT-1",3
"CACCGGAGATATCTCC-1",3
"GACTGGGCGCCGCAAC-1",1
"CACGTCTATGATGTGG-1",1
"TTAAGACGAACGAACC-1",1
"TGACCAGCTTCAAAGT-1",1
"AGAGTTAGAGACCGAT-1",1
"TTCGGACTGATGCCTT-1",1
"CTCGAATGGAACGTAT-1",3
"GGACGGCTTGCGCAAC-1",1
"CTAAGTACAGGGCTAC-1",1
"ACAAATTCAGATCTGA-1",1
"CATGGAAATGGGACCA-1",3
"GGTGGACCACGTGTTA-1",1
"CACGACGTAATAGTAA-1",1
"CGGGTTCGGCACGTAT-1",1
"CTGGGCTATCCTTTGG-1",1
"GTATTAGGGTTCGCGT-1",1
"TCATTCGTATAATTTG-1",1
"AATAGCAAGCCTCCTG-1",1
"CATCTACCCGAGAACG-1",1
"GCTTCAGTGGGATTAC-1",1
"TCTGTGATGGAGGTTG-1",1
"ATCCACTTTCAGACTA-1",1
"ATGGTTACGAAACATG-1",1
"GGCCCAATCTAGAGGG-1",1
"GATGGTGAAATAACCC-1",1
"AGAGGGACAATTGTCC-1",1
"CGCGTACATTCTGGAA-1",1
"CAAGAAACCCTAAACT-1",1
"GGTTCCCTAGTGTCTC-1",1
"GGATCCCTACCAGCTA-1",3
"ATCGTCCAATCGAGTC-1",3
"ACATGGCTCAATTTAG-1",3
"AGGCCCAGTGACTGGT-1",3
"GCTTCCAGCTTAGATT-1",3
"TGCTTGAAACCATGCA-1",3
"CAATATTGGACTAGTG-1",3
"CGTGCTGGCCTAGTCG-1",3
"CCTGCGATAGAACTGT-1",3
"GGGTAATGCTGTGTTT-1",3
"AACGCGAACGGCAACA-1",3
"TGTCGGCATGGTGGAA-1",3
"AGCGTACGAGAGCTAG-1",3
"ATACTCTCGCCACTCT-1",3
"AATCCATGCAAGGGTG-1",3
"TTAAACAGAGTCCCGC-1",3
"CCACAGCTGAAATCAT-1",3
"CGGTTCCGGCTTCTTG-1",3
"GACGTGAGACTCCATG-1",3
"TCGTTGGCTCGTCAAT-1",3
"GGTGAACGGGCTAGCC-1",3
"GCACTGTGCAAATGTA-1",3
"ACGAGAACCCATCACG-1",3
"CCAGCTACGCCTCATA-1",3
"TCCCGGTCAGGAATTT-1",3
"TCGCATTCAATGACTT-1",3
"CTGGTTCAACGCATCA-1",3
"GGTGATTTCATCTTGT-1",3
"CACCCTTTCCTCGCTC-1",3
"CAACTTGTAGTGGGCA-1",3
"AATATCAAGGTCGGAT-1",3
"ACTCAGACCTGCTTCT-1",3
"TTGGAGTCTCCCTTCT-1",3
"GGATACTCATGAATTG-1",3
"TGGGCACAAACAGAAC-1",3
"GAGCCACGGTAGTAGG-1",3
"TCGATAGGCTAGTCGC-1",3
"TAACCGCCCGCAGTGC-1",3
"GCCTATTTGCTACACA-1",3
"TTGACGATTCAGCACG-1",3
"TTAAACCGGTAGCGAC-1",3
"ACCGAAAGGGCCCTGC-1",3
"ACGTTCCGCGCTCCGT-1",3
"ATACCAGGCTAATAGA-1",3
"CGGCTTTGTATGATAA-1",3
"CTTGACCCGAAAGATA-1",3
"CGCAGAAACATTTGCG-1",3
"GACCCGTCGCCGGCTA-1",3
"AATCGGGACACTACGA-1",3
"GTCACAAAGTTTCCAA-1",3
"TATATTCGCGTCGATA-1",3
"CCTCCCGACAATCCCT-1",3
"CGACATGCGATCTTCT-1",3
"AACACGACTGTACTGA-1",3
"CCCAACCACACTAACA-1",3
"CACCGCCGACCAGCGA-1",3
"TGGTATCGCATCCCAA-1",3
"CAGAGTGATTTAACGT-1",3
"AACCCTGGTGGAACCA-1",3
"GTCAGTTGTGCTCGTT-1",3
"ATTGACGTAACTCGGT-1",3
"GATGTCGGTCAACTGC-1",3
"AGGGCAGCGGCGTGGT-1",3
"ACATCGTTAACCTAGT-1",3
"TCCATTGTGACCTCGT-1",3
"TGTTTAATACTTCATC-1",3
"TTGCTGGCCGGGCTTC-1",3
"CATATTATTTGCCCTA-1",3
"CTGCCTAGCCACCAAG-1",3
"ACGAGATATTTGCTTA-1",3
"GACTACAATTGCTCGT-1",3
"AACGTGATGAAGGACA-1",3
"ACTCTCTTATACACGA-1",3
"CGCATCATGGCTTCAG-1",3
"CGGCTCTTCGTCGAAC-1",3
"ATTCTTCGTACTTATG-1",3
"AGTGAGGGTTTCTGAC-1",3
"GCCAGGCGTTCGCATG-1",1
"GACTAACACAGCACCT-1",3
"CAATGGAATCTACATA-1",1
"GTGGTCAGCGAAGTAT-1",1
"ATGGCTGGAAATGGCC-1",1
"ATCAGGTCGCCATTGC-1",1
"TATCACCATGTAAAGT-1",1
"AGCGCTTATGGGCAAG-1",1
"AAGCGGCGTCATGGGT-1",3
"ACTAATACGTCAGGCG-1",1
"GGCTGAGCATCGTAAG-1",1
"CGGTTGGGTTCAAGTT-1",1
"GACTGATTGGTCACAA-1",1
"AGACGGGCCGATTTAA-1",1
"ACCAGTGCCCGGTCAA-1",1
"GTCCTTTAATGACTTC-1",1
"CCTACAAGTCCGGAAT-1",1
"GCCTGCTACACTGAGA-1",1
"GACTCGGTCGGCGGAT-1",1
"CTAGACATATATGTAG-1",1
"TCGCCCAACTGACTCC-1",1
"AAACTAACGTGGCGAC-1",1
"AACTGAGGTCAGCGTC-1",1
"ACAATGATTCTTCTAC-1",1
"ATAAGTACCCGATTGT-1",1
"ATTGGGAGTTCTGTAA-1",1
"CGAACATAGTCAGAAA-1",1
"TAGCTCAGATCCTAGT-1",1
"GTGTCGTATTCACCTT-1",1
"CTCACCGATCCAAACT-1",1
"ATATGTGCACAAACCA-1",1
"CAGTCCAACGCCTTCT-1",1
"TCGTCCGGGTACACTC-1",1
"GCAGAAACGTAATCCA-1",1
"TTCGAGCCGGCGCTAC-1",1
"CCATATTGGATCATGA-1",3
"CGTACCGAAAGTCTAG-1",3
"CTCGAGATCCAAAGCA-1",3
"TGGATAGAGTAACAGA-1",3
"TCACAGATCCTCAAAC-1",3
"AGAGCTACGAAAGCAT-1",3
"TGCGTGATTGGGTGTC-1",3
"CACATGTTTGGACATG-1",3
"TTCGCATCCGGAAGCA-1",3
"CCCTAGTGTCAGGTGT-1",3
"TTACCGCCTTAGGGAA-1",3
"CCAGTCCATTATTCGA-1",3
"CGTAAACGCTTGAGTG-1",3
"ATTCCTTCCAGGCGGT-1",3
"TTCCTTTCTGTGTTGC-1",3
"AGTTGACATCGGCTGG-1",3
"AACTCGATGGCGCAGT-1",3
"GATAAGGCAGATGCAA-1",3
"GGCTGGCTAGCTTAAA-1",3
"CCTCATGCAGCTACGA-1",3
"GACGCCTGTTGCAGGG-1",3
"TAATTAGATGGATATG-1",3
"GAGGGCATCGCGTATC-1",3
"CTTGTGAGTCTTTGAC-1",3
"TCAACACATTGGGTAA-1",3
"ACTGTATACGCGAGCA-1",3
"GTGAAACGTGCTCCAC-1",3
"CGAGTGCTATAGTTCG-1",3
"GTACTGCATGAAGCGT-1",3
"GTAACTTGCGGCAGTC-1",3
"GAATCGCCGGACACGG-1",3
"GGGAGTAATGGCTGGC-1",3
"CATGAACCGACATTTG-1",3
"TCTGTCATACAAGAGC-1",3
"GTCGTCAATTATAAGG-1",3
"TAAAGAGCCCGAAACC-1",3
"GTACTGAGGTCGTAAC-1",3
"AAAGACCCAAGTCGCG-1",3
"CGTCAGTGCGCACAAG-1",3
"TGTATCCTTATTCCAT-1",3
"ATTCTCGTCTCTTTAG-1",3
"AAAGTCACTGATGTAA-1",3
"TGTCTACAGTTTCTGT-1",3
"TTAACGTCGCAAGACC-1",3
"CTATGTCTATTGAAAC-1",3
"TCGGGTGAAACTGCTA-1",3
"TGTCCCGACATAGCAC-1",3
"ACAGCATAGAGCCAGT-1",3
"ATATTCCCACAGGTCA-1",3
"TTGGATCGACTTCTGG-1",3
"CACCATCGGAGGAGAC-1",3
"TCGTTCGTTATTATGT-1",3
"CTTAACTTCGAAGTAC-1",3
"GCACAAGTGTCGGAAG-1",3
"TACCAGCTAGGTTTAA-1",3
"ACGTACAGATTTCTCT-1",3
"AATTTGGTTCCAAAGA-1",3
"GTAAGGATTTGTCGGA-1",3
"CATCATCTACCCGGAC-1",3
"ACGATGGATCCGATGC-1",3
"CACTCAGCTCTTGAGG-1",3
"TAGATCCGAAGTCGCA-1",3
"TGAAACTTATGCAAGC-1",3
"GCGATTCTGGAAGCAG-1",3
"CAAACTATTGAGCTTC-1",3
"TAGAATTAAGGGCAAC-1",3
"CGAAACATAGATGGCA-1",3
"GATGGTGCCCTAGGCA-1",3
"CCCGCAGGGCCCAAAG-1",3
"ACAGCGCACCCGCAGC-1",3
"GGTAAATGTGCGTTAC-1",3
"GTCCTTCTAGTGGGTT-1",3
"GGAAGCTCGCTTACAG-1",3
"CACCGATACACCGAGC-1",3
"CAGCCGGGCCCTCTAT-1",3
"CGGAGCTTATAACACC-1",3
"ATTACAACTACCGGCC-1",3
"TCCTCTGGCCCATTAG-1",3
"CGGCACCGTTAGCGCC-1",1
"TCGGTCCCTGACTCCA-1",3
"TGGTTGGAGGATCCTG-1",1
"CTGCGGTAGTCACGTG-1",1
"GTGCCTCAGTGTACGG-1",1
"ATCGTTCACTTTCGCC-1",1
"ACTTACCGGGCGCGCA-1",1
"CTAGACTGCATTTCGT-1",1
"TTGCCGGTGATCCCTC-1",1
"CTGTCACGCCAGGCGC-1",1
"CGGTATAGGTATTAGC-1",1
"CCAACGCTTGCCAGGG-1",1
"CGTTGAGTAATTGCGT-1",1
"TGTATTTACCTAATGC-1",1
"TAAATGCCGTCTCATG-1",1
"CGGTTTATGAAGGAAC-1",1
"GCAAGATGTGTTCGCG-1",1
"AAAGGTAAGCTGTACC-1",1
"GTACGTCACGTATTAA-1",1
"AGTACCTTCGAGTGCT-1",1
"ATTGTGACTTCGCTGC-1",1
"TGTATCAGACTGAAGC-1",1
"GAGACCCTGCAACGCC-1",1
"TGGGTGGGATGTCATT-1",1
"GGCTAATGATTGAAAT-1",1
"ATAACGTTACCTCCAC-1",1
"TGCGAGATGGCGGCCA-1",1
"CACACTTGTATTGCGA-1",1
"GCTGGTGACTCGTAGT-1",1
"CGACACCGCTTAAGGA-1",1
"GTAACAACTGACCTTG-1",1
"CAACTGAGGGTATGAC-1",1
"CTAATTATGAAGCGTA-1",1
"CCGATCTTAAGAGGCT-1",1
"CGACTCGGTACACGGT-1",1
"GTCATCTCCTACAGCT-1",3
"GCGAGAAACGGGAGTT-1",3
"CGTCGCGGCGGGATTT-1",3
"CATTGTGTGCTAGATC-1",3
"CGCGGCAGTATTACGG-1",3
"GAAATGGGATGTAAAC-1",3
"CATTCCCTAAGTACAA-1",3
"AGTTCTGCGTTGTATC-1",3
"ACCCTATAGGACTGAG-1",3
"TTAGATAGGTCGATAC-1",3
"ATTGATAGCAACGAGA-1",3
"TCTCGGCTCCAGGACT-1",3
"CTTGAGGTTATCCCGA-1",3
"AAGAAGGATCAGTTAG-1",3
"GTACGACGGCGCTGCG-1",3
"CTTATGTTGACTACCA-1",3
"CGGCACTCAAGAAAGT-1",3
"GTCAAAGTTTACATAG-1",3
"CTCCTAAGTTATGTCT-1",3
"ACTGTGCTAGTAGATC-1",3
"GTTTGGCCGCTCAGCG-1",3
"TTATCCAATCGAACTC-1",3
"CCGTACCCAAGCGCCA-1",3
"CATACAAAGCCGAACC-1",3
"GGTCGGTAATTAGACA-1",3
"AGCGGGAAGGGTCCAT-1",3
"GCCCACCAAGGCTGTC-1",3
"GTAGACGTCGTTACAT-1",3
"GAGCATCATCCCTGGG-1",3
"AGGTAACCTCCTATTC-1",3
"GGTTTGAGTGCTGGAA-1",3
"GCACTAGTCGCGCTAT-1",3
"GGTAACTATGTATCTG-1",3
"GCGGTCCCTAGACGCA-1",3
"CGAGCGTTGATCAGCC-1",3
"AATCCAAGGGCCTGAG-1",3
"CCGTGCCCATGACGGC-1",3
"GAAATTCACATCGCTG-1",3
"CTCTGCGAAGCAAGCA-1",3
"AGTAGGTAACATACAT-1",3
"ATTGGGAATATCTTGG-1",3
"TAGAGCTACGAAGAAC-1",3
"TGCGGCATAGTTCAAC-1",3
"CCGCCGGTCAACACAC-1",3
"TCGTATAGTGCAATTA-1",3
"TAGTTTATTCTTGCTT-1",3
"GATATCTCATGCAATA-1",3
"CGTTTAAGCGGAGCAC-1",3
"CATGCTGGCTCCAATT-1",3
"GAAACAGCCATGCAGT-1",3
"AGTTTCGCAGGTCGGA-1",3
"CTCATGGCTCACAATC-1",3
"AACCGTTGTGTTTGCT-1",3
"ACCCTTCATCTGCGAA-1",3
"TGCGGTGAAATTTCAT-1",3
"CAAATTGTCAGCAAGC-1",3
"GAGGTACATCCATCTT-1",3
"AAATGGCATGTCTTGT-1",3
"TCATCCCAGAGGGTGG-1",3
"CGTAGCGAATTGTCAG-1",3
"CCTAGTTAGTCGCATG-1",3
"GAAACTCTAATGAAGG-1",3
"TTGTATCACACAGAAT-1",3
"TTCAAGCCGAGCTGAG-1",3
"AGGTACGATATTGCCA-1",3
"TTAAGCCGACAACTTC-1",3
"GTCTTAGTACAGCCGG-1",3
"TGGGTAAGGTTCCCGC-1",3
"CTACGCCATTTCCGAT-1",3
"GACCGTCAGGTCGTGA-1",3
"TAGTTAAGATAGGATA-1",3
"GAATATTCGGAGTCCC-1",3
"CAAACTACGATAGAGA-1",3
"CAGGAAGACTTTATAT-1",3
"TTCGTAATCCCAGCGG-1",3
"GTGAGGAGCGGTTGAG-1",3
"CAATCCCTATACCAGC-1",1
"AGGGAAACGAGGTACT-1",1
"TCCTGCCAACTGGAGA-1",1
"AATTTGGGACATAGTA-1",1
"AACTCCTAATCCCATG-1",1
"GCTCATTACTGCATGT-1",1
"TCTCGAACGAGGTCAC-1",1
"TCACTACGACCAATGC-1",1
"GTGATGCACAACATCT-1",1
"CCGACGTAAACACAAC-1",1
"TGGGATGCACTCATTC-1",1
"TTCCATCATGCGGTGA-1",1
"TGCACAGTGAAGTTAT-1",1
"CTATTGTGTTTGGTCA-1",1
"TGCGAGCCCTTCCGCG-1",1
"TTGAAAGGTGTAAAGG-1",1
"GGTGCAGAGCCTATCG-1",1
"ACTATATGCTGTGTTC-1",1
"TCCTGGCGCTGCCTGG-1",1
"GAGCCGAGCGTTTATT-1",1
"AGAATGCGGGTTCGGA-1",1
"ATGCGACAATTGGTCC-1",1
"TTCCGGCTCGACTTCT-1",1
"TGATTATGGCACGCAG-1",1
"GGTTTGACAAGAAGCT-1",1
"GCAGCTATGGACAGGT-1",1
"CACCATGATCGCAAAG-1",1
"GTCGGAAGGATACCAG-1",1
"GGCCCAGTTATCAGCA-1",1
"GGGCCTATTTAAGTAT-1",1
"GTTGTTACATTGCGCT-1",1
"CAACTCCGTAACTTGC-1",1
"GATCTTTGCTCAAAGA-1",1
"TCGCTTAATTACGAAG-1",1
"CGATCATTAGAGGCAC-1",1
"TGTTCTCTACTCCCTA-1",1
"GTATAATCTCCCGGAT-1",3
"TAGTCCGTATGCATAA-1",3
"CACTTCGTCTTATCTC-1",3
"CATCCGCAGGCCCGAA-1",3
"CCCTGATGTAACTCGT-1",3
"CCATAGTCAGTAACCC-1",3
"CGGGCCATAGCCGCAC-1",3
"CTCCGGCTTGTAGACA-1",3
"AACTTGCGTTCTCGCG-1",3
"AATGAGTTCGCATATG-1",3
"CGAGGCCAGGCATTGG-1",3
"TCTGCGTCCGGTTTCT-1",3
"CAATCCTGCCGTGGAG-1",3
"CTGAGCAAGTAACAAG-1",3
"GGGTACCCACGGTCCT-1",3
"ACGGAATTTAGCAAAT-1",3
"GGGCGGTCCTATTGTC-1",3
"ATGTTACGAGCAATAC-1",3
"AACCATGGGATCGCTA-1",3
"TCGCATCCCTAAGTGT-1",3
"ACTTAGTACGACAAGA-1",3
"GAGCTCTCGGACCTAA-1",3
"TCTATTACGCTGGCGA-1",3
"AGATACGACTTCATAT-1",3
"CGCTATACCGCCCACT-1",3
"CAGTGTCCGCAGAATG-1",3
"CCATCCATACCAAGTC-1",3
"AACCCAGAGACGGAGA-1",3
"GAAGAACGGTGCAGGT-1",3
"GATAAATCGGTGGATG-1",3
"CAGCTCGTGCTTGTGT-1",3
"GAGTACGGGTATACAA-1",3
"CATCGCCCGCGGCCAA-1",3
"TCTTACAGAGGTACCG-1",3
"TGGAAGACGAACACCA-1",3
"GTTGTCGTGTTAGTTG-1",3
"CCAAGGAACAGAGAGG-1",3
"CTGCACCTGGAACCGC-1",3
"CGCTTTCATACCGGTG-1",3
"GTTCTTCCCTCGATGT-1",3
"ATTTAACTCGTATTAC-1",3
"AACGATAGAAGGGCCG-1",3
"TATCCTGCATGGGAAT-1",3
"AGGCCCATTGTACAGG-1",3
"CCGGCGCATATTGGAT-1",3
"ATCTGTAATTGTACCC-1",3
"GAGCGAGGGAGTACCG-1",3
"TTATTAGGGAAGCATC-1",3
"CTTCTTACGTCGTATA-1",3
"GAAGTGCTGGATAGCT-1",3
"GTGCAACAAATGTGGC-1",3
"CATGCGTTAGACAGAA-1",3
"ACACACTTTCTACACG-1",3
"AGCCCTAAGCGAAGTT-1",3
"ATTAATTCGGTCACTC-1",3
"AACAGGAAATCGAATA-1",3
"ACGTTTAGTTGTGATC-1",3
"TCCTTCAGTGGTCGAA-1",3
"CGAACGCCCAGTGCCG-1",3
"CCTCGAAGTGGACGGG-1",3
"CTCTGTTTGAGGATTC-1",3
"TGGGCACGTTCTATGG-1",3
"ACTATTCGTCCGTGGT-1",3
"CCTCTGGCCTAGACGG-1",3
"CCATAAACAACCCGAC-1",3
"CATAGTACATTGAGAG-1",3
"ATTTCATTATTTCGCG-1",3
"CAACTATATCGAATGC-1",3
"CTAGTATTCGGAATTA-1",3
"GTGGAACCTACATGCG-1",3
"CCTAAAGGCTGACGCT-1",3
"CGTGACATTGGGTCGT-1",3
"CCAATCGGTAGATCGA-1",3
"ATTGTCGCAATACCTT-1",3
"AAATTACACGACTCTG-1",3
"CACTCCTCTCGGTCGG-1",3
"AAATAACCATACGGGA-1",3
"AGTTACTCTATCGTGG-1",1
"CGTTAGCTCACAACTG-1",1
"GAATGTATGGCAGGTC-1",1
"GCAACCACCAGACCGG-1",1
"TCACTCGTGCAACGGC-1",1
"AAACAGAGCGACTCCT-1",1
"CAGCCTCTCCTCAAGA-1",1
"TTGCGTGAACGCTTAG-1",1
"CCGCCTGCGAATTGGT-1",1
"AGATGAGGGTTGCGAT-1",1
"CGGTGGGCTCCAGCCT-1",1
"GGCAGCGGTAATCCTA-1",1
"GCTAGCAGGGAGTGGG-1",1
"CTCAAGACATTAGCGC-1",1
"CACGGCGCGCCAAAGG-1",1
"TGCAATTTGGGCACGG-1",3
"ATGCCAATCGCTCTGC-1",1
"GCTGGACCCAAAGTGG-1",1
"ATTCCTAAGACGTGGA-1",1
"TCCGGAGGAAGGGCTG-1",1
"TCGGTGACCGCTCCGG-1",1
"TCCGAAGTAGTCACCA-1",1
"CATGTAGGAGCGCCAA-1",1
"CACAAGAAAGATATTA-1",1
"AGGGTCAGTAACCCTA-1",1
"TAAGCCCTTACGACCA-1",1
"ATACCGTCATCCATAA-1",1
"GGACGTCCATAGTTGG-1",1
"CATCAAACTGGCGCCC-1",1
"AAACGTGTTCGCCCTA-1",1
"AAATTGGTGAGAAGCA-1",1
"GGTCATTGTAGTCATA-1",1
"TGCAGTGAGGCTCGGG-1",1
"GAACATTAGTATGTTA-1",1
"GGTTTGCGAACACGTA-1",1
"CCGACAAACACATGAG-1",3
"GCCTTGTATATGCAGT-1",3
"ATAATACCGTTAGCCG-1",3
"ACACTCCAATGTCACT-1",3
"AGTTGCTGACTGATAT-1",3
"GGCGCTCCTCATCAAT-1",3
"TGCCTGACATCGGTCA-1",3
"TTGGCCATCTTGCGCT-1",3
"CAGTGGTTGCACATGA-1",3
"AGAATTGTTTGACATA-1",3
"AAATGCTCGTTACGTT-1",3
"CACCTAATAGAGTCGT-1",3
"CATTTCTAGCAGACTA-1",3
"CCGAAAGTGGTGAGCA-1",3
"AGTCAGCCACCGCCTG-1",3
"TCATCACTCGAGCTCG-1",3
"CTCAGGACTCACCTGT-1",3
"CGGTGTACTTGATCCC-1",3
"CCTACGGCTCAGTCGA-1",3
"GTACTTGGGCACTTCT-1",3
"TGATTTCCTCCTGACG-1",3
"CCTCACCAATCTTGAC-1",3
"GGTGAGATGCAGATAA-1",3
"GCTAGTTTCATTGAGG-1",3
"AGGACATCGCACGTCG-1",3
"GTGGACGTGCTGAGAC-1",3
"TAAGGAACTTGTGGGA-1",3
"TCGCTGTGCGTAAATC-1",3
"GCATCCCTAACTTTGA-1",3
"CACCCACACGTCACCC-1",3
"CCCTCATTCTGGAATT-1",3
"AGGGCGTGATCGGCTA-1",3
"GGTGCGGATAAGTGGC-1",3
"TAATATTGAAATTCGC-1",3
"CTTACACTGGGAAATA-1",3
"ACCAAGAACGCGTGTC-1",3
"GCCTTCAGCCCTACCG-1",3
"GATGCTACAAGCGCCT-1",3
"CCGGGACCCGCAGAGA-1",3
"GTTCCAGTCTGACCAT-1",3
"ATGATCGGGAATAGAC-1",3
"TTGGATTGGGTACCAC-1",3
"TACCTCACGCTTGTAC-1",3
"CATGGCAGGAAGATCG-1",3
"ATGACGCCGGCTCTAA-1",3
"AGCGACATCCCATTCA-1",3
"AGTAATGTCTTGCCGC-1",3
"TTCTTAGTGGCTCAGA-1",3
"CGTCTGGAAGGGCCCG-1",3
"ACGTGCGCCTCGTGCA-1",3
"AGAGCGGGCTAATCAT-1",3
"GCGTCGAAATGTCGGT-1",3
"AACTGATATTAGGCCT-1",3
"CGAGCTGGGCTTTAGG-1",3
"GGGTGTTTCAGCTATG-1",3
"TTAATTTCAGACGCGG-1",3
"ACTGCCGTCGTAACTC-1",3
"GTGCACGAAAGTGACT-1",3
"ATCTCCCTGCAATCTA-1",3
"ACGCCAGATGATTTCT-1",3
"AGCTATTTAATCCAAC-1",3
"CCACGAGAAGAGAATC-1",3
"GATTCCGCGTTTCCGT-1",3
"GTCGGATGTAGCGCGC-1",3
"TATTTATACCGAGTAG-1",3
"GTAGGTGATCCGTGTA-1",3
"AGTTAAGCGGTCCCGG-1",3
"CTGGCGACATAAGTCC-1",3
"TTGGCCTAGAATTTCG-1",3
"GGCATATCGGTTCTGC-1",3
"GGGCGTCCACTGGCTC-1",3
"TTACCCATTGCCGGGT-1",3
"TTAGACACGATCGTTG-1",1
"GCGCTGATCCAGACTC-1",1
"TTCGGCAACCCGCTGA-1",1
"GATATTTCCTACATGG-1",1
"CTGCGTTACGATATAA-1",1
"TAATAAACAAGGAGAT-1",1
"AACCTTTACGACGTCT-1",1
"AGTCCCGCCTTTAATT-1",1
"TGAGATTAGGCCCTAA-1",1
"AGTGTATTGCGCATTG-1",1
"GTTGGATTCAGTGGCT-1",1
"TAAAGCTGCAATAGGG-1",1
"AGTAGGAAGGAAGTTG-1",1
"TATCACTTCGAGTAAC-1",1
"TGATCTACGCTGATCT-1",1
"GGATCATCCCGTACGC-1",1
"TGACACTTCTCTTTGC-1",1
"AGCCCTTCTAATCCGA-1",1
"CACCGCGTCCACTCTA-1",1
"TAATTGGAATCGGGAA-1",1
"TCGTAAGCTCCGAGGA-1",1
"TATATTACAAATGTCG-1",1
"CGCGAGAGGGACTTGT-1",1
"GGACCTACGGTAACGT-1",1
"GAAATATGCTTGAATG-1",1
"CCGTATTAGCGCAGTT-1",1
"AGGCGTCTATGGACGG-1",1
"AACATCGATACGTCTA-1",1
"TGAATATGCTATAAAC-1",1
"ACCAAACACCCAGCGA-1",1
"TGGCTTGTACAAGCTT-1",1
"GAATGAAGGTCTTCAG-1",1
"AGATACCAGCACTTCA-1",1
"GCGGTCCCGGTGAAGG-1",1
"GAGGCATTTGCAGCAG-1",1
"GGCAAGCCAGGGATAG-1",1
"TCTACGGGCTCAGTTG-1",1
"TCTGCGAATCGTTCGC-1",1
"TAAACGTCGTCAATGA-1",3
"ACGTTATTGGTCACTC-1",3
"ATAGCCTCAGTACCCA-1",3
"CGGGAGTATACCGCCG-1",3
"GTCCTACAGGCGGCTC-1",3
"CGGATAAGCGGACATG-1",3
"AACTTCTGCGTCTATC-1",3
"GGGTTCAGACGAACAA-1",3
"AGTCTGGACATCCTTG-1",3
"TTGAACGAATCCTTTG-1",3
"GAAATACTAAACGTTT-1",3
"CCCGCGCAATGCACCC-1",3
"TTCGGCTAGAGATGGT-1",3
"GACACGAGTTAGAGGA-1",3
"GAGGTCCCAAAGATCT-1",3
"TAACTCCATGGAGGCT-1",3
"CTTGTTTATGTAGCCA-1",3
"GATGGCGCACACATTA-1",3
"ATAATAGTGTAGGGAC-1",3
"CGCTATTCAATGTATG-1",3
"ATATTGCTGTCAAAGT-1",3
"GGATTCAGTACGGTGG-1",3
"TTCTTAGTGAACGGTG-1",3
"AATGGTTCTCACAAGC-1",3
"TATACACGCAAAGTAT-1",3
"CTTCATAGCTCAAGAA-1",3
"CAACGGTTCTTGATAC-1",3
"ACACCCGAGAAATCCG-1",3
"TCTATCATGCAGTTAC-1",3
"CCCGCCATGCTCCCGT-1",3
"CGCTTCCACTGAAATC-1",3
"CACTGTCCAAGTGAGA-1",3
"ATTACTAGCCTCTTGC-1",3
"CATAGTAGCATAGTAG-1",3
"CAACTCCTTGATCCCG-1",3
"AAGTAGAAGACCGGGT-1",3
"GCGGGAACCAGGCCCT-1",3
"ATTAGATTGATAGCGG-1",3
"CTCGGTCCGTAGCCTG-1",3
"TGGCTTTGGGTAGACA-1",3
"TATCCATATCATGCGA-1",3
"GGAGTGCCGCCCTGGA-1",3
"TGAGAATGCTTTACCG-1",3
"TTAACCAACCCTCCCT-1",3
"TGTTTCGGTACTTCTC-1",3
"TTGCTGAAGGAACCAC-1",3
"TATTTAGTCTAGATCG-1",3
"CTCCGGCCTAATATGC-1",3
"TTGTGGCCCTGACAGT-1",3
"TCGCCGGTCGATCCGT-1",3
"CCATAGGTTGGCGTGG-1",3
"GAACGACCGAATGATA-1",3
"TCCGATAATTGCCATA-1",3
"CATTACGTCGGCCCGT-1",3
"CAAGCACCAAATGCCT-1",3
"TGCATGGATCGGATCT-1",3
"GAAATCGCGCGCAACT-1",3
"CTGAAAGAGATCCGAC-1",3
"CACCTCGATGGTGGAC-1",3
"ATTTGTTCCAGGGCTC-1",3
"TGGGCCACAAGAGCGC-1",3
"CCTTCTTGATCCAGTG-1",3
"CCTCGCCAGCAAATTA-1",3
"TTCATGGCGCAACAGG-1",3
"TTAATCAGTACGTCAG-1",3
"CCTATCTATATCGGAA-1",3
"ATTATACTTTGCTCGT-1",3
"ATGGATCCGGCGTCCG-1",3
"CGCCCGCTTCCGTACA-1",3
"GGATTCCGCTATACCC-1",3
"CGGTCTATCAACCCGT-1",1
"ATGCCGGTTGATGGGA-1",3
"TCATGCAGGTTCTCAT-1",1
"TGAGCTTTAATGACGC-1",3
"TCCCTTAGATTACTCG-1",3
"ATATCTCCCTCGTTAA-1",3
"AGCTCTTCCCAGTGCA-1",1
"TCGCTAAACCGCTATC-1",3
"CACATTCTTTCGATGG-1",1
"GATATGCGGTAGCCAA-1",1
"CGTTTCACTTCGGGCG-1",1
"CCAATTACGGGTCGAG-1",1
"GCAGGTAGAGTATGGT-1",1
"GTCGTATTGGCGTACA-1",1
"GAAATTAGCACGGATA-1",1
"AATGCACCAAGCAATG-1",1
"AGGACGCTCGATGTTG-1",1
"GGCTAAAGGGCGGGTC-1",1
"CATCTATCCCGTGTCT-1",1
"CAGTAACTATTTATTG-1",1
"CATATACTACTGATAA-1",1
"GCGTTCGGAGACCGGG-1",1
"AAGTTCAGTCTGCGTA-1",1
"CGAAGCTATAAATTCA-1",1
"CGCGGTCACAAACCAA-1",1
"GGGAATGAGCCCTCAC-1",1
"ACGGAGCGCAAATTAC-1",1
"CGTTCTTCGCACACCT-1",1
"GAATAGCCCTGCGGTC-1",1
"AATAGCTACCGCGTGC-1",1
"CCGAGCTGTGCTTGTC-1",1
"GATGACGATGATCGCG-1",1
"GCCTATGCTGGGCCTT-1",1
"TTACTGTCTAGAGCTC-1",1
"AGCGGTTGCCGCTCTG-1",1
"GCTTGCAGCACAATTG-1",1
"CCGGAGGTCTTATGGT-1",1
"ACAGTATACCGTGGGA-1",1
"GGGATCCCAATACAAA-1",1
"ATTACGACTCCACAGT-1",1
"CTCACACGCAAGCCTA-1",1
"GATCGGCGATAAGTCG-1",3
"AGCCTTAAAGCGGAAG-1",3
"TCCGTAACCACAATCC-1",3
"GAATGCCGAAATGACC-1",3
"TATACTCATGCGGCAA-1",3
"TAGTGTCAGAAACGGC-1",3
"CGTCATACCATATCCA-1",3
"TAGTACCTTAGTGGTC-1",3
"CTGGCGGGAATAAGTA-1",3
"AGTGTGGTCTATTGTG-1",3
"GCTATCGCGGCGCAAC-1",3
"CAGTAATCCCTCCCAG-1",3
"GTATTAAGGCGTCTAA-1",3
"CTAATTTCAACAACAC-1",3
"TTAGCAACATGGATGT-1",3
"ATGCTCAGTGTTGCAT-1",3
"GATGTTTGTGCGAGAT-1",3
"CACTTCGCCACAGGCT-1",3
"CTGTATGGTGTAGAAA-1",3
"TACGTGCACTATGCTG-1",3
"GTATCAGCTTGGGTTC-1",3
"TAACAAAGGGAGAAGC-1",3
"TTACATCGTGGCCTGG-1",3
"TCTGAACCGGTCGGCT-1",3
"GGCTCGTGCCACCAGC-1",3
"TATAAGTGAGGATAGC-1",3
"GCCCGCGCGTTTGACA-1",3
"TGCTGGTTGGACAATT-1",3
"GCCTAGCGATCTGACC-1",3
"CCATGCTCTGCAGGAA-1",3
"TATAAATCCACAAGCT-1",3
"CGCTCGACATAATGAT-1",3
"CCAATTGAATGTTAAT-1",3
"GCTAATACCGAATGCC-1",3
"TTCAACGACCCGACCG-1",3
"TTCCTCGAGGGTGTCT-1",3
"CAACGACCCGTTTACA-1",3
"CTTGTACTTGTTGACT-1",3
"TCTCTAATAGCTGGTA-1",3
"ATTATGCCATAGGGAG-1",3
"GACAACGCAGCTTACG-1",3
"AGATGACTCGCCCACG-1",3
"GTGCGGGTCTCCAAAT-1",3
"GTACGAGATTGCGACA-1",3
"GTATAGGACTCAGTAG-1",3
"TTGCACGGAGCAGCAC-1",3
"CACAGCTAGGGAGTGA-1",3
"ATACTAGCATGACCCT-1",3
"CCAAGACTTCTGCGAA-1",3
"ACATAATAAGGCGGTG-1",3
"TAATACACAGTAGTAT-1",3
"TCTTGGTAACACCAAA-1",3
"AACTGGGTCCCGACGT-1",3
"ATCACTTCATCCTCGC-1",3
"TGGAAGGATAAAGATG-1",3
"CATGATGCACAATTCT-1",3
"TGCCTGATCAAACGAT-1",3
"ATAGGGATATCCTTGA-1",3
"CACCTAATCAGTTTAC-1",3
"TGTGACTACGCCAGTC-1",3
"CCCGACCATAGTCCGC-1",3
"CGCGCCCGACTTAATA-1",3
"TGCCACCTGGCGAAAC-1",3
"CTGCCAAGGTTGGAAG-1",3
"TCTCCAACGTAGGTTA-1",3
"TTCTTGGAGTAATGAG-1",3
"GTCTCGATCTGCTTTC-1",3
"TACTCTCCGAACAAAT-1",3
"ATCACATTAGAATATC-1",3
"TACGGGATGCTAGCAG-1",3
"AGCTGAAGTAAACCAA-1",3
"CATGGGTCGGGTGTGG-1",3
"CACCCACGAGGCAATT-1",3
"TGCCATTACTAAAGAA-1",3
"CCGTTACGTTAGAACA-1",3
"GCCAGGAGTAACCGAT-1",1
"GGAAAGTGCCCATGCC-1",1
"TCTTACCGGAACTCGT-1",1
"TATGTCAAGACCGACT-1",1
"CCTAACTAAGGCTCTA-1",1
"GCGGTGAACTGCGCTC-1",1
"CCTCGCGCGATATAGG-1",1
"ATCGGCAAGCAGTCCA-1",1
"AGATCGTGCATAAGAT-1",1
"ATTCAGGACCTATTTC-1",1
"AGCTAGAAGCAGAAGT-1",1
"TTCGCTATCTGACGTG-1",1
"TTCCGCAGAGAAATAT-1",1
"CAGTACATTCTCTAAA-1",1
"GTGAAGATTTCAAGTG-1",1
"AACGCATGATCTGGGT-1",1
"CCCAGAGGAGGGCGTA-1",1
"GGAAACCTTGTTGAAT-1",1
"GTGAAGCCGTATAGTC-1",1
"GAGCTGTCGTCTCGGA-1",1
"TGTCATTTGTTGGGAA-1",1
"ACCAACACCACACACT-1",1
"AAATGATTCGATCAGC-1",1
"CTGCTTTATGTCCGCG-1",1
"GCGAGAGGCCATGTAA-1",1
"ATTGACCGGCGATGAC-1",1
"ACCCTGGTAACGCCCT-1",1
"GTTGGACCGCATCAGG-1",1
"CGTTTACAAGGCAGCT-1",1
"CGGTCCATGAGACTCC-1",1
"GTTCGTCTGGGTCCCT-1",1
"TGTACTACTCTCACGG-1",1
"AGTGAAGATGGTGTCC-1",1
"GAGGGCCATAATATTA-1",1
"ACTCCCGTAGACTAGG-1",1
"GGGTCATGCGTACCAT-1",1
"CTGGTCATTCCAATCC-1",1
"TCAGGGCGCAAACTCG-1",1
"GATGCCAGCAGAAGGC-1",1
"GTTATTAACGTGGGAG-1",1
"AATACAATGTTTCAGG-1",1
"TTGCTGCACCTATCCA-1",3
"CCAGAGACAAAGCCGG-1",3
"CCGAAGTATATTGTTC-1",3
"GCTAAACCTGAGGTGA-1",3
"TCATACTTACAGATCC-1",3
"CGAGCACTTCAAGTTT-1",3
"TAGCAACCTGTCACAA-1",3
"TGGGAAATGCCTTTCC-1",3
"AGACCATGGGATACAA-1",3
"TAAATGAATCCGTTTC-1",3
"ACAACGGTCCCTGCGA-1",3
"GTCACTCTCCAAATCT-1",3
"TTCTACTTGCGAGGGC-1",3
"CGCAATTACTTTCGGT-1",3
"CTGTTCATCTCACGGG-1",3
"TTCTTGTAACCTAATG-1",1
"GCTTGATGATAATCAG-1",3
"TTGGCTCGCATGAGAC-1",1
"GCCCAGTTGGTATGCC-1",3
"ATTCCTCCGCCAGTGC-1",1
"TCGTCCGCTGGCGTCT-1",3
"GGAGAAGTCATTGGCA-1",3
"TTGTTAGCAAATTCGA-1",3
"TCTAGCATCTTCGATG-1",3
"TTCTAGGCCAATTGTG-1",3
"TCACGGTCATCGCACA-1",3
"ATGAAGCCAAGGAGCC-1",3
"AATGACTGTCAGCCGG-1",3
"CCAAACAGAACCCTCG-1",3
"TATCGATGATTAAACG-1",3
"GAACACACATCAACCA-1",3
"CCCGTCAGCGTCTGAC-1",3
"AGCATCGTCGATAATT-1",3
"GACTAAGATCATGCAC-1",3
"TAGGGTGTTTCAAGAG-1",3
"TGGTTCGTAGCAAAGG-1",3
"CTGTTCACTGCCTGTG-1",3
"ATGTGCATCCGACGCA-1",3
"TTGTCGTTCAGTTACC-1",3
"CGGGATCAATGTAAGA-1",3
"TTATCTGTATCATAAC-1",3
"ATCGACTCTTTCCGTT-1",3
"CTCATTTGATGGGCGG-1",3
"GTAAGCGGGCAGTCAG-1",3
"TCTATCGGTCGCAACA-1",3
"AACGCGGTCTCCAGCC-1",3
"ATTAATACTACGCGGG-1",3
"CTTTAACTTTCAAAGG-1",3
"CGTACCTGATAGGCCT-1",3
"GAATGTTGGGTAATCT-1",3
"TGCGGAGTAAAGGTGC-1",3
"CCTGAATATTTACATA-1",3
"TTGCTCCCATACCGGA-1",3
"CCTCTAATCTGCCAAG-1",3
"AGGTTGAGGCACGCTT-1",1
"TCCCGTCAGTCCCGCA-1",3
"TCCGATGACTGAGCTC-1",3
"CAGCCTCCTGCAGAGG-1",3
"CTTAGCCTTCCACATG-1",3
"ATTAATGAACCAGTCG-1",3
"ACGATACATAGAACTA-1",3
"AGCCACTCCCGTGCTT-1",3
"ATACGGGTTTCGATTG-1",3
"CTGTCAAATGGCTCGG-1",3
"GCTCGGAATTTAAAGC-1",3
"TAGGCATGTTACGCCA-1",3
"TGGCAACTCGCGCGCC-1",3
"ATCAGTAGGCAGGGAT-1",3
"TATCGATCTATGCATA-1",3
"CGACTCAGGATGTTAT-1",1
"GCCATATTGCACACAG-1",1
"AATTCATAAGGGATCT-1",1
"CGGTAGAGGTGCAGGT-1",1
"AATGATGATACGCTAT-1",1
"CTTGTGCTCACCGATT-1",1
"TTCCAATCAGAGCTAG-1",1
"CGATGGACCCTACGCC-1",1
"GGTCGGATAAACGGCG-1",1
"TTAGCTAATACGATCT-1",1
"CTCGATATTTGCGAGC-1",1
"ATTACTTACTGGGCAT-1",1
"CTAGCCGATGTTATGA-1",1
"TACTGCAATCAATTAC-1",1
"TAGTCTGTGACGTTGC-1",1
"CTCGTTTCTAATGTTT-1",1
"TTCGTTCAACGAAGTT-1",1
"CTGAATTTATTGCCAG-1",1
"TGGAATATCCTTGACC-1",1
"CAGATCATTTAAAGTC-1",1
"CTCCTTTACGCAAGTC-1",1
"TCCCAAACAGACAACG-1",1
"ATCGCTGCGTGCAGCA-1",1
"TTAGTTCAAGTGTTCG-1",1
"AAACTCGTGATATAAG-1",1
"TTAACGAACAAGCAGT-1",1
"GTTATATCAGGAGCCA-1",1
"CAAATTGGATTATGCC-1",1
"CGAGGAGCTTCCATAT-1",1
"GGAGACCAATGTGCTT-1",1
"CATTGATGAACACGCC-1",1
"GTCAATGCTATAATTT-1",1
"ACCACCCTCTCTTCTA-1",1
"TGGAGGGAAACACCTC-1",1
"CACGGACGTGGATGGC-1",1
"TTAACTCACGCGTGGA-1",1
"GGAACGGCCTGCAGCC-1",1
"GTAGAAACGGGTGGAG-1",1
"TAATGAAAGACCCTTG-1",1
"AGGCTTGCTAGACACC-1",1
"TTGCGTAGTTTGAGGA-1",1
"CGCCCTTGAAGGCTGA-1",1
"CCCGGTGGAAGAACCT-1",1
"TTAACACCTCGAACAT-1",1
"GATTCCTATACGGCGC-1",1
"TTACCCTAACAGTCCT-1",1
"ACCCACCTACATGCTC-1",1
"AAAGGGCAGCTTGAAT-1",1
"CACACAGGGATAGATT-1",1
"AGAGCGTACAAGCTCG-1",1
"TCTTACGGCATCCGAC-1",1
"GCCTATTCCGATATAG-1",1
"GAAAGTGACTAACTGC-1",1
"CCGGAATGGTTTCAGT-1",1
"AGTATAATACTAGGCA-1",1
"TAACTATCGAAGGTCC-1",1
"ATGAGGAGTGTTAATC-1",1
"TGTGTCGCGAGTTGCA-1",1
"ATCCAACGCAGTCATA-1",3
"AAGGCGCGTAAAGCTT-1",3
"AGTCGGCCCAAACGAC-1",3
"AACGTCAGACTAGTGG-1",3
"ACTACCAGCTCTCTGG-1",3
"GCAAGTGCACAGAGAA-1",3
"ACACCTTAAGTAGGGC-1",3
"TTCGACGGGAAGGGCG-1",3
"TTCGCACTCGCGTGCT-1",3
"TATTTGTTACCCTTTA-1",3
"CGCTGTGACGCCGCAC-1",3
"GTTGCACGGAGTTTCG-1",3
"GTTTCCTGGAGGGTGA-1",3
"ACACCCAGCATGCAGC-1",3
"TCAACCATGTTCGGGC-1",3
"TTACAACTACGCATCC-1",3
"TCCGATGGTGCGACAT-1",3
"GGGCGTACATTTATAT-1",3
"AGCGACCAACGATATT-1",3
"ACACAAAGACGGGTGG-1",3
"ATCGCACGCCGGGAGA-1",3
"GCTCTAAACCCTGACG-1",3
"AATGCAACCGGGTACC-1",3
"TCAAACAACCGCGTCG-1",3
"TATGCTCCCTACTTAC-1",3
"AAAGGGATGTAGCAAG-1",3
"ACGATCATACATAGAG-1",3
"TTGTTCAGTGTGCTAC-1",3
"ATGCATGATCCAGGAT-1",3
"AGTCTTCTCCTCAAAT-1",3
"GATTCCCTTGTCGCAG-1",3
"CTCGCACCTATATAGT-1",3
"ACTCAATAAAGGCACG-1",3
"AACCGAGCTTGGTCAT-1",3
"TAAGGCAACATAAGAT-1",3
"CACGCACAGCGCAGCT-1",3
"GGTTTACAATCTCAAT-1",3
"TGCAGGATCGGCAAAG-1",3
"ATAACGGAGTCCAACG-1",3
"AACGATATGTCAACTG-1",3
"GACAACGACCATTGAA-1",3
"TTGACCATGTTCTCCG-1",3
"AGTACGGGCACCTGGC-1",3
"CGCCATCCGATTATGA-1",3
"AAGGTATCCTAATATA-1",3
"TGTTGTCAAGAAGTCT-1",1
"CAGTGAATAAATGACT-1",1
"CACCTTGCGAAACTCG-1",3
"CATTTAGCGGACCATG-1",3
"CCAGTCTAGACGGCGC-1",1
"TCGCTTTAAACGTTTG-1",3
"GTGAAACGGCGCCACC-1",3
"GGGCTCATCGAACCCA-1",1
"TTGATGTGTAGTCCCG-1",1
"CAGTAGCCCACGCGGT-1",1
"AGCGCGGGTGCCAATG-1",1
"TAATCGATCCGTACGT-1",1
"AGTGGCGGCAATTTGA-1",1
"CCTTTCAATGAAGAAA-1",1
"CTCAGTCACGACAAAT-1",1
"ATAGGCTAGCTTCGCA-1",1
"CGGTTCAAGTAGGTGT-1",1
"CAGTCGAGGATGCAAT-1",1
"TATCACCCAACCGACC-1",1
"AATGATGCGACTCCTG-1",1
"TGGAACCACTGACACA-1",1
"GCCAATAGGGCATCTC-1",1
"TTCTTTGGTCGCGACG-1",1
"ATTAGATTCCTCAGCA-1",1
"CCGTGGAACGATCCAA-1",1
"GGGTCGTGGCAAGTGT-1",1
"TCGCTCGGCACCAGCG-1",1
"ACGCAATCACTACAGC-1",1
"CTCTAATGCATTGATC-1",1
"GTCTCGACTAAGTTTG-1",1
"TGGTTTAAACGTGGGT-1",1
"CGCAGATCTTCACCCG-1",1
"TCCAGATGTACGCCAA-1",1
"CATTGCGGGTCAATTC-1",1
"GACGTTCGTAAATACA-1",1
"TACACCGTCGTTAGTC-1",1
"ACGGGCGTATGCGACA-1",1
"GAAGGCTACCATTGTT-1",1
"TAAATCTTTACACCTC-1",1
"AGTTTATGTAAAGACA-1",1
"AGGAGACATCCACAGT-1",1
"CAACCTGAACCTGCCA-1",1
"TTAAACCTGGTTCCTT-1",1
"GCTAAGTAAAGGCGAT-1",1
"AGTTACCGCACATGGT-1",1
"GACTGCGGCACGTGTA-1",1
"TGGTGATCGTATTTGT-1",1
"TTATCGCCTGCGAAGC-1",1
"TGGAATTAGACGCTTT-1",1
"TCGTCACACTGTTAGC-1",1
"TTATGTTTGCGATAGA-1",1
"GGTGCTGATCACAAAG-1",3
"CATAGCCGCCCGGGAT-1",3
"GGTTAGTTACGGCGCC-1",1
"ATTCCCACATAAACAA-1",1
"ATTCAGTAGCAGGGTC-1",3
"CAGTTCCGCGGGTCGA-1",1
"AAGAGATGAATCGGTA-1",3
"CGCAATTCTACAATAA-1",3
"TAACGCTTTGAGAGCG-1",3
"AGGCTATGGTTAGCTT-1",3
"GAGGAATGGAGAGGTT-1",3
"TCCTCTACGAGATGGC-1",1
"TTGATTATGCAGATGA-1",3
"TCAGTACTGACCCGCG-1",1
"TTATGACAAACTGGAT-1",3
"GTAAGTAGGGTATACC-1",3
"CGCAAACACGAGTTAC-1",3
"TGGCCGTATATTGACC-1",3
"ACTGTAGCACTTTGGA-1",3
"GCTCTATGTTACGTGC-1",3
"TGCGCGATTAACGGAG-1",3
"GAATCGACATGGTCAC-1",3
"GACTAAGTAGGCTCAC-1",3
"ATCTTGACCTGCAACG-1",3
"ATGCACTACCGCATTG-1",3
"CAGATACTAACATAGT-1",3
"GATCGACACTATCTGA-1",3
"ATAGAGTACTGGGACA-1",3
"CCTACTGCTTACACTT-1",3
"CCTGCTATTTGAGAAG-1",3
"CGCGTTCATGAAATAC-1",3
"CATTATGCTTGTTGTG-1",3
"CCAGGGACGTGGCCTC-1",3
"TATGGATGTGCTACGC-1",3
"GTACTAAGATTTGGAG-1",3
"AGACCCGCCCTCCTCG-1",3
"CGCATTAGCTAATAGG-1",3
"GCTCTCGGGTACCGAA-1",3
"CACCGCCAGAAGGTTT-1",3
"TCCCAAAGACGAAGGA-1",3
"ATGGATTGACCAAACG-1",3
"GTCATGGACATGACTA-1",3
"CTACTGCCACCTGACC-1",3
"TTATATTTGGCAATCC-1",3
"AGCACCAGTACTCACG-1",3
"CATGGTCTAGATACCG-1",3
"TCTACCGTCCACAAGC-1",3
"CTAGTTGGGCCCGGTA-1",3
"TCCCGCGTACTCCTGG-1",3
"CAGAGCATGAGCTTGC-1",3
"ACACGGGAACTTAGGG-1",3
"GGCTCTGCTCCAACGC-1",3
"AGAACGTGGTACATTC-1",3
"CAATAAACCTTGGCCC-1",3
"ACTTCGCCATACGCAC-1",3
"ATCTGGTTAAGACTGT-1",3
"TCGTAAGACGACATTG-1",3
"GTGTACCTTGGCTACG-1",3
"GCCCGTAATACCTTCT-1",3
"CGGTCAAGTGGGAACC-1",3
"TTGTAAGGCCAGTTGG-1",3
"GGAGCACCAAGAACTA-1",1
"TAATAGTGACGACCAG-1",1
"CTAAATCCTATTCCGG-1",1
"CGAGTTCTGTCCCACC-1",1
"AGGCAGATGCGTAAAC-1",1
"AAGGATGAGGGACCTC-1",1
"AGAGAACCGTCTAGGA-1",1
"GAGGGCGCAGCTCTGC-1",1
"AAGATTGGCGGAACGT-1",1
"CCAGTAGTCTGATCCA-1",1
"AAGGGACAGATTCTGT-1",1
"ATAGAGTTATCAACTT-1",1
"AAATTACCTATCGATG-1",1
"GATCCTAAATCGGGAC-1",1
"TTACAGACCTAAATGA-1",1
"CCTCACCTTAGCATCG-1",1
"CATGCGACCAGTTTAA-1",1
"AACATATCAACTGGTG-1",1
"CTATAAGAGCCAATCG-1",1
"AATATCGAGGGTTCTC-1",1
"GTACTCCTGGGTATGC-1",1
"ATAAGTAGGATTCAGA-1",1
"AGGTCGCGGAGTTACT-1",1
"CTAATTCTCAGATATT-1",1
"GCCAACCATTTCCGGA-1",1
"TGATCCCAGCATTAGT-1",1
"CGTTGTAAGATTGATT-1",1
"GAAACCATGGTGCGCT-1",1
"AATCTATGCCGGAGCC-1",1
"GACTCCCAGAATAAGG-1",1
"TATGATCCGGCACGCC-1",1
"CCGCTTGCTGACATGG-1",1
"TGGTTAAGGGCGCTGG-1",1
"TTGATAGTCAATACAT-1",1
"GGTTTAATTGAGCAGG-1",1
"CATTACATAGATTGTG-1",1
"GGTACACCAGATTTAT-1",1
"GGCCCGTATACCATGC-1",1
"ATCTTTCGTATAACCA-1",1
"GAGATGACAATCCTTA-1",3
"AAAGCTTGCCTACATA-1",1
"GAACGATAAGTTAAAG-1",3
"TGATAGCGGGATTCTA-1",1
"GTCAGTTTGGTAGTCG-1",1
"GCATTCGAAATGAACA-1",1
"AAAGACTGGGCGCTTT-1",1
"TAACAATATTTGTTGC-1",1
"CCAGCTTCCGCCCGCA-1",1
"GATATGGATTACGCGG-1",1
"AGAGCAGTTATGAGAC-1",1
"TCACATCTTATCTGAT-1",1
"TATGAAGACAGGTGCG-1",3
"TACCTGCTGCACTGTG-1",3
"TAGGTCCAAGTAAGGA-1",3
"GAAACTCGTGCGATGC-1",3
"AACAATTACTCTACGC-1",3
"CCGCACGTGACCTCGG-1",3
"AACTTGCCCGTATGCA-1",3
"GGGTATGTATGCACTT-1",3
"TTCGTACTCCAGAACG-1",3
"GAATTTCTCGCTGCAG-1",3
"AACAGGATGGGCCGCG-1",3
"GACGTGTAGGGATTAT-1",1
"TAGGTGAGCCCTACTC-1",3
"CTAATTCGCACGCGCT-1",3
"GAAGCTTGCTGACCGC-1",3
"GGTTAGGCTTGGAGAA-1",3
"ACAAGGACAAGAGGTT-1",3
"AGGCCACCCGTTATGA-1",3
"GTGGGCTTAGACACAC-1",3
"CGTGTCCCATTCGCGA-1",3
"TGGAGTGATGCGATGA-1",3
"AACAACTGGTAGTTGC-1",3
"CCTGGCTAGACCCGCC-1",3
"CGCAATTAGGGTAATA-1",3
"TCGAAATTTAGGACCA-1",3
"AGACTAGCCTTCCAGA-1",3
"TTGATCTAACTTTGTC-1",3
"AAGGAGCGGTTGGTGC-1",3
"ACTTGGGACCCGGTGG-1",3
"TGATCTCCGGCGCCAG-1",3
"CAGTTCAAATTGACAC-1",3
"GTCCGGCTGAATTGCG-1",3
"CTGGAAATGGATGCTT-1",3
"TGATCGGTTTGACCCT-1",3
"TAGAGTCTAAGCGAAC-1",3
"GAGACTGATGGGTAGA-1",3
"TAGCTAAGTCCGGGAG-1",3
"GGGCGATATGTGTGAA-1",3
"CTCGAGGTCGAACAGT-1",3
"GATCCCTTTATACTGC-1",3
"GTCATGCACCTCCGTT-1",3
"ACTTTCCTATAGCTTC-1",3
"TCGCTCGATATATTCC-1",3
"ATAGGTTGGGCAGATG-1",3
"CAATTAAGGGTGATGA-1",3
"ACCGACTGAGTCCCAC-1",3
"CCTGTCACCCGGGCTC-1",3
"GATCGGTGGCCATAAC-1",3
"CCTATGGGTTACCGTC-1",3
"TTGGGACACTGCCCGC-1",3
"CGAGGCTAAATATGGC-1",3
"TCAGGGTGTAACGTAA-1",3
"CGAGAGATGTGAACCT-1",3
"TCGCTGGGCGGATTGT-1",3
"AGATCTCAGGTGTGAT-1",3
"TGGCCAAACTGAAGTA-1",3
"GCTTCCGTCCCTAGAC-1",3
"CAGCAGCCCGTTCCTT-1",3
"TGTATAACAGATCCTG-1",3
"CGCGGGAATTAGGCAG-1",3
"TGCATGTGGTAATCTA-1",1
"ACAATTTGAGCAGTGG-1",1
"GAGCTAAGGGCATATC-1",1
"CCAGATAGTTGAGTGA-1",1
"CCACAATGTACGTCTT-1",1
"CAATGGATCTCTACCA-1",1
"TGTGGCAAAGCGTATG-1",1
"TAAAGCGTTAGGAGAA-1",1
"TCCGTTTAGCCTTGAA-1",1
"CAGCTCGACAAGTTAA-1",1
"GCCTATAGTGTCAGGG-1",1
"ATAGACAACGGGACCT-1",1
"CTACTATCTTTCAGAG-1",1
"GCGCTGCTTTGCATTT-1",1
"GCGCATCCAGTCAGCA-1",1
"GACTCGCGGGAATGAC-1",1
"CTGGTAACGAGCTCTT-1",1
"TCCGGCCTAGCGTACA-1",1
"TCTAGGTGGCGACGCT-1",1
"ACGCTAGTGATACACT-1",1
"ATCTGCACCTCTGCGA-1",1
"CCTCACCTGAGGGAGC-1",1
"AGTGAGCCTCGCCGCC-1",3
"ACGAGTACGGATGCCC-1",1
"GGTACCATTAAGACGG-1",1
"TTCTGCTAGACTCCAA-1",1
"TAACTATTACGCCAAA-1",3
"GCATTCAAGGCAACGC-1",1
"AGTACATCATTTATCA-1",3
"GTCGTGTCTGGTCATC-1",1
"AGTCTAAAGTATACTC-1",3
"CGGCCCAACCTGTAGT-1",3
"AGGGAGACATACTTCG-1",3
"TCCCTAGATCAATAGG-1",3
"TCCCGTCGCGTCATAG-1",3
"CGCATCCATCAGCCAG-1",1
"CTGCACCTAGTCCACA-1",3
"CGAGGATCGGGAACGA-1",3
"CAATGAGGTTCGACTA-1",3
"TCTGACGGGCTAACCC-1",1
"TTCTATGCCTTTCGCA-1",3
"AGAGTATAGTGTTACG-1",3
"CCATTGTTTCCTCCAT-1",3
"AATGGTCCACCGTTCA-1",1
"TGTCCGTGGCGCCTTT-1",1
"TCAACTAACGTATAAC-1",3
"TCCTCTCCAGTTGTCC-1",3
"TGTGTTCGTATCCAAG-1",3
"CCGCGTAGGTAAGGGC-1",3
"CTGCGGGTGAAATGTT-1",3
"TATCTACAGAGGTAAT-1",3
"CTACTCTAGGCCCGGC-1",3
"ACAAGCAGTGCCTAGC-1",3
"TACAAGTCTCGTGCAT-1",3
"TCGGAATGCGCTCTGA-1",3
"TCGCGTCCAGAAGGTC-1",3
"TATGGCCCGGCCTCGC-1",3
"GCTGGCATATTCACCT-1",3
"GTCAGAATAGTCTATG-1",3
"GGCGTCCTATCCGCTG-1",3
"CGGAGTTTGAGAGACA-1",3
"AGCACTTAAGGACGCC-1",3
"TCCACAATGGTTTACG-1",3
"CCAACGATGCACTGAT-1",3
"ATTTACAGTTTACTGG-1",3
"CCCTGAAATGAGTTGA-1",3
"CAAACGGTCGCACTTT-1",3
"TGATTCGTCTATCACT-1",3
"TCAGGTTCTTTGAGAA-1",3
"CACGCAGCGAGGCTTT-1",3
"TTAAGCGCCTGACCCA-1",3
"CTTACACGGTATTCCA-1",3
"AAGGCTGTGCTCATCG-1",3
"GACCAGAGCCCTGTAG-1",3
"TCCCAGGCTTAGCTAA-1",3
"ATTGAAGATCTTAGTG-1",3
"AGTTCCTACAGAATTA-1",3
"GGGCTGGTTAGTCGCG-1",3
"GAAATGGCGGTGTTAG-1",3
"TACGAACACGACTTCA-1",3
"ACCACAAGTTTCTATC-1",3
"ATATTTAACCCTCAAG-1",3
"GATCATTCCAAACATT-1",3
"TCCAGGCGAGTACGGT-1",3
"GTTTGACCAAATCCTA-1",3
"CACAGCACCCACGGCA-1",3
"TGCAAGAATGACGTAA-1",3
"GCGAAGCCATACCCGT-1",3
"TCCTTTCTTACGCTTA-1",3
"GCTGCTCTCCGGACAC-1",3
"ACTGTCTTCTTTAGAA-1",3
"TCAAACTTAGATTGTT-1",3
"CTATGTCACTAGCCCA-1",3
"TGCGCAAAGCATTTGG-1",3
"TTAATGTAGACCAGGT-1",3
"GGCGGTAGGATCATTG-1",3
"GGCAATAGTCAATGAG-1",3
"ACACGAGACTCCTTCT-1",3
"GACACAAGGGAAGAAA-1",3
"TCAGCAAATGCATCTC-1",3
"GAGATCTGTCACTCCG-1",3
"ATGCCGGTCTTGCATA-1",3
"TTGGGCGGCGGTTGCC-1",3
"TTGTTGTGTGTCAAGA-1",3
"ACTGTACGATACACAT-1",3
"TCCACTTTATCTAGGT-1",3
"GGTCTGAGAATCTGGA-1",3
"TAGAAAGGTGGCGCTA-1",3
"TATGTCTCATTGTGCC-1",1
"GGATTTCACTTCTATA-1",1
"TGAGTGGTCCGTGACG-1",1
"CGCTTTCTTGCATTCG-1",1
"ACCCAACGCCCGTGGC-1",1
"GAACGTCTCATGGTCG-1",1
"AGGGTTCCCTTTGGTT-1",1
"GTAGCTTCCTCTTGTT-1",1
"GCATGAGGGACGCGGC-1",1
"CTACCCTAAGGTCATA-1",1
"TCACCGCTCGGCACTC-1",1
"GGCTCGCGTTGAGGTA-1",1
"CTAACGAAACTTGCTG-1",1
"TTAAACTCGAATTCAT-1",1
"TACTTTACTGAGCCGG-1",1
"GCTTGGATCGATTAGG-1",1
"CGGTTATCCAACAGTG-1",1
"CAGACCTGTAAGTGTT-1",3
"GACGGTCAATAGAAGC-1",1
"CTGACTGCGCAGCTCG-1",3
"CCATACCTTTACTTGT-1",3
"GTAATAAAGGGCTCCC-1",3
"GTGAACTCCCATTCGA-1",3
"GTGGTTACTTCTTTCG-1",3
"TCAGAACCTCCACAGG-1",3
"TCCCACTCTCTTCCGG-1",3
"ATCTTGACTTGTCCAA-1",3
"TCGGGAACGTGCCTAG-1",3
"GTTAGCCGTAAATCAA-1",3
"ATTTACTAAGTCCATT-1",3
"GGGTGCATATGAAAGC-1",3
"TCCGAATGGTCCTGAG-1",3
"TGATGGCTGTTTCTGA-1",3
"AAATAAGGTAGTGCCC-1",3
"CCACTATCCGGGTCAC-1",3
"ACACCACATAATTAGC-1",3
"CGCGGTAAGTCTAGCT-1",3
"GCGGGCATTACGATGC-1",3
"AGGATTGCTTACGACA-1",3
"CTCGGGATAACACCTA-1",3
"GTCGTCTGGTTGGCTA-1",3
"GCAATTAGTCGCACCG-1",3
"CTTTGGCGCTTTATAC-1",1
"TCCGAACTTGGCTTAC-1",3
"TAGATTCCTGGTTATT-1",3
"CCGACAAAGGGAGTGC-1",3
"CCATGGCCCTTGTACC-1",3
"GAAATATCACCATCAG-1",3
"ACGAAATGGGCGGCAC-1",3
"GTGAGCGTGCTGCACT-1",3
"CCGCGGGTACGAAGAA-1",3
"TCCCTGGCTCGCTGGA-1",3
"CAGCTTAGTAGGTAGC-1",3
"CACGAAAGTTAGTCCC-1",3
"ACCTAATCGACTTCCT-1",3
"AAGTAGTGACGCGAGG-1",3
"TCCGATTACATTGCCG-1",3
"CCTCCGACAATTCAAG-1",3
"GTTCACAGGAGTCTAG-1",3
"CGAAGTTGCTCTGTGT-1",3
"GTCGGATATCTCAGAC-1",3
"CGCTCTCCGTAGATTA-1",3
"CAAGCAACGTCGGAGT-1",3
"CCATTCCCTGCCCACA-1",3
"CTTTGGCTTTAGTAAA-1",3
"GGCTATTAAGTTGTAT-1",3
"CCATTAGCGATAATCC-1",3
"TGTTCTTCCATTGACT-1",3
"AGATAACTTCAGGGCC-1",3
"ATAGACGAAGAGAAAG-1",3
"GGCGGAGTAATATTAG-1",3
"TGACCCACGTTAGACA-1",3
"TCACAGGTTATTGGGC-1",3
"TCACGCATTGTAGATC-1",3
"TTGAAGAATTCCCAGG-1",3
"AAATGGTCAATGTGCC-1",3
"TAGTGCCCTCCAGAGT-1",3
"GGTATTGCCGAGTTTA-1",3
"CGTATTAAGAGATCTA-1",3
"ACTGTCCAGGATTATA-1",3
"CGGGCAGCTAAACCGC-1",3
"TTGCTGATCATGTTCG-1",3
"TATGGGTACGTATCGT-1",3
"CAGCTCACTGAGACAT-1",3
"GGGACTGCATAGATAG-1",3
"ACGCATTCGTGAGTAC-1",3
"CTCTGGACGCCTGGTG-1",3
"AGGGTTTAGTTCGGGA-1",3
"GGGAGAACTCACAGTA-1",3
"ATCAATCTGGGCTGCA-1",3
"TCTTCGATACCAATAA-1",3
"ACGTAGATTGCTGATG-1",3
"TCTTGATGCGTAGCGA-1",3
"GGGCTGCCTAGGGCGA-1",3
"CTCTCACAATCGATGA-1",3
"CCAAGCGTAACTCGTA-1",3
"ACAACAGCATGAGCTA-1",3
"GTCCCAACGTAAAGTA-1",3
"TCGGAGTACATGAGTA-1",3
"GGGAGTTAATGAGGCG-1",3
"CCGGGCGGTCTCGTCA-1",3
"CCGTAAGTTGGTCCCA-1",3
"GGAGGGCTTGGTTGGC-1",3
"TCGGACGCCCAGCCCA-1",3
"TCTGTGCCATCATAGT-1",3
"GTACTGGAGTTAGACC-1",3
"GGAATGCGCTAGCGTG-1",3
"GTGTGAATAACTTAGG-1",3
"GGTCGGCCAGGAGCTT-1",3
"TAGCCGGCGGTCAGCG-1",1
"CGGGTGTACCCATTTA-1",1
"AGTGATTCAAGCAGGA-1",1
"GTTGGATTGAGAACAC-1",1
"CACACGCGCTGTCTTA-1",1
"TAGACGCCCGTACCGG-1",1
"GGTTTCAATCGGTCAG-1",1
"AATCTGCGTTGGGACG-1",1
"TTACGGATGGTTCGAG-1",1
"CGGCAGGGTCGGGTTG-1",1
"GCTTTCAGAGGAGGTG-1",1
"TCTTCCCATGGGCACA-1",1
"TACCGCGGACTTGCAG-1",3
"AGAATTATGGATTCGA-1",3
"ATTGATGAGTCCTAAC-1",3
"TAGGTCGCCGGAACTG-1",3
"TAACCTACCGTCCGAG-1",3
"CTTAGTAGGCCTACAG-1",3
"CTAGATGTGAGTGTAA-1",3
"ACTCCCGAATTCGTTT-1",3
"GTTCATCGTTTGGCTG-1",3
"ACTTTACCCTCATGAA-1",3
"GCGAGAGTTGCGTCCA-1",3
"GTTCGGGCGTACCATT-1",3
"CGACTTTGTATAGCCT-1",3
"GCCATCGATGCTGCAT-1",3
"GCATTTCCAAGGCTCC-1",3
"ATGTAAGGCTGCTCTT-1",3
"ACGTTCGCAATCAATT-1",3
"GTGACGAGGGTGACCC-1",3
"ATTATAGCTACTTTAC-1",3
"CGTGTGTTAAACCCTG-1",3
"TTGGTATGGCTTGTGT-1",3
"CATTCCCATTCCGTCG-1",3
"TGCCGAAAGCGTATTC-1",3
"CAACACATCTCCTGCC-1",3
"CTGCCTCATATGCAAC-1",3
"TCCCGCCTATGTGCGT-1",3
"GGTTACCCGACACTTT-1",3
"TAAGGGCTGGGAGAGG-1",3
"TAAGCAGGCGACACGC-1",3
"AGCACTACCGGCCTGT-1",3
"GAAAGCCCTTTGGACC-1",3
"GACCGACTGAAGCGTC-1",3
"CGGTGAAGACTAAAGT-1",3
"CCCTGCGCTACGCATA-1",3
"TACTGGACAGCTCGGC-1",3
"TTAGTAGGGCGGCGGG-1",3
"GAGGCTATCAAAGTCG-1",3
"TTACCATTGATTACCC-1",3
"ATACCACGGGCAACTT-1",3
"TGTCCTAAGTCACCGC-1",3
"AGGTAGGTACAAAGCT-1",3
"GGCATACAGGTAGCGG-1",3
"TGTAGTGATCTATAAT-1",3
"TCCCGGGTGTGCTGCT-1",3
"TACGATGTTGATCATC-1",3
"CCTCTCTCCCATCTAG-1",3
"GCAGGACTATAGAATA-1",3
"CTAGTGAAGGACAGGA-1",3
"TACGAGAACTTCACGT-1",3
"CGTTGTTTCAATTCCC-1",3
"GCAAATATTACGCTTT-1",3
"CCAATAGTGCCGTCGA-1",3
"ATTGCTGCTCCTCCAT-1",3
"GAGATCTGCTTGGCAT-1",3
"GCCGAAATTCCTACGT-1",3
"GGCACTCCACTGGGCA-1",3
"GGGTCACCGTGACGGT-1",3
"CACTTAATCAGACGGA-1",3
"CGTTTCGCTCATTACA-1",3
"ATAAAGGCTCGGTCGT-1",3
"CACTAAAGTTGCCTAT-1",3
"GTGCTCAAGTACTGTC-1",3
"CCATGCCTGTTTAGTA-1",3
"TCTAGTTATCAGAAGA-1",3
"TTGTAATCCGTACTCG-1",3
"TCCCAGCTTTAGTCTG-1",3
"CTACGCACGGAGTACC-1",3
"AAATTAACGGGTAGCT-1",3
"CGGCCACGCACAAAGT-1",3
"GAAGCGTGAGGAATTT-1",3
"ATATCTTAGGGCCTTC-1",3
"ACGCGGGCCAAGGACA-1",3
"GCGAGTTCTGCAAAGA-1",3
"TATTCGTGCCAGAATA-1",3
"AGGGCTGCAGTTACAG-1",3
"CTAGCATAGTATAATG-1",3
"TAGGTTCGAGTTCGTC-1",3
"GAATTATAGTGAAAGG-1",3
"CTATCGGGTCTCAACA-1",3
"GCGCTAATTGAATAGA-1",3
"ATGCGACAGTCCCATT-1",3
"GGTAGTGCTCGCACCA-1",3
"AAGCTCGTGCCAAGTC-1",3
"TATTCAATTCTAATCC-1",3
"TTCAAAGTCTCTAGCC-1",3
"TTGAATATGGACTTTC-1",3
"AAGAGCTCTTTATCGG-1",3
"TTACTCCGGCCGGGAA-1",3
"AAACGAGACGGTTGAT-1",3
"GCTAAGTAGTTTCTCT-1",3
"ATAACGCCGGAGGGTC-1",3
"GGATCCGGAATATACT-1",3
"TGAAAGGACCTGACTC-1",3
"TCCGCGGCAGCATCTG-1",3
"TGCATATGTCTGTCAC-1",3
"TGTAGGAGAAATTTCC-1",1
"AGTGAGACTTCCAGTA-1",1
"CCCAAACATGCTGCTC-1",1
"GCTTATGAAGCAGGAA-1",1
"TTCTAACCGAAGCTTA-1",1
"GGATGTCCTTACCGCA-1",1
"AGGGTGCTCTCGAGGG-1",1
"AACTCTCAATAGAGCG-1",1
"TCTGAATTCCGTACAA-1",1
"GCGTGGTACTGGGTTA-1",3
"CGTCGGATAGTGTTGA-1",3
"ATATGTCTCCCTAGCC-1",3
"TCTTTAAGACTATGAA-1",3
"TCATTTAAGTCTCCGA-1",3
"GATATTGAGATTGGCG-1",3
"TGACATCGAGCGGACC-1",3
"GCGTAAATGGCCATAA-1",3
"ATTGTACAACTCGGCT-1",3
"TACGCTATAGAAACCT-1",3
"CACCCAAATCTTATGT-1",3
"AGATGATGGAGTCTGG-1",3
"CCACGGTGCCCGGTAG-1",3
"TCAAGAAATACTAGCT-1",3
"AGGTATAATTGATAGT-1",3
"CAAGGTCCTATAGGCT-1",3
"CCGGCACGACCGTTTC-1",3
"ACCTCCGTTATTCACC-1",3
"GCAGCCTATATCACAT-1",3
"GGTATAGTGACACATA-1",3
"AAATTCCAGGTCCAAA-1",3
"TCTTTAGCAGGCGAAC-1",3
"TATTGACATTTCTGCC-1",3
"TCTGATCGGGTGCTAG-1",3
"GGCCCGGAGCATGTCT-1",3
"GGGCGCAGCGTTACTC-1",3
"TTGGCGATCCGAATAT-1",3
"AAAGTCGACCCTCAGT-1",1
"AGGTGTATCGCCATGA-1",3
"TGTGCTTTACGTAAGA-1",3
"AAACCTCATGAAGTTG-1",3
"TATAGGGTACTCATGA-1",3
"CCAGCTGATGGTACTT-1",3
"AATATTGGAGTATTGA-1",3
"GGCCCTCACCCACTTA-1",3
"AACCAAGACTTCTCTG-1",3
"TCGTATTACCCATTGC-1",3
"ATTCGACGCCGGGCCT-1",3
"GGCGCAGGACATCTTC-1",3
"GTACTCCCTTATCGCT-1",3
"TGGTCTGTTGGGCGTA-1",3
"AATAACAACGCTCGGC-1",3
"CATACCCGTACCCAGT-1",3
"ACAATCCATTTAAACC-1",3
"GTTACAATTGGTGACG-1",3
"TTGCCCTGATCACGGG-1",3
"CTAACCGCGCGCCCGT-1",3
"CTAAAGAATGCCTACT-1",3
"ACCCATCTTGAGGGTA-1",3
"GATCTTTGCAGGGTAT-1",3
"GGGTACTTCATGAACT-1",3
"GCCGCTTGTGAGAAAC-1",3
"CCTGTAAGACATGATA-1",3
"CGACAGTTCGCGTTAT-1",3
"ACGATGCATATGTTAT-1",3
"TGTTCCGCTTCCATGA-1",3
"GGATGACGCGAGTTTA-1",3
"GAAGTTTCCACTCAAT-1",3
"GCGAGGCCCGAGCAGA-1",3
"CATACTATGTAATTGT-1",3
"CCAATGTCACAGCAAG-1",3
"GTTGGATTTGCGTTGG-1",3
"GGGAGGATGCCCGAAA-1",3
"GATCGCGGGCTCTCCA-1",3
"GTTCGCCATAAGTGCC-1",3
"AGATTATAGGACGTTT-1",3
"TCGAGACCAACACCGT-1",3
"TATGGGACCGAGCAGG-1",3
"GATGCGTCCTGCATTC-1",3
"TATGGTCTGAGTAACA-1",3
"GCATAGAGCACTCAGG-1",3
"CTTCATTGTCAGTGGA-1",3
"GCAGATTAGGGATATC-1",3
"CCTGTCGCCCGTAAAT-1",3
"CAATTTCGTATAAGGG-1",3
"GTACACTTACCTGAAG-1",3
"CCAGCCTGGACCAATA-1",3
"ATGGAGCAGGCCGTGA-1",3
"GTCATTAGAGCGAACG-1",3
"AAGACTGCAAGCTACT-1",3
"CTAGTCACGTCTTAAG-1",3
"ACTCTTGTATAGTAAC-1",3
"ATTAGGCGATGCTTTC-1",3
"TTCGGGACTAATCGCG-1",3
"TGGACTGTTCGCTCAA-1",3
"AACGTGCGAAAGTCTC-1",3
"CCACCCAAGGAAAGTG-1",3
"CCGCACAAAGACCAAC-1",3
"GCGATTGTTAACGTTA-1",3
"ACTCGTCAGTAATCCC-1",3
"GGTGATAAGGAGCAGT-1",3
"AAGAGGCATGGATCGC-1",3
"CACGTTCGTGCTCTAG-1",3
"CTATTTGGTTACGGAT-1",3
"GTACAGAGGCAAGGGT-1",3
"GGGCCGGCCGAAGTAC-1",3
"CCGGGCTGCTCCATAC-1",1
"CCTAGGCGTAGCGATC-1",3
"CTGGCGCACAGGTCTG-1",2
"ACTTATACTTACCCGG-1",3
"GAAGTCTCCCTAGCGA-1",2
"ACCGATGGTAGCATCG-1",1
"CGAGTTTATCGGACTG-1",3
"CATAACGGACAGTCGT-1",3
"TGACGATGCACTAGAA-1",3
"TAGGGAGCTTGGGATG-1",3
"AGGGTCGATGCGAACT-1",3
"TATATCCCTGGGAGGA-1",3
"CATCTTACACCACCTC-1",3
"GTGCGACAGGGAGTGT-1",3
"CCGATCTCAACCTTAT-1",3
"ACGATCATCTTGTAAA-1",3
"GAAAGAACAGCGTTAT-1",3
"CTAGGTCTGAAGGAAT-1",3
"ATATCAACCTACAGAG-1",3
"AAATAGCTTAGACTTT-1",3
"GCGACATGTAAACATC-1",3
"ATAAGTAGGGCGACTC-1",3
"GCGAGCGCATGCTCCC-1",3
"AGGGACCGGCTGCGTT-1",3
"CCTATGAAGTGGTGCC-1",3
"GCTTACGTAGTTAGTA-1",3
"CATACTTAGGCAATAC-1",3
"CCTGTCCCTCACGTTA-1",3
"CAATGTGCCAACCCTT-1",3
"GTTAAGTTAGAGTGGG-1",3
"CTGGGATACGCTACCC-1",3
"AACCTGTCACGGAATT-1",3
"ACTGCGGACACACCGT-1",3
"CCGTGAGGCATTCATG-1",3
"GCCCAGATGCTGGAGA-1",3
"ACTTTGACTGCATCCT-1",1
"CCCTGACTAACAAATT-1",1
"ACGCTGTGAGGCGTAG-1",1
"GCATACGAGGTCTTTA-1",1
"TCGGGATTCAAACATA-1",1
"GGGCCCTACGAAAGGG-1",3
"CGCCAAGAAGCCGAGT-1",3
"GGTACATCTGGGACGA-1",3
"GGATGCTGGCGTTCCT-1",3
"CCGATTCGAGGGACCC-1",3
"CCACTGGTGGCTGGTT-1",3
"GACAGGCACACACTAT-1",3
"TCAACGCGACCGGCAG-1",3
"CTACGACTAGCTATAA-1",3
"CGGTTGACCTGGCATA-1",3
"ATCCTGAATCGCTGCG-1",3
"GTTTCATATCGTCGCT-1",3
"ATAAATATTAGCAGCT-1",3
"AAGAGGATGTACGCGA-1",3
"TCCTGCGTTGATACTC-1",3
"CGTGCATTGTCGACGC-1",3
"CCGGGTTCGAGGTTAC-1",3
"CCCAATTTCACAACTT-1",3
"TGATTTATTAGCTGTG-1",3
"TGGAAGAAGGGAACGT-1",3
"GACGCTTGCTTCTAAA-1",3
"GGGAACGGGAGGTTAG-1",3
"GCGGCTCTGACGTACC-1",3
"ACGTTAGATTTGCCCG-1",3
"GAGAGGGCGCGAGGTT-1",3
"GCGTCTCTGCATTGGG-1",3
"GCAGCACACAGCCCAG-1",3
"CAGGCCGTTTGGGTGT-1",3
"AACTCAAGTTAATTGC-1",3
"CTTCGTAGATAGGTGA-1",3
"TGCAGAGTACCGAGCA-1",3
"GAAGTGATTTATCGTG-1",3
"CGCTACGGGACATTTA-1",3
"CCACACTGAGATATTA-1",3
"CGATCCGACCCAGTGC-1",3
"CTGTACTTCTTAGCAT-1",3
"ACTTATTAGGATCGGT-1",3
"TAGTCCGCAGAGAATG-1",3
"TTCACGAAAGGATCAC-1",3
"TACATTTCTAACGTGC-1",3
"ACCATATCCGCAATAA-1",3
"CACTCAAGAGCTATGG-1",3
"TGTACGAACAAATCCG-1",3
"ATCATCCAATATTTGT-1",3
"CGCTATTCTTAGGCTC-1",3
"TGGCAGCAGTAATAGT-1",3
"TCACGTGCCCGATTCA-1",3
"CATACGGCGTCTGGGC-1",3
"CACATGATTCAGCAAC-1",3
"GCTAGTAGAGCTTGTA-1",3
"TGCTGTTGAAGAACTC-1",3
"CGGAGCATGGCGATCC-1",3
"TAGCGTTGGGTCTTAC-1",3
"GTAGCGGCTATACACT-1",3
"TAACATACAATGTGGG-1",3
"TCTTCGAATAGACGTT-1",3
"GATCGTGACTGATATC-1",3
"GATCCGGGAATTAACA-1",3
"TTATATACGCTGTCAC-1",3
"GTCGCGTAACCCGTTG-1",3
"AGCTCTAGACGTTCCA-1",3
"GTCAAGCGGACTCGGG-1",3
"CGAGGGACTGCGGTCG-1",3
"AATCGCCTCAGCGCCA-1",3
"CTTGTTGCTGAGTCAA-1",3
"GATATGAGACACTAAC-1",3
"TTATGATCTTAACGAA-1",3
"CGCCGCCCATGCCTGT-1",2
"CGCACATGTCCACTAC-1",2
"AGAAGAGCGCCGTTCC-1",1
"GATAACTCGCACTGTG-1",2
"AGTCGACGGTCTCAAG-1",2
"GTGACCGCACACTACG-1",3
"GTATGTGGGTCTAGTT-1",3
"CTTGAGTTAGGGTAAT-1",3
"TTAGCTGATTTGCCGT-1",1
"GCTGTTGCTACCGAAC-1",3
"TATTACCATCCTGCTT-1",3
"TTGAATTCACGTGAGG-1",3
"CCATCTCACCAGTGAA-1",3
"CGCACGTGCGCTATCA-1",3
"ACCCGGATGACGCATC-1",3
"CGCTAGAGACCGCTGC-1",3
"ATAGTTCCACCCACTC-1",3
"GCAGACCCAGCACGTA-1",3
"TAGACTACCTAGCGTT-1",3
"GGTTCTACTCGTCTGA-1",3
"GACTCACCCACGTGAG-1",3
"AGCTCTTCGTAACCTT-1",3
"ACTATCCAGGGCATGG-1",3
"AAGGATCGATCGCTTG-1",3
"ATATCGGTAGGGAGAT-1",3
"TTCCAGACGAGATTTA-1",3
"GACCGACGTGAAAGCA-1",3
"CCTGGAAACGTTCTGC-1",3
"CCGGTAATGGCTAGTC-1",3
"GCCGTGGAAGAAATGT-1",3
"GTCTTGAGGAGCAGTG-1",3
"TCCCAAAGCCCTAAAT-1",3
"TTGAGCGCCACGTGAT-1",3
"TTGAGTCCCGCTGCTG-1",3
"ATGGAACCTTTGCACA-1",3
"CAATACGCTCTGAGGC-1",1
"TGGTAAGCAGGATTGA-1",1
"AGTGGCTCCGTCGGCC-1",1
"GATCGGATAGAACCAT-1",1
"GCTACAGTACGGACCG-1",1
"TCTATTACTAGAGGAT-1",1
"TTCAGGCGTCAAAGCC-1",1
"AGACCGGGAAACCCTG-1",3
"AGAGATCTCTAAAGCG-1",1
"CCCTGCCCAATCCGCT-1",3
"GTGGCGGTCCCAGCGT-1",1
"GCATTGTAATTCATAT-1",3
"CCGTTCCGAATCTCGG-1",3
"AGCTTGATCTTAACTT-1",3
"CCTGTACTCACGCCCA-1",3
"AAGTGACGACCGAATT-1",3
"CTCACTTGGCTGGTAA-1",3
"CGCCTGGCCTACGTAA-1",3
"CCCGTAAGTCTAGGCC-1",3
"TTGGACATGTGGCTTA-1",3
"ATTACGCGCTGGCAGG-1",3
"ACGCGCTACACAGGGT-1",3
"TACGTTTACCGGCAAT-1",3
"CGAAACGCAATTCATG-1",3
"TAGTCTAACAACGAGA-1",3
"TTGCATGCTGATCACG-1",3
"TCTGGGTAGCGCTCAT-1",3
"ACATCGGTCAGCCGCG-1",3
"AGATACCGGTGTTCAC-1",3
"GATTACTGAATTTGGG-1",3
"TCCAACTTTAAATTCT-1",3
"TCCTAGCAAAGAAGCT-1",3
"GTCTATCTGAGTTTCT-1",3
"GATGTTCAATCCACGA-1",3
"AGTTAAACACTTGCGA-1",3
"AGCTCTTTACTCAGTT-1",3
"ATCCAGGATTCGTGAA-1",3
"AGTCAACACCACCATC-1",3
"CGATACCTCGCGGACA-1",3
"TACAACGCACAACTCA-1",3
"AATTAAAGGTCGGCGT-1",3
"TACGCAGTTCTTTCCT-1",3
"GACCGTGCTGACGGTG-1",3
"GGCAAATTACTTTACT-1",3
"GGTACAAACATGCTAT-1",3
"CGGGCCTTCTTTGTAA-1",3
"CGTGAAGTTAATTCAC-1",3
"ATAGTGAAGCGTTCTC-1",3
"TACGCCATATTCTAAT-1",3
"GCCGGGTTAGGGTCGC-1",3
"TACATAGGCATACACC-1",3
"GCCGATTGGCCAAGCT-1",3
"CTGCCATGCATCACAT-1",3
"TTATGAATGAAAGGGA-1",3
"GCTGAGGCGTGAGTAT-1",3
"GCGCCGTTCCACGATA-1",3
"CGCATGGTGCGATGCT-1",3
"AGGTTTCACACACCTT-1",3
"CAAGGATCGCATGTTC-1",3
"ACGTTAATGTCGAAGA-1",3
"TCCAGAGCACCGGTTC-1",3
"GATTCGACGGTTCACG-1",3
"GTTTCTGCAGTCTCCC-1",3
"GCTGCACGGTTTCTTA-1",3
"CGTGCAGACTGGGACA-1",3
"GTGTTACTATGCGTCC-1",1
"TCCTCGGGCTGGGCTT-1",3
"GTGAGGACACTTAAGG-1",3
"ATACGCCGGCGAAACC-1",3
"TCTGCCAGAAACTGCA-1",2
"TTCTGCGGGTTAGCGG-1",3
"CTCGGTACCACTGCTC-1",2
"GTAAGTAACAGTCTGG-1",2
"GTGCGTGTATATGAGC-1",2
"ATTTGTCTTGGGAGCT-1",2
"CCTCGGACCGGGATAG-1",2
"TAGGTGCTCGCCTAGC-1",2
"TCGGGCCGTCGTGGTA-1",2
"AGTGCTTGCACGAATA-1",2
"TGCAGTTTCCTCCCAT-1",2
"TGAGAGATTTACCACG-1",2
"GAAACAGATGACCACC-1",3
"AGCAACATATCTTATT-1",3
"CAAGTGTGGTTGCAAA-1",3
"GCCTCATCTGGAAATA-1",3
"AACCCTACTGTCAATA-1",3
"ACGTATTACTCCGATC-1",3
"TCTGGGAACCTTTGAA-1",3
"GCTCGCTCATGTCCAA-1",3
"GCGCAAGAGCGCGCTG-1",3
"TTGACGCTCCATGAGC-1",3
"TATAGATGGTCGCAGT-1",3
"TTACATGCCACAACTA-1",3
"ACATGGCGCCAAAGTA-1",3
"TATGGTTAGTGGGAGA-1",3
"CATGACTTCGCTGAAT-1",3
"ACCACCAATGTAACAA-1",3
"TCTTAGAGCTCCAATT-1",3
"CCACGAATTTAACCTC-1",3
"TTCTTGCTAGCATCTC-1",3
"ACACCTTACTACTTGC-1",3
"AGTCGGTTGCGTGAGA-1",3
"ACCTACAGTATGTGGT-1",3
"GAGGATAAACAGTGCT-1",3
"TTCCGGTATCTGTGTC-1",3
"GGAGGCCGAAGTCGTC-1",3
"TTCGCTAGGAAGTTGT-1",3
"TAAAGACAACCCTTTA-1",3
"GTTGCGCTAACATTAC-1",3
"GCTGAACTCTCCAGGG-1",3
"TAGCTGATGTGAAGCG-1",1
"CTTATGCGCTCAGGGC-1",1
"TGGCTCTTGTCGCGTA-1",1
"TTGTGAGGCATGACGC-1",1
"CATAAGCTCTCCGTCT-1",1
"CCTTCTCAGCGTTCCT-1",1
"TGCAGCTACGTACTTC-1",1
"CTCTACACTGGCGATT-1",1
"TGCAGATCGTCCTAGG-1",1
"TGCCAAAGTCAGACTT-1",1
"ACAATAGTCGTACGTT-1",3
"CATGCCAACTCGCAAA-1",3
"TGCAGAACTATATCGT-1",3
"TCGTGTCACGCTGACA-1",3
"TGATCAGGGAACTGCT-1",3
"CTTGCAACCGCCTCCT-1",3
"AGCCCATACATGTAAG-1",3
"ATCCAATGGAGGGTCC-1",3
"AAACCGGGTAGGTACC-1",3
"GCAACCACGGCCGCGT-1",3
"CGCTTATTCCCGGTCG-1",3
"TTACTCTGGTACGTAC-1",3
"GTGGTTTCCGCCTTTC-1",3
"ATAGGCGGCTATAGAA-1",3
"GTGCCATCACACGGTG-1",3
"CCCAACATACGTCGCG-1",3
"CGGTGCAGATAGAACG-1",3
"GGGCGGGTTCCCTACG-1",3
"TGAGCCATACAGTCTC-1",3
"CTCCGCCCACATGAGG-1",3
"GTTGAACCGGTTCCAT-1",3
"TTGACTACCATATGGT-1",3
"ACCATCGTATATGGTA-1",3
"TGCGTAAGAACCTGAT-1",3
"AGAAGGTTGCCGAATT-1",3
"AGGACGACCCATTAGA-1",3
"GGTGCTGGTACACATT-1",3
"GCGCTATGCCGAGGCA-1",3
"ACCCGGTTACACTTCC-1",3
"TAACTCATCCGCGCGG-1",3
"CACAATGAGCTGCTAT-1",3
"GTTACTTTGGGCCTAG-1",3
"GGGCCCGTCTTAAACA-1",3
"GAAATTGTCTCTATAA-1",3
"GGCGCATGAATTGATG-1",3
"CATATAGGTACAGTCA-1",3
"TCAACGAGGAGACAAA-1",3
"TTGCACAATTCAGAAA-1",3
"CATCGGACGGGTTAAT-1",3
"ATTAAACATGCGGACC-1",3
"TATCTACCACAGCGGG-1",3
"CGAGACCCTAGAGTGT-1",3
"ACATCGATCGTTTACC-1",3
"ATCGACCCAATACAGA-1",3
"GAATCTGAACATTCTC-1",3
"AGTTCCTATTTATGTT-1",3
"CAGTCTGTATACTGGG-1",3
"GGAGACGACACCTTTG-1",3
"CCTAAATTAACGGTTC-1",3
"GCTACGACTTATTGGG-1",3
"CTGTGCAGGGTAGGTC-1",3
"ACGCCGCTAGACGACC-1",1
"ACTTGACTCCCTCTTT-1",1
"CGCCTCCCTCCTCTAT-1",1
"CTAGATTTACGACGGC-1",1
"GATGCTGTATTTCATC-1",2
"TGCGTTTGTTGACACT-1",3
"ACTCTCTGACTTAGGT-1",2
"GTTTGGCCCAAGTTAT-1",2
"CCCAGTTAAGGCGCCG-1",2
"GCTTAATGTAACTAAC-1",2
"GGCGAAATCTAACTTG-1",2
"CTGGTAACACATAGAA-1",2
"TAGCCATTTCAAAGTC-1",2
"GGGATTTACCGCACCT-1",3
"ATGCCATTTGCGACCA-1",3
"GAATAGACGCGACCCA-1",3
"TGTATGGCGCAGACAG-1",3
"GGATGAAGATCGCTGA-1",3
"CGACAATTTGATCTAA-1",3
"AAAGTTGACTCCCGTA-1",3
"CGCGGCTCAACTTGAA-1",3
"CACGCGGAACTGTTGC-1",3
"TCTTAGAGTGAACTCT-1",3
"AGTCCATTGGCTGATG-1",3
"TTAAGATAGGATTGAC-1",3
"ACATCCTGGTAACTGT-1",3
"CACCTTGGCGCCTTTG-1",3
"GCTAGACCGTCTACTG-1",3
"CGGCCCAGGTATATCC-1",3
"GTCCATTACTGCTACG-1",3
"GGGTTTAGGATAGGAT-1",3
"TAATTAGGACATCCGT-1",3
"GCTCCCAGTCGGTCCA-1",3
"ATTCGTGCTATCTCTT-1",3
"GTTAACTATGTTGTCA-1",3
"GCTCCGCTCGCTTCAG-1",3
"GCAACGGCTAGTTATG-1",3
"AATCGCGCAGAGGACT-1",3
"AGGTTACACCATGCCG-1",3
"CGAGATTTCGCTCGGG-1",3
"CGATAATACTCAGGTT-1",3
"AAGGCAGGCTGTCTCC-1",3
"GTAAGTCCACACTCTA-1",3
"ATGAGGGCAGCGGCTA-1",3
"ACTTGTAGTCCCTTCA-1",1
"CCCGAAGTTTCGCGAA-1",1
"ACCATCCGCCAACTAG-1",1
"TGCGAATATGGGATTT-1",1
"TACATCCCTATCCCTG-1",1
"GTGGGAAGACTGAATC-1",1
"TCAACATCGACCGAGA-1",1
"CTATGTGAGTCACGGC-1",3
"CCGAACACTGGGCCTC-1",3
"AAACTTGCAAACGTAT-1",1
"AGGGCGAGCAGCTGAT-1",1
"AACACGAGACGCGGCC-1",1
"TGACGAATATTTCCCT-1",3
"TCGGAGAGTATCGGGA-1",3
"CAAATCTCTCACAAGG-1",3
"AGGCCCTAGAACGCCA-1",3
"TAGAGATCATGCAACT-1",3
"TTGTTTCCATACAACT-1",3
"GAGAGGTGCATTCTGG-1",3
"GTGGACCAACCCGATT-1",3
"CTGGGCCTGCTATATC-1",3
"CATAGTCCACAAGAAC-1",3
"TTGACATGAACGTGGA-1",3
"GGTTACCACCCTCGGG-1",3
"TACCGGTCGTTTCCAT-1",3
"CGAGTACTAAAGAGGA-1",3
"GCAAGAATTCCTTGGC-1",3
"TCGCCGAAGTTGCGTC-1",3
"TTGAGAGTACTGCTAA-1",3
"GCCACAATTTAAGGAC-1",3
"ATATTCAGTTAAACCT-1",3
"TGAGTGCCTCTTAAAT-1",3
"ATCAGACGGCACGCCG-1",3
"GTGCGAAATCGAACAC-1",3
"GTGCCGCTTCAAAGGT-1",3
"GATACGATGGGAGTCA-1",3
"GACACTGAGTTCAGTG-1",3
"ATCCTGCGTGGAATGG-1",3
"ATCCTACCTAAGCTCT-1",3
"AGTGATATGAGTAGTT-1",3
"ATGATGCAATGGTACA-1",3
"GAAACCGAATTACCTT-1",3
"AGTGACCTACTTTACG-1",3
"CAAATGTCCTTCCGTG-1",3
"TTACTGGGATATTTCA-1",3
"CTTGCCCAGGCTCTAC-1",3
"AAATCGTGTACCACAA-1",3
"GTGATCATAGATCTGC-1",3
"TGGCAGATTACGATCA-1",3
"TCACCCTCTTAAGATT-1",3
"CAGGATATATCGTTGT-1",3
"CCTGACCACCGATGGT-1",3
"CTAAAGGGAAATAGGA-1",3
"CCGCTATCAGCACCAG-1",3
"CTTTAGTGCTATTATT-1",3
"CGGGAATTTATGTAAA-1",1
"TACGACTGCCTCTTAG-1",3
"AAACTGCTGGCTCCAA-1",1
"GTACGTTTGCCCGTCA-1",3
"GGCAAGGCGAAATAGC-1",1
"GATCTTGGAGGGCATA-1",3
"ATGGTCGCGTGGTTTC-1",2
"TGTTATTGTATGTGGC-1",2
"TTCCGGTTACCCACTT-1",2
"GAGTGTGCGGTACCCA-1",2
"CAAGATATTATAACGT-1",2
"ACACACCAGGACCAGT-1",2
"ATGGGCCTCGGCCTCT-1",2
"AAGGTGATAAACCAGC-1",3
"TCTTACTTATGCCTCT-1",3
"AAAGTGTGATTTATCT-1",3
"TGCTCCACAGTTCTTA-1",3
"CTGGCTGATTCATCCT-1",3
"TAAGGCTGAATCCCTC-1",3
"TCTAGTGATATCGTGG-1",3
"TCGAAGAACCGAGCAC-1",3
"GACAAACATATGCAGG-1",3
"AAGTCAATTGTCGTCA-1",3
"AGTGAACAAACTTCTC-1",3
"CATGATGGAAGTTAGC-1",3
"AAGTGCCTTGACTGTA-1",3
"ATCGCCAGTCAACATT-1",3
"ACCGCGGTGGAAGTCG-1",3
"TCTTCTATAACCCGCC-1",3
"CACATTTCTTGTCAGA-1",3
"TAGCGTCCCTCGATTG-1",3
"GTTCGGATCGGGAACA-1",3
"CAAACTCGCGACGCCG-1",3
"GTCTTGTAGCTATTCA-1",3
"TCTCGACGTATCGCCG-1",3
"TTGCCAAGCAGAACCC-1",3
"AAACCCGAACGAAATC-1",3
"TTGAGCAGCCCACGGT-1",3
"CGCCTTTAGCATGCTC-1",3
"TGTGGCTCCCACCAAC-1",3
"CCGCCGTTGAGGATAA-1",3
"CAATACGAGAGTCTGA-1",3
"GCCAAGAATACTTCTG-1",1
"CCGGCGTGAGACTCTG-1",3
"TTCCCGGCGCCAATAG-1",3
"AAACAGGGTCTATATT-1",3
"ACAGTAATACAACTTG-1",3
"CGAACGGCCGGACAAC-1",3
"GCAACACACTAGAACT-1",3
"ACTCCCATTCCTAAAG-1",3
"ACCTGCGTGTCATGTT-1",3
"TACTTTCCGCACGCCA-1",3
"AGGTCAGGTGAGAGTG-1",1
"TCCTCCTAAGACATTC-1",3
"ATGTGAAAGCCTAATG-1",1
"AGTCGGCTCAACTTTA-1",1
"CGATCTGTTGGAGGAC-1",3
"ACGGGAGTGTCGGCCC-1",3
"TTAACTTCAGGTAGGA-1",3
"CCACGGAGCCATAAGA-1",3
"CTTCTATGTTGAAGTA-1",3
"CACCGTTGCGCGATAT-1",3
"TCTAGCAATCTCCGCC-1",3
"AGTTTGGCCAGACCTA-1",3
"TTGTAAGGACCTAAGT-1",3
"AAATTTGCGGGTGTGG-1",3
"AAGTTCGGCCAACAGG-1",3
"CCGCTTACCTCACTCT-1",3
"ATCACGTGCTAATTAA-1",3
"GGTGAAGTACAGGGAT-1",3
"GCTGTATTACTGGCCC-1",3
"AACGGCCATCTCCGGT-1",3
"TAAGTAACATCTTGAC-1",3
"TTCTTGAGCCGCGCTA-1",3
"AGTGCGTAGCTCGTAA-1",3
"GGGATGGTCGTAACCG-1",3
"GTCTGGGCGGTCGAGA-1",3
"CGGAACGTAAACATAG-1",3
"TGCGACACCCTAGTGC-1",3
"CAAACGAGTATCGCAG-1",3
"TCAGTAGGGACTATAA-1",3
"GCGGTTCCCTATCATG-1",3
"GTGACTTCAGTAGTGC-1",3
"CGTCACGTCCATTGGT-1",3
"ATAAGTTACCGCGACG-1",3
"CTGAATCCGAGACCTC-1",3
"TACGACGCTTGCTGCG-1",3
"GAATTCACCCGGGTGT-1",3
"GGGTGACACCTTAACT-1",3
"TGAGTAAATTAGCGTA-1",3
"GAGTCCGCTTACCGGA-1",3
"GGCGCGTTCGAGTTTA-1",3
"ATTCATATACTGTCCA-1",3
"ATAAACGGACCCGTAA-1",3
"GTCGTACCATCTCGGG-1",1
"ATAATAGCTGTTGAAT-1",1
"TTCCGCGTGAGGCGAT-1",1
"TACCGGCTCACTGCCC-1",1
"GTATCTTTCATAACCA-1",1
"GTTACCTACAACTTGC-1",3
"TGACTATAATCCTTTC-1",1
"AAATACCTATAAGCAT-1",3
"TCCGCTGTCATCCCGG-1",3
"ACTGAATGGCGAAAGT-1",3
"TTCAGCCCTGGTCCAC-1",3
"TTAGAGTTTAGAAGGA-1",3
"GGTTAGCTATATGTCT-1",3
"CTGGTTTCGAGCAAGA-1",2
"TGGGCCCATACTAATT-1",3
"ACTTATTTATGTGCCA-1",2
"TTAGTTATTCGTGGCA-1",3
"AACCGCTAAGGGATGC-1",3
"ATACGTCCACTCCTGT-1",3
"CGACACGCTCCGACAG-1",3
"TCTGAACTCGTACCCG-1",3
"AGGATATAGGGATTTA-1",3
"GTGATCACTAACGCCT-1",3
"ACCGGGCCTTTGTTGA-1",3
"TTGACAGGAGCTCCCG-1",3
"CTCTTCTATTGACTGG-1",3
"CGTGGCCGAATATCTA-1",3
"GGTTTAGCCTTTCTTG-1",3
"TCAAGGTTACTACACC-1",3
"TTGACTATTGTCCGGC-1",3
"CGGGAATATAGTATAC-1",3
"GCAACAGCAGTATGCG-1",3
"ATCAAACACTGTTCCA-1",3
"TGGGCAATAGTTGGGT-1",3
"TGAATGTCAGCCGGCC-1",3
"CGGCTCTAAAGCTGCA-1",3
"GGACACAAGTTTACAC-1",3
"CCGAGAAGTCGCATAA-1",3
"AACTACCCGTTTGTCA-1",3
"GCACAAACGAGGCGTG-1",3
"CACACAGCTTGCGCTC-1",3
"GTGCTTACATCAGCGC-1",3
"GCAAACGTCGCCAGGT-1",3
"GAATAGCATTTAGGGT-1",3
"TACTGTTTCTCTGGTA-1",3
"TCCTATCATAGGTAAC-1",3
"TTGAATCGTTGTATAA-1",3
"TGGCCAATTTGGTACT-1",3
"CGACCCTTAACGCCGG-1",3
"TCGGCGTACTGCACAA-1",3
"GAGTAAGGCCACGGGA-1",3
"ATCAGCTCGTCCACTA-1",3
"AGGATCACGCGATCTG-1",3
"AAATGGCCCGTGCCCT-1",3
"CAGTACCAGTTTACGT-1",3
"GGTCGTAAGCTCGCAC-1",3
"CGTTCATGGTGCGCGT-1",3
"GACTACAAAGCGGTGG-1",3
"CAGCTGGCGTAACCGT-1",1
"ACTCGTAACCCGTCCT-1",1
"CATATGTCAGGCTACG-1",1
"GCCCGACTTCTTCCCG-1",1
"CTGGCATCCGAATGAG-1",1
"AAGTGCGTTAGAATCT-1",3
"AGAAGTGATTCGTGAT-1",1
"TACCTTAAGATTTCCC-1",1
"AATGACAGCAATGTCT-1",1
"TCAACGCAGGAAATAA-1",1
"TATTCCTCCGCCCACT-1",3
"ATCAAACGAAGGTTTG-1",1
"TTGATTAGCTGTTTCT-1",3
"CTGCTGAGGCCACGAA-1",3
"CCGTGTTAAATTCCAT-1",3
"CACGTCGGCAACCTCT-1",3
"GTATTCTGAGAAACGA-1",3
"CGGTGCGCGTTGGTCC-1",3
"GTGATTCGCCGCTCAA-1",3
"GCCCGCGCGTAAACGG-1",3
"AACGTACTGTGGGTAC-1",3
"TGATTCTGTCGCCGGT-1",3
"TTCCAATCTGGCTATC-1",3
"GGAACCGTGTAAATTG-1",3
"TTGGTCACACTCGTAA-1",3
"CGAACCCGCATGCGTC-1",3
"GGGCGTCACCACGTAA-1",3
"TACCAGAAGTAGGTTC-1",3
"TTGGATATCGTCTACG-1",3
"TAGATATGGACTGGAA-1",3
"GCGACGATAGTTGTAC-1",3
"GTTATATTATCTCCCT-1",3
"CTGTTACCCAATCTAG-1",3
"GATAGGTAACGTTGAC-1",3
"GGTCAGTGGGTCCCAC-1",3
"GTTTACGTTCCATCTG-1",3
"TCTAGCATGCCCAGAA-1",3
"CCCGCAGCGCGAACTA-1",3
"CTCTATTTGGCTGCAG-1",1
"TTCTGCCGCGCCTAGA-1",3
"CCGAACCTTCCCGGCC-1",3
"CAGGCGCCATGCTAGG-1",2
"CACTCGAGCTGAACAA-1",3
"ACAAGGAAATCCGCCC-1",3
"ACCACGTGCAGCTATA-1",3
"ACGGCGACGATGGGAA-1",3
"TTACTAAAGGACTTTA-1",3
"GGCTGAAATAGCAAAG-1",3
"TTAGACGAGTCACCTC-1",3
"GTAGTCGCGGGAATCA-1",3
"GCAAACCCTACATTAT-1",2
"GTTAAAGTAGGACTGG-1",3
"ACCCTCCCTTGCTATT-1",3
"CATGTCTCATTTATGG-1",3
"AATAGAATCTGTTTCA-1",3
"TCTCATGAGATAGGGT-1",3
"ATGACTATGCGACATT-1",3
"CCTAACCCAAACAAGT-1",3
"AGTCAAGATGACACTT-1",3
"CGGGAGCTTCAGTGTA-1",3
"CCACAGTACCCATCCT-1",3
"GAGCGCGCACGAGTAG-1",3
"ACCAGTGCGGGAGACG-1",3
"TCCTTACGACGGTCCG-1",3
"TAGTCGATCACGGGTT-1",3
"AGACGAAGTGCCGGTC-1",3
"CGCTGGTGACTACCCT-1",3
"AGGCATTGTCGTAGGG-1",3
"TGGTAGAATATATGGG-1",3
"TTCTTATCCGCTGGGT-1",3
"AGTTTGGCACGGGTTG-1",3
"GCATCGGCCGTGTAGG-1",1
"ATGCGAGTCCCACCAC-1",3
"TCGGCGAACCCAAACC-1",3
"AGAGTAAACTTCACTA-1",3
"AAGCCGAAGCGGTTTA-1",3
"CCCGAGTTTCTCCGTA-1",3
"AATATCGAATCAATGC-1",3
"GCGCCTCCCACTCCGA-1",3
"CGTTAAACTAGTTAGG-1",3
"TGAGTTAAAGACATTC-1",3
"AACAGGTAGTATGGAT-1",3
"GAACGCGGGTCACACG-1",3
"TGTTTGAGATCGTCAG-1",3
"ATCTCGTGAGCGAAAC-1",3
"CTGAGAAAGTTCGGCG-1",3
"ATTACCACACTGCCTG-1",3
"CTGCTGTCTAACGAGC-1",3
"CGTGGAAGCCTCGTAC-1",3
"CGACGCATCCGTACCT-1",3
"CCTAGGTAAAGGTAGC-1",3
"AGCGGCGGTTAGCGGT-1",3
"CTGGACGCAGTCCGGC-1",3
"AGCCTAATACCCACGT-1",3
"AATCTGGCTTTCTAGT-1",3
"CACCCTTGGTGAGACC-1",3
"GGATCTTGACTCAACC-1",3
"ACGAGGATACCACTCT-1",3
"GAGTTGATGGCAATTT-1",3
"GTGGCAAACAGCGGCA-1",3
"GATGTAACGAACCACC-1",3
"AGCCGTGGCTAAATGT-1",3
"CTCCCTCCTTTCGATC-1",1
"TTGGAAGAATACAGTC-1",1
"AGTTAAGTCAACCGCT-1",1
"CTCATGGTAATTTGCG-1",1
"AAAGTAGCATTGCTCA-1",1
"TTGTGGTAGGAGGGAT-1",1
"AGTCGTGGGCATTACG-1",1
"ACCTAAGTACCTTTCA-1",1
"GTAGAGGGAGACAAGT-1",1
"GATCCTCGACACTGGC-1",1
"CCTACATTCACAGACG-1",1
"TTGACCGTGTTAATGA-1",1
"TCTGTTACCCAGCATA-1",3
"CTAACTGGTCCGGTTC-1",1
"TAATAGAACAGAGTTA-1",1
"TGCGAGAATATTACCC-1",3
"GTTTGGGCTTGTGAGC-1",3
"CTTGTCAACATTCGAG-1",3
"GGACCAACAGGATAAC-1",3
"AAGCTAGATCGAGTAA-1",3
"TACCGTGCCTCGGACC-1",3
"GTAGCCAAACATGGGA-1",3
"TGCCAGTACGTGGAGA-1",3
"ATAAGGTGGAGAACAT-1",3
"CTTTAATATTGGTCGA-1",3
"TGGTTCAACGGGTAAT-1",3
"GCTGCTACTGCGTAGC-1",3
"CTGCACAACTACATAT-1",3
"ATATTCCACATAGTGA-1",3
"TGGCAAACTAAATTAC-1",3
"ACCGCAATAACTGCCT-1",3
"TCGCACCAGGAGGCAG-1",3
"ACTTCAGGCTGATCCC-1",3
"ACAAATCGCACCGAAT-1",3
"TCTGATGTATTCTGTC-1",3
"CTTTACCGAATAGTAG-1",3
"GCAGATCCATAAGACT-1",4
"TTCCTCGGACTAACCA-1",3
"TTATCCGGGATCTATA-1",3
"CTGGAAGACACGGTGG-1",3
"GTTCGTCTAAAGAACT-1",4
"GTCTATTGGTTCCGGT-1",3
"CTAGGCGCCCTATCAG-1",4
"AACGGACGTACGTATA-1",3
"AACACACGCTCGCCGC-1",4
"GCTACTATAGTAGAGT-1",4
"AGCATATCAATATGCT-1",4
"CGAACAGTATGGGCGT-1",3
"ACAATTGTGTCTCTTT-1",4
"GATCGCTACCCGATTT-1",3
"ATTGCGATCAGTAACT-1",4
"CAGCAGTCCAGACTAT-1",3
"AGAGGCTTCGGAAACC-1",3
"AAACAAGTATCTCCCA-1",3
"GGCAGCAAACCTATGC-1",3
"ACTAGTTGCGATCGTC-1",3
"TTGGACCATCTGGCAA-1",3
"CCCTCCTCGCTCGTAT-1",3
"GAGCGCAAATACTCCG-1",3
"ATTACATGTCAGTCTT-1",3
"TTGGGACGTAAGAGTT-1",3
"CTTCGGCCAATTGTTT-1",3
"AGACCGCTCCGCGGTT-1",3
"GACCGCGTCTGACGTG-1",3
"CCAAATAACAAGATTC-1",3
"TCTTTAGAGTCTAACA-1",3
"CTCCCAATGAGTCGCG-1",3
"TAGTCTTTCCGAATTG-1",3
"GAGTAAACCGGAAAGT-1",3
"GATCTCGACGCTGTGG-1",3
"CTGACATAGAAATAGA-1",3
"TATACCGAGTGCCACA-1",1
"TCTAAAGAACAGTCTC-1",3
"CTGGGTTGAGTTAAAG-1",3
"CCCAGTAAACTTGGGA-1",3
"AGATTCACAACCGATA-1",3
"AGAAGGTACACTTCAC-1",3
"GCAGGAACTTAGATCT-1",3
"AATCTAGGTTTACTTG-1",3
"CCCGGTGTATCGGAAT-1",3
"TTATCCTCAAGGAATA-1",3
"AGCATCATTTCGAAAG-1",3
"CGCGAGTCTGCCGGGT-1",3
"TGCGTCATGACTGAGC-1",3
"GTATGAAATTTCACTC-1",3
"TTGGTTGCGGTGCGCG-1",2
"ACAGAACTGAGAACAA-1",1
"CTACTATCATAGGTTT-1",1
"CCTCTATCGATTAGCA-1",1
"CCGTATCTCGTCGTAG-1",2
"TCACGATGTCCGTGGA-1",1
"TCAACAAAGATAATTC-1",2
"ATGACGCGTTCTATCC-1",1
"ATTTGCGCGAGTAGCT-1",2
"TTCTTGGACGATCTGC-1",1
"AGACGACGATGCCGCT-1",2
"GGTCTCTGAATGGACT-1",1
"CCTCTGTACTATTCTA-1",3
"CTATTCATGTGTCCCA-1",3
"GCCCGATCTGTGGTCG-1",3
"TTAGAAGAACATGACT-1",3
"AGGATAAAGTCGGGAT-1",3
"CGGCAAACATCGTGCG-1",3
"CTAGTTACAACCCGGT-1",3
"TTCGACAGAGCCCGTG-1",3
"AAGCATACTCTCCTGA-1",3
"GACGACGATCCGCGTT-1",3
"GGTAGAAGACCGCCTG-1",3
"GAGATGGGAGTCGACA-1",3
"AACGATAATGCCGTAG-1",3
"TGGTCCCACGCTACGG-1",3
"CTGCTTGGCGATAGCT-1",3
"ATCGGAGACAGACGGC-1",3
"TAGCGTCCGGTGTGGT-1",3
"GTTGAGTCCCGCCGGT-1",3
"AAATAGGGTGCTATTG-1",3
"AAGTGTTTGGAGACGG-1",3
"AGCACTACCTCACCAG-1",3
"TGCCTTGGCCAGGCAA-1",4
"TCGTCTTAGGCGTTAA-1",4
"TTCTGACCGGGCTCAA-1",4
"CAGAACTTAGCCCTCT-1",4
"AGCTCCTTCGCACATC-1",4
"ACAGGCTTGCCCGACT-1",4
"GCTATACGTCTCGGAC-1",4
"GAGCCAGCTACCTGTG-1",4
"TGCTAAGTGTCTATTT-1",4
"GTCCTACGAATAGTCT-1",4
"CAGTGTCGGCTGGCCC-1",4
"CTATCGACGAAATACA-1",4
"CATCATTACCCTGAGG-1",4
"TAAGTTGCGACGTAGG-1",4
"AGTGCACGCTTAAGAA-1",4
"TGTGCCGGTGCCGGAA-1",4
"AGGAGGCCTTCGCGCG-1",4
"TCCGCGGCCCAATGAA-1",4
"TCCGTTAAGCTAATAT-1",4
"AAATCTAGCCCTGCTA-1",4
"CGCAGGCGATCCAAAC-1",4
"CCATATGGAAACTATA-1",4
"CACCGTATCCCATCCG-1",3
"GGTCAAGACTACTTCG-1",3
"CCCGTTTCGCAGATGT-1",3
"GTTATAATACGGTGAA-1",3
"ACTTGTGGATGGAACG-1",3
"GTTCGCTGAGACGTCT-1",3
"GACACTGGAACCCGAT-1",3
"CCCAGGTCTGAAGGCT-1",3
"TCTCGAGGAGGTTCGC-1",3
"ACTATCTGCCCGCGTA-1",3
"CCTAAATTGTATCCTA-1",3
"AGAAATTATGACTCGC-1",3
"TCCAGCGCTATAAGCG-1",3
"TCGTGTATTGGTCACG-1",1
"CCACATACTGCACCCA-1",3
"GTTGCGGACGGTCAGG-1",3
"GTATTTAATGGCATAA-1",3
"TATTAACACCAAAGCA-1",3
"TAGGCGATGAGGTCTC-1",3
"CCGCCGGAACTTCTCG-1",3
"GCCATTAGCCTCAAAC-1",3
"GTTAGGCTACCCGTTT-1",3
"GGGTATTCTAGCAAAC-1",3
"GCCCTAGCCGTCGCGA-1",3
"CAGATCCTGGTTTGAA-1",2
"CTTCAGTGGTCGCCTA-1",3
"GGGCAACCGCACGTGC-1",2
"GACCCAATTATGATAC-1",3
"GAAGCTCGGACCCGTC-1",2
"CGTCGGGTCTAAGCGC-1",1
"GAGGCCCGACTCCGCA-1",2
"TTGCCATAGCCCGCTC-1",2
"TAACATACACGCGATC-1",2
"CCGACGGGCATGAGGT-1",2
"AATGTGCCCGAGGTGT-1",2
"AGCTGTAACCTCAATC-1",2
"CGAGTGAAGGTACCAG-1",2
"AGTCTCACAAGACTAC-1",2
"AAATTGATAGTCCTTT-1",2
"TAAGTCGCCGAGTATC-1",2
"GCGGAGAAACTTCGCA-1",2
"GGCAAAGGCGCCAATA-1",2
"ATTTCCGGGTTCTGCG-1",2
"AAAGGCTCTCGCGCCG-1",3
"ACATCCCGGCCATACG-1",3
"CTCTTGTCCCGCTTGG-1",3
"TACGCCTCCATTCCGA-1",3
"CGGAGCAATTTAATCG-1",3
"AACTAGGCTTGGGTGT-1",3
"GCGTCGCCAGGGTGAT-1",3
"GTTGGTCATGCTATCC-1",3
"GCTGGCGGCGCATGCT-1",3
"TGAGCGGAAAGTGTTC-1",3
"CTTTCTGTGCGGGCTT-1",3
"ATCTAATATCCTACGG-1",3
"AACCTTTAAATACGGT-1",3
"TTCACTCGAGCACCTA-1",3
"CTGCACTCCAGTACAG-1",3
"CCATTTCTACCTATTA-1",3
"CAAGCGGCACATAATT-1",3
"GTTAACATCACTTAAA-1",3
"ATATAAATGTAGCTGC-1",3
"GCCTCTATACATAGCA-1",3
"GTGTCGTATAGCGTTC-1",3
"ATACGTACTTAGCCAC-1",3
"GCTATCATACTCATGG-1",3
"TATCCAATTGGTTATC-1",3
"TCTCCCTGGGCAGCGT-1",3
"CCTATAATGAGTGCCC-1",3
"CAATGCGAGAAGTATC-1",3
"TACCAATAAAGTACCA-1",3
"GCTAGGCACCACGGAG-1",4
"GGTGGACTGCTCTGGC-1",4
"TATTCCGAGCTGTTAT-1",4
"TTGAGAAGTTTAGCAT-1",4
"GTCCGGACCTGAAATT-1",4
"CTGTGGTCGGGAGATA-1",4
"CATGTAAGAGACATTT-1",4
"CACGTTTCGTACACAC-1",4
"CATCCTCTCAAAGATC-1",4
"GATTAACCGAAAGCCC-1",4
"AACGCTGTTGCTGAAA-1",4
"TTCAGCTGGCGTGCCC-1",4
"TAGAGGTTCTACTTGT-1",4
"GTATCAAACGTTAGCT-1",4
"AATCATGTAAAGACTC-1",4
"AGTCACTAGCTCTCGA-1",4
"GCGAAACGATCGGGAG-1",4
"CATGGATTGTCTTCCG-1",4
"ATTGGATTACAGCGTA-1",4
"CACACACGCTAACGAG-1",4
"CTATGGGAAGCGGAAT-1",3
"TGCCTAATTGAAGATT-1",3
"TGGCAATGGGACGGCG-1",3
"ACCTCCGCCCTCGCTG-1",3
"CGGCAATAAGATCGCC-1",3
"CCTTGACCACTTTATT-1",3
"TCATTTAGAAGTGTGA-1",3
"CAGAATAACACACGGA-1",3
"TCTGAGCAATTGACTG-1",3
"CAACGTGGTGGAGTCT-1",3
"CACAGTTCGCTTCCCA-1",3
"TCTCTCGCCGCACATA-1",3
"TGGGCAGGCCACCGCA-1",3
"CTCCTGTTCAAGGCAG-1",3
"TATTTGATTTGCACAG-1",3
"GCCACTCCTTACGGTA-1",3
"ACCGATATTTAATCAT-1",3
"GACTCCTTCCAATTGA-1",2
"ACCGAAGAGTCTGGTT-1",2
"TGGCATGAAGTTTGGG-1",3
"ACGAGGTTTACAACGT-1",2
"AACCCATCCCATGATC-1",2
"TCGACAACTGAACCCG-1",2
"TATCTTGCAATACAAC-1",2
"TATTATGTTTGCCTGC-1",2
"GTCAAAGAAGTGGTGT-1",2
"GGGACAGAGTTACTCC-1",2
"AGCAACCGAAAGTAAT-1",2
"CTCTCTAACTGCCTAG-1",2
"ATACGGAACGTCGTTT-1",2
"TCGGTCCCGACAATAG-1",2
"CGCGCAAATGTCCAGA-1",2
"TCTAATACTGCCTCAG-1",2
"CTCGGTTGTCGGCCCT-1",2
"GGTAACCGGGAGGATA-1",2
"CAGGCGCACGGTGGTC-1",2
"TCATCGATGGTCCCAA-1",2
"CAAAGATTATTGGGCC-1",2
"ACAATGAATACGGAGA-1",2
"GCTCCTGACATACTGG-1",2
"GATGACAAGTAGGGCA-1",2
"TACGCCGAGGGTACCC-1",2
"AAGCGTCCCTCATCGA-1",2
"CACTCCTATGTAAGAT-1",2
"TCGAGCCAGGCAGGCC-1",2
"TCGTCAAGTACGCGCA-1",2
"CCCGTAGCTGGGAAGA-1",2
"GGGACCCGTATATCTT-1",3
"GAAAGCAGTGCACTTT-1",1
"AGCGCATAATGAATCG-1",3
"GCTGCTAAGTAGTCGA-1",3
"AATAGTCCGTCCCGAC-1",3
"AGCAGCCAGATGAATA-1",3
"CCTCGCGCTGTGCGAT-1",3
"TTGTGTATGCCACCAA-1",3
"TGCTCGGCGAAACCCA-1",3
"CGATTAAATATCTCCT-1",3
"TGCCGTGGATCGTCCT-1",3
"GTGGACGCATTTGTCC-1",3
"ACCCGGAAACTCCCAG-1",3
"CCGCATGTGGTACGAT-1",3
"GCAAACCTTGGCCATA-1",3
"ATTCACTGATGTTGGA-1",3
"ACTCCCTAATGCTAAA-1",3
"TCCTAAATTGGGAAGC-1",3
"GAACAGATTACTAAAT-1",3
"ATACAGGCCCTCCAAT-1",3
"CGATTCGCCTGGCTGC-1",3
"TCCGCCTGTCTACAAG-1",3
"CACATCTCACCGACGA-1",3
"CGTCGTCCTTCGCGAA-1",3
"CGTTGAATACCGCGCT-1",3
"ACCAATATGCAAGTTA-1",3
"ACGGATGGTGCGGATA-1",3
"CACCCTAACAAGATCT-1",3
"AAGCTCTTTCATGGTG-1",3
"CATGGGTATGCCTTAT-1",3
"GCGCGTCATTGGTACA-1",3
"TCTGAAGCACGTGGTC-1",3
"AAGTTCACTCCAAGCT-1",4
"TTGGACCTATAACAGT-1",4
"ATCAGCCTCATGCTGC-1",4
"AGTACTCTTATGCCCA-1",4
"GCGCTTAAATAATTGG-1",4
"TTGTGAACCTAATCCG-1",4
"AGTCGTCGACCACCAA-1",4
"TCCTTTAAATCCGCTT-1",4
"ACTGAAACGCCGTTAG-1",4
"GCACACACTGGTAGCC-1",4
"TAAGGGCCTGTCCGAT-1",4
"GCTAGAGTAGAGATGT-1",4
"CACAGGGCCATATAGT-1",4
"CCATGCCCTAGATTTC-1",4
"TCGCGTAGCAGTGTCC-1",1
"GACGAGGCTAATAAAC-1",4
"CTACACTCGCAGATGG-1",4
"ACGCATACGTTTACTA-1",4
"GGAGCAACATTTCAAG-1",3
"CGAGAGGGTAGCCGCG-1",3
"TCGTGTTCGACCACAA-1",3
"TCTACCCAATAGAGAG-1",3
"ATAAACGTTGCACCAC-1",3
"TCAACTGCAGAGTCAG-1",3
"AGCTCCATATATGTTC-1",3
"GTAACATCTAAGATAA-1",3
"CCGACAATAGGCCGCC-1",3
"ATGCTTAGGAGTTGAT-1",3
"AACCCGAGCAGAATCG-1",3
"CGGGTTTGTTAGGGCT-1",3
"AGGCACGTGACTGTCC-1",3
"GACAAGAGATGAGATT-1",3
"AGCCCTTGGACATCCC-1",3
"GCAGTTCGATCCGAGC-1",3
"TCGAGGGCAACAGACG-1",3
"GCACAACCTCGGGCGT-1",2
"ATGCACGCGCTGTTCA-1",2
"CGATGTTGTTATCTAC-1",2
"GTCTCCTGCCAGTATG-1",2
"GATGCCTTCTGCGGCA-1",2
"ACCGGTCAGGTACACC-1",2
"GTGGAGCGTTTACCGA-1",2
"AGGCGGTTTGTCCCGC-1",2
"TCCCTGGCGTATTAAC-1",2
"AAACACCAATAACTGC-1",2
"TGGACGCAATCCAGCC-1",2
"GGAACCTTGACTCTGC-1",2
"GTATCTCAGTCTTGAC-1",2
"GCTGAATCTTCCAATC-1",2
"AGATGCAAGACGTGCA-1",2
"TTAAGGCCCGTACTTT-1",2
"AGTATGCTGGAGACCA-1",2
"GCGGCAAAGTATTGCC-1",2
"GCGCAAATATATTCAA-1",2
"GAAGAAACGATATTGT-1",2
"GGACCTCTAGGCCGCC-1",2
"AACAGCTGTGTGGCAA-1",2
"TCGAATATCCCGCAGG-1",2
"GCGACCCAACCATCTG-1",2
"AGAGAAGGAGTACAAT-1",2
"GGCTCCTCCACCTGTT-1",2
"TCAGTGTATACGTCAT-1",2
"ATTATTATGTCCGTCA-1",2
"TTAGGTCATAACCGAC-1",2
"AAGATGGCACCGGACC-1",2
"CTACAAGAAATAACCC-1",2
"ACTATTTCCGGGCCCA-1",2
"TTGTTTCACATCCAGG-1",2
"CGCTGTGTGGATGTTG-1",2
"TCAACATAGCGCCCTA-1",3
"GGCCGTTTGGGTTTCA-1",2
"TTCGCGCGCCATACGA-1",2
"AGGCAGGGAGCGTACT-1",2
"CGCCCAGCACGCCTAG-1",2
"TATCCGCACCGTCGGG-1",3
"ACCCGTGTCATCAGTA-1",3
"CAACTGCTCATCCGAT-1",3
"CCGGAGCGTACTTTCT-1",3
"TACCGTAGGTTAACTA-1",3
"TGAGGAGTGCCAGCTT-1",3
"CCAGTCTTGTCATAGA-1",3
"GGGCAGAGCAATCGTT-1",3
"TACCAAATAGCCCAGA-1",3
"TACCTACTCCCAGTAT-1",3
"TGTGAGACTAGCCCAA-1",3
"ATACCTAACCAAGAAA-1",3
"GTCGGGAAGCAGAAAC-1",3
"AATTAACGGATTTCCA-1",3
"GAACCCTCTGTGTTCT-1",3
"ATATAAAGCGCTCGTG-1",3
"CCTGGTCGAATGTGGG-1",3
"CTAGGTTCGGACGTGA-1",3
"TCGGGAGACAGCGTAC-1",3
"CATAAGAAGCTTGGCT-1",3
"AAGCACCCTGCGTATC-1",3
"AGTTTGCACCTGCCTC-1",3
"GACTGCAAATCGAGCT-1",3
"GTGTATATCAGCGGGC-1",3
"CTTCAACTCCACTTGG-1",3
"ACTTACGCATCCACGC-1",3
"CATGAGATGCACTCTC-1",3
"GAGCACCTGTGTCCAG-1",3
"CGCGACCGCGACAGAT-1",3
"GTCCCGCGACGTTATG-1",3
"GCAGTGTGGCTATAGG-1",3
"ATACTGCCTTACACCG-1",3
"TACAGAAACGGTGGGC-1",4
"GGCGCGGAGATCTTTC-1",4
"CGTTAATGTCCCGACG-1",4
"GCTAACTGAAGTCTGA-1",4
"AGTGATAACCTGCGCG-1",4
"TATGATCTTCTCTTTA-1",4
"TGTACCTACACGAGGG-1",4
"ATATCGTTCCTCGAAC-1",4
"CGGCGCCATCAATCCC-1",4
"CCTGTTTGAAGACACG-1",4
"GCCACTCAGAGCGCGA-1",4
"TCGGCTTGTATCGACG-1",4
"TAGATGGTTCCTTACT-1",4
"ATCGTTAGCTAGCGGA-1",4
"ACAGCGACATTCTCAT-1",4
"ATTCAACCATTTAAGG-1",4
"CACTCTTCTGCTAGCC-1",4
"CTAACTGATAATCGCC-1",3
"TGATGTCAATTAAGTG-1",4
"CGCCGTTCAGCATAGT-1",3
"ATACTACCCGTACCAC-1",3
"CCACTGTTTGGATTAA-1",3
"CACTACGGGAGCTGCC-1",3
"GACCAAACGTTGACTG-1",3
"AAGAGGCCCTTTGGAA-1",3
"ACACGTAGGCCACAAG-1",3
"TACTCTTACTTTACTG-1",3
"AGAGCCGCCGAGATTT-1",3
"GGCCTGCTTCTCCCGA-1",3
"TCAAGCGCGGACGGTA-1",3
"ACACTGGGACAGTCGT-1",3
"TGTGTAGTAGCACGTG-1",3
"CTAGCCACAGGCGAGC-1",3
"CTATCGCGTAGAGAAC-1",3
"GTTCCCGTAAACATAT-1",3
"AGAACCCTCAATTGGG-1",2
"CCTATATCGTGTCACG-1",2
"ACGGCTGGATGTAGAA-1",2
"CTCGCATTGCATAGCC-1",2
"ACTTTGGTCGTGCTCC-1",2
"GCTGGTTTAGGCCATA-1",2
"TGTCGTTATCACATAT-1",2
"ACACATGATCAAATCT-1",2
"TATCCATCTCGGTTAG-1",2
"CTCGTCGAGGGCTCAT-1",2
"ATCAATGCCGTGGCTG-1",2
"GAAACATAGGAAACAG-1",2
"TAATAGGTCACCAGAA-1",2
"CACCAGTCAGCATGCA-1",2
"GAGCGCTGTTAGGTAA-1",2
"CCCTATGTAGAGCAGA-1",2
"GATCGCTATATCTCAG-1",2
"AAGGGACTATGCATTC-1",2
"CTCGGGTTCTCTGGCC-1",2
"TATATATCGAGAAATG-1",2
"ACCCGAGCGAAATTAC-1",2
"TTGTTTCATTAGTCTA-1",2
"ATGGGACCTGCTGAAC-1",2
"TGCGACGGCCGAACGT-1",2
"AGCTAACAAGCAATGT-1",2
"CGTGTCTCGTTACGAC-1",2
"CTAAATCCGGTGTACA-1",2
"GAATAGTGCTCGATTA-1",2
"AACAATACATTGTCGA-1",2
"CACATCGTGCACGCGC-1",2
"ACCGTGACCACGTGGG-1",2
"CCCAATGAGATTTGCA-1",2
"TCAGCAGTAGGCCCTG-1",2
"CTACTCAAGGTATAGT-1",2
"TAGTAGCTTATACCAG-1",2
"ACGTTCGTTCAGGAAA-1",2
"TTAGAATAAGGGTCGG-1",2
"TTCTAGAAAGTCTTAT-1",2
"CCTTCAGTTAAAGTGA-1",2
"TAGCTAGTGATGATGG-1",2
"AGCCCGGTAGCCTGTA-1",2
"TACCTCAGTTGTCTGT-1",2
"GACGGGTTGGCCCGTA-1",2
"GAAACCTATACAAATG-1",3
"TCCACCTCTAGCCTTT-1",3
"AAGACCCAACTGAACA-1",3
"CATACACGGTTCCCAC-1",3
"ACTACGCGTTAGAATT-1",3
"CTTGGCCAAGCTGGGA-1",3
"TTACCCTAGGGATTGG-1",3
"TTCGCACTGTACGACA-1",3
"TAGGTGTTCCACAGAT-1",3
"GAAGCCTGCACATTCC-1",3
"GGCTTTCAATAAGGGT-1",3
"TCCAGGGTATATACGA-1",3
"CTCGCCGAATGTAGGG-1",3
"AGGAAGCTGTCCGCCG-1",3
"GTCTCAAGGCCCGGCT-1",3
"ACCGACACATCTCCCA-1",3
"TATACGCGTCATCACT-1",3
"ATCTGGGCTGTTCTTG-1",3
"TCAAATTTGAGACTCA-1",3
"GTTAAGGGTGCGATGT-1",3
"AGCAAAGGCCGCTAGT-1",3
"TTATAGGTAATTGTCT-1",3
"TTGTGCAGCCACGTCA-1",3
"ACGGACTCTCAAAGCG-1",3
"ATGCTCTGGCGCGGTA-1",3
"ATAATCTTGGAGAACC-1",3
"CTCATTGCTCTAACAA-1",4
"TAGGTGACGATAACCT-1",3
"CGGATCCTCAAGGACT-1",3
"GGGCGTGGTTTCCCAG-1",3
"TGGCTATGTGACATAC-1",3
"CTTAGTGTAGTAGCAT-1",3
"GGATTGCTGTGACTCC-1",3
"ACTTCCATGCGGGACA-1",4
"ACTCAAGTGCAAGGCT-1",4
"ACAAGGATGCTTTAGG-1",4
"TTGAACGACGTGCTGA-1",4
"ATTCATCGTTGAGGCA-1",4
"TGCAACCCATCTGCGG-1",4
"AGTGCTAAACACAGCA-1",4
"AACTCCAGAGCGTGTT-1",4
"TCTCCACAAGTTGAAT-1",4
"CTTTGCATCGCTCTTG-1",4
"TCACAAACCGAGGTAC-1",4
"CCGTAGGAAATCCCTG-1",4
"AAACATTTCCCGGATT-1",4
"GCCTCCGACAATTCAC-1",4
"TCTGCATACCTTGCTT-1",4
"ACCCATTTGTCCCTCT-1",4
"CTGCAGAGAATCAGAG-1",4
"GGAAACTAAATGGGCC-1",4
"CAACCTACCGAGCAGT-1",4
"CCGTAGGGTTGTTTAC-1",4
"GGTTTGTGACCTGAGG-1",4
"TAACCTAGGGAGTCCA-1",4
"TTCCATCGACAGCGTG-1",4
"ATCTCCCACGGAATAT-1",4
"GTTTCAAACGAGTTGT-1",3
"GGAACTTTGGCGATTA-1",3
"CTGCAAGCACGTTCCG-1",3
"CACAGTCCCGCTTCGC-1",3
"TACGCTCGGTATTGGA-1",3
"CTGGTAAAGTGTGGGC-1",3
"CAACCAGTGGCCTACC-1",3
"TCTTCGCGGTGAGAGG-1",3
"TTCGGGTTGCCACGGG-1",3
"ACCGATAGGCATAACC-1",3
"AATTCATTGTCATGCA-1",2
"GCCCGAGAGTCTAAAT-1",2
"ATATAGAGTATTGGTC-1",2
"TTGAAGGATGGGCGCC-1",2
"TAGTACCACAACTTTC-1",2
"ATCCCATCCACAGCGC-1",2
"CTTAGGTATAGACCAG-1",2
"TGACTCCGAATCATAC-1",2
"ACTACATCCCGACAAG-1",2
"TTGCCGCAGACCTACA-1",2
"TAAGAGGGACAGGGAC-1",2
"CGAATGAAGTCATTGC-1",2
"AAGGGAACGACTGGCT-1",2
"CGAATCTGCTCGACGC-1",2
"ATCGTGGAAAGTCTGG-1",2
"CCTATGGCTCCTAGTG-1",2
"CGTCGCTTGGTTATAC-1",2
"TGCTTAGAGAGAATGC-1",2
"GATTGCTCCAGTTGCA-1",2
"CGTGCTTCTACCTAAA-1",2
"ACTCCAATATCATCAT-1",2
"GCCGACCCACGACTGC-1",2
"GAGGGTAGTAACAAAG-1",2
"GGCCGAGACTCTGGTG-1",2
"TATATAGGGCTTTACG-1",2
"TGCCGGATGTACGAGC-1",2
"AGGTAGATCGAGATAT-1",2
"GATCAACATAAAGGGA-1",2
"TAACAGCGTTTGTGCT-1",2
"CTATAGGCGTTGATGT-1",2
"GGTTTAATTACCATCG-1",2
"CTCTTCTGGAAGTTAG-1",2
"ATCTGACATGGAAGGA-1",2
"TACGTACTAGTGCTGA-1",2
"ATGACTATCAGCTGTG-1",2
"CTTTGGGATTGTTGCA-1",2
"AGACTGTTACCGGGTC-1",2
"TCCTAACCGTCGGGCA-1",2
"ACGCAAACTAATAGAT-1",2
"AAGTGAGTCGGGTTTA-1",2
"TAAAGCGGTATTTCCA-1",2
"CTCCTCCAGCTCACAC-1",2
"CGGTCCGTCGCAAGCC-1",2
"CCTATATTTGTCCTGG-1",2
"TCCAATAAAGGCTACC-1",3
"AAAGGCTACGGACCAT-1",3
"CGTGACCAGTCCTCTG-1",3
"GATCTGCTATCTAAGG-1",3
"CGAATGACGCATAATG-1",3
"GCTCAATGTAATACCG-1",3
"CTATGCCCGAATGCAA-1",3
"CACAGGGCCGTTGTCA-1",3
"TCAATACGCCGTCATG-1",3
"AGCGGACACTTCGTAG-1",3
"ATACGTTATGCACGGA-1",3
"GAGTAGATACTAGTTG-1",3
"CCAGCTCGAACGCATT-1",3
"TGCTTCCCAAGCAGTA-1",3
"GTAGACACGCCTGACT-1",3
"CTCACATTTACTAAAT-1",3
"GAATGCGAATCGGTTC-1",3
"TAAGGCCCGTCACCCT-1",3
"GAGTATGCGCGTGCAT-1",3
"ATCCACATCGACAGAA-1",3
"TAGACGAAACGCCAAT-1",3
"CAGCAGTCTGTGCTGC-1",3
"CTCACTGTGATACTTA-1",3
"TTAATTGCTTTGGGTG-1",3
"GTAGTCTACGATATTG-1",4
"TTGCCGCTTTCTAGTA-1",3
"GAACCTTTAACGATCC-1",4
"TGGACCAATCTAAGAT-1",3
"CTAGTAGAAAGGGATT-1",4
"AACCTCGCTTTAGCCC-1",3
"GAGTGTCAACCAGAAA-1",4
"GTGATCCTTGTCATGA-1",4
"CTCAACTAACCCGGAT-1",4
"AGTGGCGTCTGAAGGT-1",4
"GGGAAGGGCTTTCTCA-1",4
"AGGCCTGAGAATCTCG-1",4
"AGCCACAGGTTACCCG-1",4
"TGCAATCTAACACGGT-1",4
"GTTTGGGTTTCGCCCG-1",4
"CCTATGTCCACTCCAC-1",4
"CTGCCTTTCTAGTAAA-1",4
"TTAGTAAACCTGCTCT-1",4
"TTGTGGTGGTACTAAG-1",4
"CCTCCTGTTGTGTCGT-1",4
"ACAAAGCATGACCTAG-1",4
"ATAGCAACTAGGGAAG-1",4
"CCGCTCTTCCGAACTA-1",4
"TAGAATAGCCGATGAA-1",4
"GGTCTCCGTCCAGGTT-1",4
"TAATTACGTCAGTAGA-1",4
"TACGTAAAGCGGAGTG-1",4
"GCTACAATCGAGGATA-1",4
"TCAGCCAATCCGTAAA-1",4
"ATCATAGCCCTATGTA-1",4
"GAGGCCTGTTGATACA-1",4
"ATATACGCTCGTGACG-1",4
"CCCTTTAATGGAGTTC-1",4
"TTACACGATCTGCGAC-1",4
"TCGCATAAAGGGCGCA-1",4
"TGTAGCCATCCCATTC-1",3
"GGGTCTATCGCTTTCC-1",4
"GGAGGGTCAAGTAAGA-1",3
"TACGGCATGGACGCTA-1",3
"CACGTCAATCAATGGA-1",3
"CGCTTGGACGGATAGA-1",3
"CGCGGTACGGTATACA-1",3
"TATCTGAGCCGATATT-1",2
"AATGTATGGCACTGTA-1",2
"GCCTTTGTCAGTGGAC-1",2
"AACCATAGGGTTGAAC-1",2
"AAACTTAATTGCACGC-1",2
"TAGGCGGCTGCAAAGA-1",2
"TCCATCAATACTAATC-1",2
"ACCTCGAACTTATGCT-1",2
"ACAAACCATGCGTCCT-1",2
"ACACCGGTCTGACCGC-1",2
"ATGGCAGCATTACGAT-1",2
"CTGGTGAATGGGCCTA-1",2
"CACAGAGACGAGGACG-1",2
"GCACAAACCCTAGATG-1",2
"ACTATGTCCAGCTGCC-1",2
"AAGCCGCCGTGAAATC-1",2
"ATGGGTGTATACCTCC-1",2
"TAAGCGCGAATCAAAT-1",2
"AGCCCGGCATTAGAGG-1",2
"GTGATCAAGCGTGCAC-1",2
"CTGCCTTTAATACCTT-1",2
"TACCTCCACACCAATG-1",2
"GAGCATCAACAACTTG-1",2
"CATACGAACTAGCTGG-1",2
"GGGAACGGTTTCAGAT-1",2
"AGGGTGCCGTTCTTTA-1",2
"ACGACTGGTCATACTC-1",2
"GGATCTTACTGCCCTT-1",2
"TACTCCTCTAGTTGAC-1",2
"GTAGCTCCGGGAGGCT-1",2
"GGACTCGTGAGTGGTC-1",2
"GTAGTTCGAAGGCGAA-1",2
"CTCAAACCACTGCCCG-1",2
"GAGGGAGTCAGATCGC-1",2
"GCGTCCCTAAGACATA-1",2
"TCTCTTACCGCGAACC-1",2
"GGCTACTATACACTCC-1",2
"CGTTGCCCGCGTGGGA-1",2
"TATAGAGTCGCTTGAA-1",2
"ATGTTGTAGTCTGTTT-1",2
"AGTATACACAGCGACA-1",2
"TGTGGTTGCTAAAGCT-1",2
"TGATTCCCGGTTACCT-1",2
"CACTGACGATTGTGGA-1",2
"AACATTGTGACTCGAG-1",2
"GTCCAATATTTAGCCT-1",2
"GCTCTTTCCGCTAGTG-1",3
"GGGTCAGGAGCTAGAT-1",3
"AGGTGGTGACCTTCGC-1",3
"CCCGGGTCGTTCAGGG-1",3
"AGCCAAGCTTTGTGTC-1",3
"TGTGGCGGGCTTCTGG-1",3
"CGAGGGTATCCAGGTG-1",3
"CGTTCAGACCCGCGAA-1",3
"TCATATGAGCTTTGTT-1",3
"AGTTGACGGTCCTTGC-1",3
"ATAATTAGCTAAGTAG-1",3
"GGTCTTGAGCGCTCTT-1",3
"CGTTGTCGGCAATTGA-1",3
"TCTTGCTCCCGATACT-1",3
"AGCAGAAGGAGAAAGA-1",3
"GAAGCCACTGATTATG-1",3
"TGCTCTTGAGAGTTTG-1",3
"GACATCCGTCGAACTG-1",4
"AGATATAATACGACTA-1",3
"TCGCTACTGGCTTTGA-1",4
"GTGACAGCTTCCCACT-1",4
"GTGACGCAGGTTTCAT-1",4
"GGGAAGACGGTCTGTC-1",4
"CGTCGCATGTGAGCCA-1",4
"AGAAGGTTGTAGGTCG-1",4
"GGCCGGCGTCTGCTAT-1",4
"TTGACCAGGAACAACT-1",4
"AGTCGTATAAAGCAGA-1",4
"GGCGTAGGGAAAGCTG-1",4
"AAACCTAAGCAGCCGG-1",4
"ATTGCCTTTATGTTTG-1",4
"CAGGCAGTCTTACCAG-1",4
"AGCTAAGTACGCAGGC-1",4
"AAATCCGATACACGCC-1",4
"CGAGAGCTTTCACTAC-1",4
"CGCCCAGCGTTTCACG-1",4
"TTAAGTATTGTTATCC-1",4
"AAACGGGCGTACGGGT-1",4
"GTATCCTTTGGTAACC-1",4
"CATAGTCAAATACATA-1",4
"TCTATGCTATAACGAC-1",4
"ACGTTCTGTACAAGTC-1",4
"CGCGAAGTGGCATACT-1",4
"ACCAACCGCACTCCAC-1",4
"GTCATGCGCGAGGGCT-1",4
"TAGGCTAAAGTGGCAC-1",4
"TGGCTACACTCTACCT-1",4
"TGTCCACGGCTCAACT-1",4
"AATTGCAGCAATCGAC-1",4
"GTCAACCAGGCCTATA-1",4
"ATCTTATCGCACACCC-1",4
"GTCTATTGCATGCTCG-1",4
"GCACGTGGTTTACTTA-1",4
"ATTCGCGCCTTGAGAG-1",4
"AGCGATGCGCCTAATA-1",4
"TCTATAGGTGGGTAAT-1",4
"AGATACCAATAGAACC-1",4
"CGTGTATGGGAGCTGA-1",4
"ATGTACATGCGGTGAG-1",4
"TTGGCTCAATATGTGT-1",4
"GTTCGGAGCACTCAAC-1",4
"TCCCTCTTCTCAAGGG-1",4
"TTACGTATCTATGACA-1",3
"CCCATATAGGTCGATT-1",3
"TGTACCCGACCCTAAT-1",2
"AGGTTCTCCTTTCCGG-1",2
"AATTGCGTGGATTACA-1",2
"CGATAGCGATACAGTG-1",2
"CGCCCTAATTGTTCAA-1",2
"ATTATGAGACCCAATT-1",2
"CCTCCTAGCTAGAGTC-1",2
"CGAAGGGTTTCAGATT-1",2
"CACAAGCTAAGAAAGG-1",2
"CACCGGTAGAGACATT-1",2
"ACTCATGGCAGCCTTC-1",2
"CATCCAATATAGTTTG-1",2
"CAGATATGAAGATGAC-1",2
"GCAAAGGGCGTTAGCC-1",2
"CTGTTGTTCAGTCGTA-1",2
"AAAGGCCCTATAATAC-1",2
"AACATTGAAGTTGATC-1",2
"GCTAGCGATAGGTCTT-1",2
"ATTGCCTATTAGACCG-1",2
"GGGCGTTTACATTCAT-1",2
"CCTCTACAAGGATTGG-1",2
"AGTGACTGTGACACAA-1",2
"AGCCCTCCCTGGTGGC-1",2
"CGGTTGAGTATCCTTC-1",2
"CATTATCCCATTAACG-1",2
"AATGTGCTAATCTGAG-1",2
"CTTAGTTGAGGAATCG-1",2
"CTTCTGGGCGTACCTA-1",2
"AGTCAAATGATGTGAT-1",2
"TGAACAAGCAGGGACT-1",2
"AATACCGGAGGGCTGT-1",2
"GTTTGGTGATCGGTGC-1",2
"GACTGCTGGTGAGAAA-1",2
"CGATCCTCGCAACATA-1",2
"CCAACCTTATGTAACT-1",2
"CGTGGTACCCAAAGGC-1",2
"AACCCGACAACCCGTG-1",2
"TATGTAAAGTGCTTAA-1",2
"GCAAGTGTAAAGCATG-1",2
"GTAACTGCCCAAGGAG-1",2
"GGTGCATAAATGATTA-1",2
"TAGTCCCGGAGACCAC-1",2
"CGGCCAGAGCGACCAT-1",2
"TGAATGAGTGTTTCCC-1",2
"TTCACTTCCTAGAACG-1",2
"CGCTTAGTATTGATAC-1",2
"AACGCGACCTTGGGCG-1",2
"GTGCACCAGCTTCAAC-1",2
"TTCTATTAAACGCAGC-1",2
"TGGCAAGCACAAGTCG-1",2
"ATCTGCTGTTATCGCC-1",2
"AATTCCAAGCATGTAC-1",3
"AAACGGTTGCGAACTG-1",2
"GAAGGAGTCGAGTGCG-1",3
"GGCAAGCCCATAGTGG-1",3
"TGACCAAATCTTAAAC-1",3
"TTCGGTACTGTAGAGG-1",3
"ATGTACGATGACGTCG-1",3
"ATCTAGCTTGTGAGGG-1",3
"AGCGGGTCTGACACTC-1",3
"GAGGTACGCGTGTCCC-1",4
"GCACTGCCTACCTTTA-1",4
"GGAGCGAGGCCTACTT-1",4
"AAACTCGGTTCGCAAT-1",4
"GGCGCTTCATTCCCTG-1",4
"TGCTCGGTGGGTCACC-1",4
"AAGCGCAGGGCTTTGA-1",4
"GACCTTCCACGTCTAC-1",4
"GTTAGCCCATGACATC-1",4
"AATTCGATTCGAGGAT-1",4
"AGTCTTTAAAGTGTCC-1",4
"GACTAGGCCGTTAGGT-1",4
"TCCAAGCCTAGACACA-1",4
"GATTGGGAAAGGTTGT-1",4
"GATGAGGAACCTTCGG-1",4
"TGAATACCGACGCGTA-1",4
"AATCGTGAGCCGAGCA-1",4
"GCGAAGAATCTGACGG-1",4
"GAACAACTGGGATGAA-1",4
"TCGCCGACATATTCGC-1",4
"CGTAGAGAGTAATTAT-1",4
"CGATAGTCGTACTGCA-1",4
"CGCATGCCGAATGCGT-1",4
"CTCTAGCCCTCGGAAA-1",4
"TCCAACTCAGCTATCT-1",4
"GTCTAGTGAGCCGCTT-1",4
"TACCGAATAATTGTAA-1",4
"ATATAACACGGGCGCA-1",4
"GCATGCTAATAACGAT-1",4
"TCCGGGCTTGACGGGA-1",4
"ATTATTCAGAGTCACT-1",4
"TAGCAGTATGACTAAA-1",4
"TATGAAGAATTAAGGT-1",4
"CAAGGCCAGTGGTGCA-1",4
"TGCGTACGGCTAATTG-1",4
"CAGATAATGGGCGGGT-1",4
"GAGAACGGTTCTGACT-1",4
"CGCTTCGGTCTAAGAC-1",4
"AGCATTACGAGGCAAG-1",4
"AAGTTGTGATGTTATA-1",4
"TTGCTCATAGTACGTG-1",4
"TACTTAAACATGTACA-1",4
"AGTGAGTCGAATTAAC-1",4
"TAGGCCTATATAGTCT-1",4
"ACTCGCCGTTCGATAA-1",4
"GGTACGTTGCGGCCGG-1",4
"TATTGCCGGGCTTGTA-1",4
"GGTAAACTCTGCGCTG-1",4
"TCCCTTGTCTGAAACT-1",4
"CATGATCGCTTTGAGA-1",4
"GGACGGGCGACCAACC-1",4
"GAGAGGCCTATGTGTA-1",4
"GGGCCATTCGTGCTGG-1",2
"GAGTTGTCACCAGTCT-1",2
"AGTAATTTGCAAGCGT-1",2
"GTGGCCGGTTTCTCGG-1",2
"ATCTTAGGGCATTAAT-1",2
"CTACATATCGCGGGAC-1",2
"ATGGTATTTACTGATT-1",2
"CCGTCAACCTCTGGCG-1",2
"GCTTCGACGTTCAATC-1",2
"GACCGATTAAATATGT-1",2
"GTCGAATTTGGGCGCT-1",2
"TCACGGCCCAAGAGAG-1",2
"CTACGATCCTATCCTA-1",2
"TGCAGTGGTAGGGAAC-1",2
"TTGCCTAATCCAAAGT-1",2
"AGCGAGACGTGAAGGC-1",2
"TTCTACCTCAATCGGT-1",2
"TACGCTGCTGTGTTAA-1",2
"TAGTCCTGCACTAAGC-1",2
"AGCACACGTTTAGACT-1",2
"GTTCGACAATTGTATA-1",2
"CCATGTTCATCTATAT-1",2
"CCCTCGATAATACACA-1",2
"ACTGCCCGCCATTCTC-1",2
"CTATATCCAGCCTGGC-1",2
"CGCACGTCTGTTTATG-1",2
"AATCAGGTTTCATTTA-1",2
"AGAGAAACACCAGAAA-1",2
"ACCCGATTGGTTCCGA-1",2
"TACCAGGAATCCCGTC-1",2
"AAGTGCTTCTCTATTG-1",2
"TGCATGTGACCCATAG-1",2
"TAGATTCAAAGTGCGG-1",2
"AGGGTCAGAGCACTCG-1",2
"GTGAGATAACCTTATA-1",2
"GTGTCAGTGTACGTGG-1",2
"CTGTAGTGAGGATCGA-1",2
"GATAGTGCGAGTAAGT-1",2
"AGGGTTCAGACGGTCC-1",2
"GGACTCGACAGCGCAT-1",2
"CACTCTCAAGCATCGA-1",2
"GAGCGGAATGCGGTGT-1",2
"CAGTTCGAGGACCCGA-1",2
"CGTAACTTCGACACTT-1",2
"TGATCACCACACTGAC-1",2
"CATACTTCTTTCTCCG-1",2
"CAAGTAAGTGATAGAC-1",2
"AGCCCGCAACAAGCAG-1",2
"GCTCCATGCAAAGCAA-1",2
"TCGTACCGACGTCAAG-1",2
"ATTATCGGAATGTACG-1",2
"ACCTACTATAAATCTA-1",2
"TATCCTATCAACTGGT-1",2
"GCGCGGTCTAGTAACT-1",2
"CCTTCGTATAGAATCC-1",2
"TGGGCGATACAATAAG-1",3
"TGACATGTAACGTGAC-1",3
"TTGGGAAGACGAGCCG-1",3
"GGTGTAAATCGATTGT-1",4
"GAACTGTGGAGAGACA-1",4
"TCCACATCGTATATTG-1",4
"CCTATGGTCAAAGCTG-1",4
"TCCTTGTCCTTTAATT-1",4
"AAGTTTATGGGCCCAA-1",4
"GTCCGGGTTCACATTA-1",4
"ATGTAGCGCGCGTAGG-1",4
"TACGGAAGCCAAACCA-1",4
"GCCCTGAGGATGGGCT-1",4
"CGGGCGATGGATCACG-1",4
"TGCGGACTTGACTCCG-1",4
"TAATACTAGAACAGAC-1",4
"TCAAATTGTTGTGCCG-1",4
"GGGCAGTCAACGCCAA-1",4
"TCGCTGCCAATGCTGT-1",4
"TACGTGGGCCCAGGGC-1",4
"GCCTACGTTCTGTGCA-1",4
"TTGCGTGTGTAGGCAT-1",4
"TCCTAAAGATTCAGAC-1",4
"TGGGTGCACAAGCCAT-1",4
"GGGAGCGACCGTAGTG-1",4
"CATAGAGGAGATACTA-1",4
"CTTCGATTGCGCAAGC-1",4
"GTGCCTGAGACCAAAC-1",4
"TCATCCTCAGCTGCTT-1",4
"TGCAACTACTGGTTGA-1",4
"ATGTTGATTAGAGACT-1",4
"GTTTCTAGAGGCGCGG-1",4
"TACAAGGGCTTCTTTA-1",4
"ACAGGCACGGATCCTT-1",4
"CCCAAGTCATTACACT-1",4
"ACTCTGACCTAATAGA-1",4
"GGATGGCTTGAAGTAT-1",4
"ACCCTCCCGTCAGGGC-1",4
"AGCTTCTTCTCGAGCA-1",4
"TTGCGCTTGATCAATA-1",4
"TGGGTGTAATAGATTT-1",4
"CATGGTTTATTAATCA-1",4
"TTGCCTTCTCGCCGGG-1",4
"TTAAAGTAAGTCGCCA-1",4
"AGTTGGCAAGGCTAGA-1",4
"CCGCACTTGCAATGAC-1",4
"AATGTTGTCGTGAGAC-1",4
"CCAAGGTTGCCCTTTC-1",4
"TGTGACTAGAGTTTGC-1",4
"TTGTGATCTGTTCAGT-1",4
"GGAGTTGATTCTGTGT-1",4
"GTAGTGAGCAACCTCA-1",4
"AAGACATACGTGGTTT-1",4
"CATCCCGAGATTCATA-1",4
"GGCCGCAGGAACCGCA-1",4
"CCAGAAACTGATGCGA-1",4
"ACCCGTAGTCTAGTTG-1",4
"TAATTGCGCTGATTAC-1",2
"TCGCGCGTTTACATGA-1",2
"TAACTGAAATACGCCT-1",2
"CCTGTCGTGTATGAAG-1",2
"CGGGAACGCCCTGCAT-1",2
"AGTTGCGGTCCTCAAC-1",2
"GGGTCCTTGGAAGAAG-1",2
"CGGGAAGTACCGTGGC-1",2
"ACGGTCACCGAGAACA-1",2
"TAGACTCAGTTGGCCT-1",2
"CCTTCCGCAACGCTGC-1",2
"CAGTGTTAATCTCTCA-1",2
"CAGGCCAGTACCACCT-1",2
"GATCGCTGTGGTGCGT-1",2
"GTATCTCGGGCGCTTT-1",2
"CCGGGCTAAGAATTTC-1",2
"CTTCACGCCCTGGTAC-1",2
"CGGATGAATGCTGTGA-1",2
"CTCTGCAGGCATTCTT-1",2
"TCAAAGTCACGGCGTC-1",2
"TGGGTTTCGGGCGTAC-1",2
"TGCTATGGCAAAGGGA-1",2
"CGTAAAGCAAGAAATC-1",2
"ACGTACTTTGGCACGG-1",2
"CCTGAGAATAAATGCA-1",2
"TTGATGCCGCTCGTCG-1",2
"GCCAGGAAAGAACACT-1",2
"TCCGACCGCTAATCAA-1",2
"TATATCAAAGTGATCT-1",2
"CCTCGGTTTCCTTGCC-1",2
"TAAATTTAGTAACACC-1",2
"CTCGTTACGGCTACCA-1",2
"GCCGTCGGTTTCGGGC-1",2
"GTTCCGTCCGCCTGCA-1",2
"CTAGGGATAGGGACAA-1",2
"GTCCAGGCACGTGTGC-1",2
"GAGGAATATCTCTTTG-1",2
"CGTTCAAGGAAACGGA-1",2
"GTGGGAACAAACCGGG-1",2
"GGGCACGTAGTACTGT-1",2
"ACTACAAAGAGAGGTG-1",2
"GGTGTAGGTAAGTAAA-1",2
"CCTGTTCAACCTCGGG-1",2
"TGAGGTGTGTGGCGGA-1",2
"ATTGTCTGTTTCATGT-1",2
"GCCGGTCGTATCTCTC-1",2
"ATATGGGATAGCAACT-1",2
"GATAGAACCCGCTAGG-1",2
"ATCCCATTTCCGTGGG-1",2
"GATGCTACCTTCGATG-1",2
"TGCAAAGTTCGTCTGT-1",2
"GTTCAGTCGCCAAATG-1",2
"GTCTCCGCCTCAATAC-1",2
"AGTAGAAGGCGCCTCA-1",2
"GTTGTAGATTTATGAG-1",2
"CTATTTGCTTGGAGGA-1",2
"AGCCATATAGTATGTG-1",2
"TGTTCCGGCCTGAGCT-1",2
"TGCCGTGGGACCCAAT-1",2
"TTGCAAGAAGACTCCT-1",4
"CCGCTCCAGGGCGATC-1",4
"CAAACCCTCCGGCGGG-1",4
"CGGACCTTTACGTCCC-1",4
"ACGTAGGAGAGTCGCT-1",4
"CTGCGACCTCGCCGAA-1",4
"GGCCCAGCTGGTTTGC-1",4
"GGATTAATCATGGACC-1",4
"GAGATGGCTTTAATCA-1",4
"AGTACAGAAGCTTATA-1",4
"GCGGCTTTAGCAAGTT-1",4
"ACCGAGTCTCCTTATT-1",4
"GACCACACTTCCCTTT-1",4
"TGTAGCCAATTCCGTT-1",4
"CTCGTCTGTGCCTTCG-1",4
"GGACTCTTTGACTAAG-1",4
"TACTACGTGCAATGCG-1",4
"CCCTACTTGAACAATG-1",4
"GCAGCTGTCAACGCAT-1",4
"ATCTACCATCTGCTCC-1",4
"TCTCAAATCAATCGGG-1",4
"ACTCCGGCCGACCACT-1",4
"TACACCTCTTCGAATC-1",4
"GTGGCTGTTTCTGTTC-1",4
"ACGACTCTAGGGCCGA-1",4
"TCGTTTACGCGACCCT-1",4
"AGGATATCCGACTGCA-1",4
"GACACTTCCAATTACC-1",4
"ACGGTACAGTTCAATG-1",4
"CTTGATGACCATCCAG-1",4
"CTGGTAAAGACTTACA-1",4
"CTTGCCCACCCACGCA-1",4
"CATTACGCAGGAAGGG-1",4
"GGACAACCATGAAGCC-1",4
"GTTATCAAGCTATCGA-1",4
"AGGTGCACGTCCACAT-1",4
"AAAGAATGTGGACTAA-1",4
"ACCAAGTCATCGGCAG-1",4
"AGTAACTATAGCAGCC-1",4
"GGGAAAGAATGCCAAC-1",4
"AATCGGTATAGCCCTC-1",4
"GGCACTGCGGTGGTTT-1",4
"CGTCCTCATCGCGTGC-1",4
"CTTAACTTACAGTATA-1",4
"GTGAGTCGACTAATAG-1",4
"TGTACTTCCGGGCATG-1",4
"CACAAACCGCAGAACT-1",4
"GCTTTACACAACTGGG-1",4
"CACCGATGATGGGTAC-1",4
"TCAATATACAGGAGGC-1",4
"TATAGTTAGGTGTACT-1",2
"TTCTCAATTGCTACAA-1",2
"GACATTTCGCCCAGCC-1",2
"CCAGTGTACAGACCGA-1",2
"CGAACCTCTTTCCTAG-1",2
"CCAAATCAAAGGGCAA-1",2
"GACGATATCACTGGGT-1",2
"TAGTCTGCGGCACATT-1",2
"TTCAGTTCAAGAGGAG-1",2
"GAGAGTCTCGGGAGAG-1",2
"GCACAGCACGGGCCGA-1",2
"AAACAGTGTTCCTGGG-1",2
"TGGAGAATAATCGTCC-1",2
"CGCCGCGTTCTGAACG-1",2
"CATGCGTTGAGAGGAG-1",2
"TACGCTCCTAGAACTG-1",2
"CCTTGTGAACGTGGTT-1",2
"TTAAAGGCGATGCTCG-1",2
"TAAAGTGCACGTCTCG-1",2
"TGTCCGCAAACAATTC-1",2
"AGGCCTATCATACCAA-1",2
"ACTGGGATGCCAGTGC-1",2
"CGATCCACCATTGTTG-1",2
"GGGCATGCATGTCGAG-1",2
"TCCAGGCAGGACGATC-1",2
"CAATGACCCTTAATTT-1",2
"ATCAAGATCCCAGGAC-1",2
"CTCAGAGCTAATGTCG-1",2
"CTGCGATTTCGAGATT-1",2
"ATGGTATTGGGAACCG-1",2
"TAGGTTCTGCTGAGAA-1",2
"GCCTGTCCCGGTGCAT-1",2
"GGCCTGCTCTGATGTT-1",2
"TAGAGGGAGTTTATCT-1",2
"CTCTACATCCTGCGTG-1",2
"ACACATTTCCGTAGAC-1",2
"TGGGTGTTAAGTAGAA-1",3
"GAGCTCAACATGAGCG-1",2
"GCACACAGCTATTACC-1",3
"GCGACGGTAGTCTCCT-1",2
"GTATCAAGGTACTTCC-1",4
"GGAAAGGGAATTGAGC-1",4
"TACACAGCCGTGGTGC-1",4
"CGGTTGGGCAGGGTCC-1",4
"GCACGCCGATTCCCGC-1",4
"CGCTTTCCGCCAAGGT-1",4
"TGCCCGATAGTTAGAA-1",4
"TCAGAACGGCGGTAAT-1",4
"CCACTCAGATCCGCAA-1",4
"GAAGGGTCATTAAGAC-1",4
"GCGGTCTTGCTTTCAC-1",4
"GGAAGGACACCGTATA-1",4
"CGCGGGAATTCCTTTC-1",4
"TCTATCCGATTGCACA-1",4
"TACTCGTTTGAATCAA-1",4
"GTCTGCCGACTCGACG-1",4
"TACGGGTAATAACATA-1",4
"CCAGTTCGGTAACTCA-1",4
"CGTGCACACCACTGTA-1",4
"CTTCAGTTGGACAACG-1",4
"TGATCTATCACACTCT-1",4
"TAGCAGATACTTAGGG-1",4
"CACCGGGCATCACAAG-1",4
"AGTGGCCCGCAAATGG-1",4
"CTCGCTAGGTAAGCGA-1",4
"GATAGATAGTACAGTC-1",4
"CGAGACTACTGCTGCT-1",4
"ACATTTGAAACCTAAC-1",4
"GACACAGCCGGGACTG-1",4
"ACGGAACACGAGTGCC-1",4
"ACGCCAGTGCGTTTGC-1",4
"GCACCTAGGCGAGTCC-1",4
"TCACTATCCCTTCGGT-1",4
"TGAGTGTAACAACGGG-1",4
"ATTGGTTGTGCATTAC-1",4
"CTGGCGATTTACATGT-1",4
"TCCACCAAGACATAGG-1",4
"AACGTCGCTGCACTTC-1",4
"GTCTCCCGAGTCCCGT-1",4
"AGCCCGCACTACAATG-1",4
"GGCACGCTGCTACAGT-1",4
"GCTTGAGTGACCTCTG-1",4
"ATAGCCATAACAGTCA-1",4
"TAGGAGGCTCGAGAAC-1",4
"GTCGGGTGAAGTACCG-1",4
"CACCCGCGTTTGACAC-1",4
"TCTCAGGCTACTCGCT-1",4
"TAGATTCTCTAGCAAA-1",4
"TGGTGCCCTGCCTTAC-1",2
"GGTAGGCCAATATCAC-1",2
"GACTCTAGAGTTCCAA-1",2
"ACTTGTTACCGGATCA-1",2
"GGCATTGAACATCTCA-1",2
"AACCCGCTGTATTCCA-1",2
"TAACAGGTTCCCTTAG-1",2
"GTTCTTGTAACTCAAT-1",2
"GATTCTGTTAATGAGT-1",2
"GGACACCTCGGTGTTG-1",2
"CGATCGAGAAGCACCA-1",2
"CTGCTCTGACGGCAAA-1",2
"CCCAGGAAGAATTCGA-1",2
"TGTCGTGGGTATAGGC-1",2
"ATATGTCTAGAGCGTG-1",2
"GCGGGCAGACGGGTGA-1",2
"CGAAGATCAGTTTCAT-1",2
"ACGCCACTCGAAACAG-1",2
"CTTAGATGTTTCATCC-1",2
"GCGAATGGACTAGCGA-1",2
"TAAATTGTGGGTAAAG-1",2
"ATTTATACTGGTAAAG-1",2
"GCGTCGTAACATGGTC-1",2
"CGGTATGGGCACTCTG-1",2
"CTATCACAACGCTGGA-1",4
"ACCACACGGTTGATGG-1",2
"TCAGCGCACGCCGTTT-1",2
"CTTACATAGATTTCTT-1",4
"AGCAGTCGAAGCATGC-1",4
"TTGGCCAAATTGTATC-1",4
"TCAGAGGACGCGTTAG-1",4
"AGTAATCTAAGGGTGG-1",4
"CCCTACCCACACCCAG-1",4
"TCGCCTCCTTCGGCTC-1",4
"GACTTCAACGCATCAA-1",4
"GCTTCCCGTAAGCTCC-1",2
"AGAACTGTACTTTGTA-1",4
"CCTTAAGTACGCAATT-1",4
"GGCCAATTGTATAGAC-1",4
"AGAATACAGGCTATCC-1",4
"AATACCTGATGTGAAC-1",4
"TAGAGTGTTCCGGGTA-1",4
"GCTTCCATGTAACCGC-1",4
"GGTTCGCATTTGCCGT-1",4
"TCAATCCGGGAAGTTT-1",4
"CCGGAAGTGCAATATG-1",4
"CTCATAAATGTGTATA-1",4
"GACGGGCATCGAATTT-1",4
"GCTAAGCCCAGTATGC-1",4
"GCTATAAGGGCCAGGA-1",4
"GCGGATTACTTGTTCT-1",4
"TACAACAGCGCATACA-1",4
"TCTAACCTAGCCTGCG-1",4
"TCTACCCGCATCATTT-1",4
"GTCTTACCACGCCAAG-1",4
"AATAACGTCGCGCCCA-1",4
"CGTTTCGGTTATATGC-1",4
"TACGCTGCACGGTCGT-1",4
"CGTTAAATACGACCAG-1",4
"TCGACTGACGATGGCT-1",4
"TTGCGCACAACCACGT-1",3
"CTGGGCTACTGGAGAG-1",4
"ATTCGTTTATCGTATT-1",4
"AGTTATTCAGACTGTG-1",4
"CGCAGTTCTATCTTTC-1",4
"GACAGGTAATCCGTGT-1",4
